training_step,curriculum_phase,success,termination,return,time_seconds,path_rmse_m,path_p95_m,endpoint_distance_m,heading_rmse_deg,challenge_clear_fraction
801049,1,True,success,174.19406261462885,11.900000000692671,0.11063889500423928,0.23548954913644354,0.08751639829347983,5.83455304452999,0.7777777777777778
801153,1,True,success,261.9929121611696,10.40000000060536,0.009732284723496224,0.020134297014484204,0.08499090903253914,0.7420933491304423,1.0
801288,1,False,goal_missed,-104.16088967888032,13.500000000785803,0.14368323389167684,0.3145025870056299,0.40817461812056066,4.923534921368944,1.0
801388,1,True,success,249.2511550727817,10.000000000582077,0.027171262214367102,0.038751836783888126,0.09122398280765963,0.5971849985555235,0.8888888888888888
801532,1,False,goal_missed,-138.83811152723547,14.40000000083819,0.17815378478901167,0.4213925827124424,0.5071252778358244,12.209845140376249,1.0
801641,1,False,off_path,-176.71801151223457,10.900000000634464,0.44603013781399753,1.0763359908298602,1.125858072096827,19.11954489771279,1.0
801802,1,False,goal_missed,-215.08388468660667,16.100000000937143,0.23593064520762538,0.3905513769201907,0.3269062205633633,19.22623566044662,1.0
801927,1,False,goal_missed,-68.3542830441007,12.500000000727596,0.13471001851157605,0.2608811800352268,0.3427084688846011,1.5849705391649391,0.8888888888888888
802065,1,False,goal_missed,-165.29206271287367,13.800000000803266,0.24275274471663824,0.4299528314428795,0.49137882639678726,5.54653965206152,1.0
802190,1,False,goal_missed,-66.30310776666374,12.500000000727596,0.1374228729782729,0.2969252993794276,0.3870895851299461,3.1258948980254395,0.8888888888888888
802332,1,False,goal_missed,-176.24218339892195,14.200000000826549,0.25623931311623205,0.5656177433764162,0.6340995381496091,10.66664206384151,1.0
802433,1,True,success,260.32573079522996,10.100000000587897,0.022899582466259383,0.05092862256168396,0.090319662980286,1.2953896829018083,1.0
802547,1,True,success,217.172483857715,11.400000000663567,0.04271092676205703,0.10788236437543826,0.08635223181002344,3.775170722470233,1.0
802649,1,True,success,259.04338649456486,10.200000000593718,0.024935921490644226,0.06251466499442045,0.08897093291012258,1.1348062029492676,1.0
802763,1,True,success,213.85518420261744,11.400000000663567,0.04329480140559165,0.09134736796778536,0.09740658282742222,4.244821145045418,1.0
802875,1,False,off_path,-187.30684619192445,11.200000000651926,0.4532971720064745,1.0471445895859017,1.1080387803621583,19.338582521351256,0.8888888888888888
802948,1,False,off_path,-220.29471647525196,7.300000000424916,0.5794370951195118,1.096390105024812,2.324221532545795,20.244766970337928,0.3333333333333333
803072,1,False,goal_missed,-52.24482519271913,12.400000000721775,0.10281273723364937,0.25331072461274917,0.33881100046505147,2.495169077635246,1.0
803186,1,True,success,209.31159935226611,11.400000000663567,0.039960388302588475,0.08740196683523589,0.0863003059877002,4.5383645801658465,1.0
803310,1,False,goal_missed,-62.7296654331376,12.400000000721775,0.1331126388355266,0.2949269547605854,0.3798943081072132,3.0372791667441743,1.0
803452,1,False,goal_missed,-98.48171117950389,14.200000000826549,0.10005240223626446,0.22552435186213182,0.3033629777538415,10.71177396553287,1.0
803570,1,False,off_path,-215.60898921805313,11.80000000068685,0.48284859027072907,1.0197204982372716,1.0553350041999687,18.3988190175517,0.8888888888888888
803732,1,False,goal_missed,-163.08250287898153,16.200000000942964,0.16817549397484324,0.2931436593720444,0.30216734043653487,16.23303526176616,1.0
803856,1,False,goal_missed,-63.65414900943816,12.400000000721775,0.12584240893530213,0.2709841010219963,0.35078316987496466,2.0261672720657873,0.7777777777777778
803988,1,False,goal_missed,-170.15405089571817,13.200000000768341,0.2643912105222066,0.45131976291355363,0.5245597764747746,5.005047930708241,0.8888888888888888
804111,1,False,goal_missed,-110.44917574189465,12.300000000715954,0.22903162611207484,0.42060859952819096,0.48375365515871316,3.8588763221788533,1.0
804247,1,False,goal_missed,-142.7461889555147,13.600000000791624,0.19778576480895824,0.3096144551642531,0.3590508034780603,4.968674241155725,0.8888888888888888
804372,1,False,goal_missed,-55.36079954479505,12.500000000727596,0.10954346983558673,0.2580854651898378,0.33707758106575003,1.5871946377340849,0.8888888888888888
804525,1,False,goal_missed,-167.29450719350226,15.300000000890577,0.17463738860920708,0.2426378634310562,0.31007565332275194,17.051563194004405,1.0
804630,1,True,success,256.53438669886464,10.50000000061118,0.05294630237668642,0.07988341835651308,0.09289857394525046,0.845141290947657,1.0
804769,1,False,goal_missed,-279.8683313400724,13.900000000809086,0.40001514090177664,0.7672591509689515,0.8236392296118175,11.144723469711408,1.0
804897,1,False,goal_missed,-54.39952037997852,12.800000000745058,0.10816507346302369,0.2667472159045325,0.3468290283748366,2.472715873783104,1.0
805047,1,False,goal_missed,-177.68320285633297,15.000000000873115,0.22511120568918436,0.37081432735591285,0.332654583699306,16.98574285990765,1.0
805171,1,False,goal_missed,-97.01469536391909,12.400000000721775,0.20205961322337937,0.34283961044990513,0.415201498992629,2.618072007551714,1.0
805288,1,True,success,209.5299067205887,11.70000000068103,0.05980231217153731,0.10312446769672177,0.0917527780819838,4.279295944104865,1.0
805411,1,False,goal_missed,-58.20625949686131,12.300000000715954,0.11443837341634266,0.262943790694861,0.3483294367231356,2.301954748185799,1.0
805549,1,False,goal_missed,-232.05499887066625,13.800000000803266,0.3497467661719013,0.674302777729905,0.7326636834494062,8.296323746861967,0.8888888888888888
805675,1,False,goal_missed,-76.77308215002871,12.600000000733417,0.16493916982628154,0.34735783337080206,0.41830672943455294,3.726187028308955,1.0
805812,1,False,goal_missed,-159.39044849504333,13.700000000797445,0.24111753198189428,0.47688029783227737,0.5547412942418917,7.8215723343045624,1.0
805925,1,False,off_path,-189.11035644323516,11.300000000657747,0.4537601200895871,1.0390814247602151,1.0794831917605172,18.699630081068545,0.7777777777777778
806065,1,False,goal_missed,-103.68235952671986,14.000000000814907,0.15413180144625963,0.3177856120517575,0.39984226293845027,3.6678781577052435,1.0
806193,1,False,goal_missed,-90.28645164543939,12.800000000745058,0.19688066848272542,0.3948266181453887,0.46623312949236057,4.610813574509475,0.8888888888888888
806330,1,False,goal_missed,-88.89108324713234,13.700000000797445,0.11020745485348449,0.255122891405888,0.35412399461725813,3.187114874486072,1.0
806461,1,False,goal_missed,-268.74547139506956,13.10000000076252,0.44485523255514015,0.8271122204350887,0.8947186377094142,12.007327335730695,1.0
806601,1,False,goal_missed,-144.41516578869346,14.000000000814907,0.21557504243122172,0.4318294655120363,0.5077662630903738,5.894261050502218,0.8888888888888888
806728,1,False,goal_missed,-50.77610996447935,12.700000000739237,0.09652053288649656,0.2493549664587287,0.33314151622487476,2.526515670440987,1.0
806864,1,False,goal_missed,-172.91031664755988,13.600000000791624,0.26855200269981355,0.4737854439358652,0.5354448905004028,5.4850866199162525,1.0
806990,1,False,goal_missed,-61.14723134474453,12.600000000733417,0.12681870165593043,0.2990896093941707,0.38212772947019913,3.8323327275519214,1.0
807132,1,False,off_path,-305.1950318204084,14.200000000826549,0.4841098512143676,1.0234114451266203,1.0833970790042395,21.48622879691688,0.8888888888888888
807257,1,False,goal_missed,-53.06660282791104,12.500000000727596,0.10757285542110415,0.2623118278764097,0.34403369798328054,2.3383441547126496,1.0
807380,1,True,success,193.23806943674956,12.300000000715954,0.09283230585150376,0.15678174238397055,0.09363651194806286,2.9995006442719894,1.0
807501,1,False,goal_missed,-63.345373939078975,12.100000000704313,0.13592935025060954,0.2937989332753334,0.391436805279582,3.6730960979240987,1.0
807636,1,False,goal_missed,-99.33326804547139,13.500000000785803,0.13102440093825093,0.294350604993791,0.3945195040545595,4.265722657893139,1.0
807758,1,False,goal_missed,-66.0601099676991,12.200000000710133,0.12904787663250547,0.2622075874376682,0.3417133246095569,1.7033112346940704,1.0
807873,1,True,success,215.43434326223235,11.500000000669388,0.025187362428367603,0.048800593980657524,0.08854698335118855,2.8345393947132664,1.0
807976,1,True,success,257.22865682989146,10.300000000599539,0.04354054489264694,0.06952550465266011,0.09241106379833458,0.7592116156283011,1.0
808114,1,False,goal_missed,-116.90211207673616,13.800000000803266,0.11971463866945539,0.2178846870176071,0.3283094355567653,9.525044808227536,0.8888888888888888
808222,1,False,off_path,-190.36981548682252,10.800000000628643,0.46352223323049035,1.109349785953656,1.18632323876561,17.680875577399735,1.0
808357,1,False,goal_missed,-124.37107202880051,13.500000000785803,0.18032306253765765,0.2932648632227927,0.385176506503418,3.3731623801246933,1.0
808459,1,True,success,260.67835050716917,10.200000000593718,0.011588911962375206,0.0259082074741008,0.09012693174828429,0.617116519990229,1.0
808597,1,False,goal_missed,-129.04182944691104,13.800000000803266,0.18942717198318954,0.3067971013645238,0.38256459164237283,3.2639131301558946,0.7777777777777778
808719,1,False,goal_missed,-98.85218594770976,12.200000000710133,0.21050854302393765,0.39387572995530656,0.47291806903004147,3.8953601576969783,1.0
808857,1,False,goal_missed,-244.03309743406598,13.800000000803266,0.3578606823818909,0.6092638962551393,0.6668164570645282,7.777795498962765,0.8888888888888888
808958,1,True,success,250.39186037046116,10.100000000587897,0.023781668521312225,0.05529159644285717,0.09170289986108462,1.1420295470979727,0.8888888888888888
809101,1,False,goal_missed,-111.28165094336036,14.30000000083237,0.1019608472296309,0.22768523605822816,0.30756331579424867,11.751400965351097,1.0
809221,1,False,goal_missed,-137.08693086267232,12.000000000698492,0.27424944202208684,0.48116132948380436,0.5398469475248447,5.330296364642786,0.8888888888888888
809355,1,False,goal_missed,-284.28054620605997,13.400000000779983,0.42202215079436767,0.8119381950986589,0.8702178164860898,10.898985144061289,1.0
809456,1,True,success,252.29778814926777,10.100000000587897,0.005762883486322981,0.011452132122260919,0.08531701399942838,0.4540483516248162,0.8888888888888888
809570,1,False,off_path,-228.10842989055345,11.400000000663567,0.45340372035473725,1.0703499980809652,1.1422182602783228,18.99536419729339,1.0
809669,1,True,success,251.52094604463045,9.900000000576256,0.015497971928334246,0.04202093955785574,0.08250013970579077,1.4178599944499108,0.8888888888888888
809869,1,False,timeout,-267.22267756537514,20.000000001164153,0.104178720594205,0.15524903745489788,0.2586142736403135,3.40052797031458,1.0
809968,1,True,success,235.72911211343603,9.900000000576256,0.04846051612436765,0.07765391561909203,0.08347584438839635,1.3083646913723666,0.7777777777777778
810112,1,False,goal_missed,-187.1982222582353,14.40000000083819,0.2221598694113568,0.3692607955486341,0.34237669930045894,16.24697016627332,0.8888888888888888
810215,1,True,success,258.44724727506707,10.300000000599539,0.02026334559364005,0.042394987953856975,0.0939783370888073,0.751931952549776,1.0
810344,1,False,goal_missed,-88.46885003426038,12.900000000750879,0.10553614658334842,0.22699794227035233,0.3288534102594987,3.931394164368556,1.0
810471,1,False,goal_missed,-61.30934110270434,12.700000000739237,0.1248273595602195,0.2798437344192685,0.36128871315532035,2.619012209329549,0.8888888888888888
810584,1,True,success,187.12480060883394,11.300000000657747,0.08234048220563196,0.11494480971123572,0.08756554335428535,5.3063606841067,0.8888888888888888
810704,1,False,goal_missed,-57.612475476572484,12.000000000698492,0.11714713026726424,0.2515184508621435,0.33456147873466896,1.3741153172380065,1.0
810830,1,False,goal_missed,-120.7296914328163,12.600000000733417,0.18324354776522978,0.3035980537441022,0.38144114147674724,5.809681048758229,1.0
810955,1,False,goal_missed,-142.69953105666258,12.500000000727596,0.28222296446642,0.5627077630142518,0.6245686459611188,8.085346742555123,1.0
811090,1,False,goal_missed,-121.07270526419043,13.500000000785803,0.18951612907144225,0.3737138308244549,0.4524923048201726,5.615525927345175,1.0
811213,1,False,goal_missed,-199.69008385326578,12.300000000715954,0.36431307315821887,0.706614593834769,0.7624003397694366,10.23098867543308,0.8888888888888888
811386,1,False,goal_missed,-488.6485072924477,17.300000001006993,0.5587225544723415,0.989460874510083,1.052119494525082,22.55220391516018,1.0
811509,1,False,goal_missed,-55.9311954490146,12.300000000715954,0.1093508737558556,0.26410587452786705,0.34635846681714294,2.1447225047943244,0.8888888888888888
811640,1,False,goal_missed,-326.7544118976555,13.10000000076252,0.46248806902001294,0.7646382040325431,0.8108926566303375,9.224110429564897,0.7777777777777778
811742,1,True,success,260.38322335966643,10.200000000593718,0.014632703219974666,0.03227783261047979,0.08645187242427489,0.6245182196628063,1.0
811875,1,False,goal_missed,-155.2645176481376,13.300000000774162,0.23605559587816263,0.3813184287311771,0.39176180883564543,6.203477742805235,1.0
811994,1,False,goal_missed,-49.206103050551164,11.900000000692671,0.08854730451134744,0.23499218013095424,0.33523749338138337,2.7663631820299486,1.0
812131,1,False,goal_missed,-124.75955327939599,13.700000000797445,0.14419007669352316,0.23971434256816432,0.3127646918060602,12.912810245048343,1.0
812236,1,True,success,255.70396466471735,10.50000000061118,0.05473411315695817,0.08285702048071833,0.09700920259700625,1.056798481346896,1.0
812395,1,False,goal_missed,-257.50069271320194,15.900000000925502,0.2574905681743405,0.4990782757507565,0.3236297942656538,30.174508962955418,1.0
812497,1,True,success,257.1938280670237,10.200000000593718,0.052033481274537184,0.09255560977342919,0.0964375246783003,1.015739816226189,1.0
812635,1,False,goal_missed,-204.56868294849045,13.800000000803266,0.3043536841967753,0.5245126460003686,0.5819128804909509,6.286204915565599,0.8888888888888888
812758,1,False,goal_missed,-165.30849842929774,12.300000000715954,0.3218977672162962,0.6106923974788226,0.6707019293578161,8.426046002900215,0.8888888888888888
812898,1,False,goal_missed,-230.55749890974022,14.000000000814907,0.32516275741051637,0.5365757354344045,0.5953987273472443,6.658726086811509,1.0
813021,1,False,goal_missed,-69.23956652850228,12.300000000715954,0.14895129440282212,0.31919330920447414,0.4024887054147946,4.0468055225555055,1.0
813159,1,False,goal_missed,-152.05393191740043,13.800000000803266,0.22596125240934054,0.4749838675461544,0.5434072101991849,7.5790892950313875,1.0
813297,1,False,goal_missed,-117.28299752225227,13.800000000803266,0.15088162542016456,0.2711156275953864,0.314754142655302,20.084276219312706,0.8888888888888888
813451,1,False,goal_missed,-216.9542437737797,15.400000000896398,0.2089388947520437,0.38758815883079417,0.3420439718691861,30.550123564502233,1.0
813575,1,False,goal_missed,-58.42443182763052,12.400000000721775,0.11250602194085722,0.24973608793643656,0.3390484243685555,1.5510858757695822,0.7777777777777778
813704,1,False,goal_missed,-187.12197236958005,12.900000000750879,0.2910829922602367,0.46144437638788194,0.46114523163478327,8.398795314850728,1.0
813803,1,True,success,261.1874446416242,9.900000000576256,0.007830194656390357,0.019816242457000505,0.08454715652156862,0.651365716875133,1.0
813939,1,False,goal_missed,-311.544688975428,13.600000000791624,0.41559858298927155,0.5705026910865916,0.5814262570019756,7.968398978981113,0.6666666666666666
814038,1,True,success,261.59468063762245,9.900000000576256,0.017540145259989474,0.0475192813528687,0.09746350681836584,1.1942631510380204,1.0
814148,1,True,success,216.99504634156747,11.000000000640284,0.03187613619746889,0.061376344513776056,0.09884671657680903,2.5042966571830965,0.8888888888888888
814272,1,False,goal_missed,-51.01885987429502,12.400000000721775,0.10248535436925105,0.24661089889734056,0.3398045485202385,1.5711652099434628,1.0
814411,1,False,goal_missed,-163.90547364898532,13.900000000809086,0.202860404415494,0.3271383182300031,0.319588547374187,7.151030109625871,1.0
814532,1,False,goal_missed,-59.50427797599044,12.100000000704313,0.12174426332354872,0.26836918745558547,0.3596260343446806,2.0808645368580443,0.8888888888888888
814646,1,True,success,202.92534694675973,11.400000000663567,0.05432216778221835,0.10090048800382168,0.08627149455124625,4.372037364634404,0.8888888888888888
814749,1,True,success,246.49741601210664,10.300000000599539,0.04654102984689565,0.09146888723335146,0.09728838529262712,1.1981449983323014,0.8888888888888888
814882,1,False,goal_missed,-164.1544732942514,13.300000000774162,0.2400491285299475,0.49463113060087793,0.5641640985956043,7.384937062453387,1.0
815007,1,False,goal_missed,-49.047738100189264,12.500000000727596,0.09133572256925089,0.23894052035558405,0.33027698635119335,1.8051798291794057,0.8888888888888888
815119,1,True,success,217.10022910045058,11.200000000651926,0.02695549673541417,0.05696268547790155,0.09579054067777763,3.6072764295639557,1.0
815220,1,True,success,249.83933947669834,10.100000000587897,0.03216263731354768,0.046372201215325565,0.08620783003536275,0.7627802414359607,0.8888888888888888
815366,1,False,goal_missed,-150.25064921609533,14.600000000849832,0.13983886288351494,0.2508017732450101,0.3310077107601218,18.69999772838111,1.0
815487,1,False,goal_missed,-61.47668799725824,12.100000000704313,0.12008144461089315,0.2584815185009568,0.3483472724988371,1.628800140592954,0.7777777777777778
815621,1,False,goal_missed,-95.99059664184315,13.400000000779983,0.11406185013812889,0.26035481417605616,0.3662443109480704,6.029192694360178,0.8888888888888888
815746,1,False,goal_missed,-96.31991609128542,12.500000000727596,0.20002000546554624,0.4021314709734205,0.4703844330586609,5.604853831144598,1.0
815884,1,False,goal_missed,-103.93778625241549,13.800000000803266,0.12225515765607024,0.2266713587808385,0.33527462031200445,7.543434021600066,0.8888888888888888
816005,1,False,goal_missed,-60.32417778394238,12.100000000704313,0.11964130059348997,0.27329416793196126,0.35645824691889044,2.6453975206213154,0.8888888888888888
816145,1,False,goal_missed,-133.69971336174058,14.000000000814907,0.19070074656197492,0.35610482492546114,0.4327217342806969,5.237445646167324,1.0
816266,1,False,off_path,-226.9586816133487,12.100000000704313,0.4970442093110218,1.0147414792506353,1.0385065862262453,19.23143147627889,1.0
816405,1,False,goal_missed,-154.23410645612634,13.900000000809086,0.19687737208068515,0.29622262874640853,0.313456264102222,14.259857810907855,1.0
816528,1,False,goal_missed,-53.419606559969914,12.300000000715954,0.10709039340708718,0.2500199358134739,0.33868258165749515,2.2173312402411267,1.0
816728,1,False,timeout,-256.3067736596872,20.000000001164153,0.1542264316740187,0.21834325644518038,0.2789775887507345,4.79450028855478,1.0
816828,1,True,success,250.1265324963816,10.000000000582077,0.021713068896839396,0.03537647261702315,0.0968088870662413,0.7301495652877402,0.8888888888888888
816969,1,False,goal_missed,-153.94010836775925,14.100000000820728,0.19902360498523558,0.32139448910029106,0.4100234062659793,13.075353597809128,1.0
817070,1,True,success,261.61463956438337,10.100000000587897,0.017851489488679487,0.03595536539635477,0.09714453014801658,0.641030657939283,1.0
817186,1,True,success,179.06844642908518,11.600000000675209,0.08039819613701303,0.1473867504156842,0.08820149169821034,4.746553824911713,0.8888888888888888
817286,1,True,success,249.78472339777036,10.000000000582077,0.008848030382347548,0.02177996756009419,0.08253529023346,0.7253097857721942,0.8888888888888888
817424,1,False,goal_missed,-177.253388901602,13.800000000803266,0.2630637646914926,0.5152185053822012,0.5844154050990681,6.893992761013501,1.0
817551,1,False,goal_missed,-199.94636870808685,12.700000000739237,0.3618109840605886,0.6978678589345982,0.7550147003790313,10.65850282410056,1.0
817689,1,False,goal_missed,-176.09083694122796,13.800000000803266,0.2667813638482265,0.6084724788456748,0.6861999769988972,11.183800029500786,1.0
817789,1,True,success,261.6363715621925,10.000000000582077,0.026084738871642626,0.04358533230831389,0.08713543474168299,0.8224317426885063,1.0
817920,1,False,off_path,-269.4643924383051,13.10000000076252,0.41654842537690656,1.0149335642469304,1.035670385248205,27.865231730618188,1.0
818040,1,False,goal_missed,-131.12925506481045,12.000000000698492,0.26862087712100113,0.5208587086597893,0.5926641300022429,6.7545725857367245,1.0
818192,1,False,goal_missed,-328.57836472370604,15.200000000884756,0.3835196122884882,0.6641275770261398,0.46161021410904807,24.945864272069457,0.8888888888888888
818312,1,False,goal_missed,-55.49124798722234,12.000000000698492,0.10527007321784074,0.22117448258154007,0.3201560609008616,1.3695261011581046,1.0
818427,1,True,success,200.95107977363833,11.500000000669388,0.07792742649540833,0.15053169845202838,0.08601181962699224,4.982832807772291,1.0
818552,1,False,goal_missed,-266.9293732916592,12.500000000727596,0.5000843073177172,0.9414156686781459,0.9861972385500428,13.256549494487329,0.8888888888888888
818710,1,False,goal_missed,-391.1303582112591,15.800000000919681,0.4339219706839027,0.7524221521149862,0.5499361495930776,25.759851470238978,0.7777777777777778
818832,1,False,goal_missed,-178.49186112482857,12.200000000710133,0.33806784697998027,0.6257971324623215,0.6772126508583309,7.9584319285798175,0.8888888888888888
818949,1,True,success,173.438847001875,11.70000000068103,0.14291801895107387,0.29549098054393114,0.09722262743945892,9.538869255341309,1.0
819067,1,False,off_path,-239.06659776347038,11.80000000068685,0.5164971002248244,1.0180868165787582,1.0507746200451122,13.616233458514461,0.8888888888888888
819222,1,False,goal_missed,-345.1417661122385,15.500000000902219,0.42245847151529575,0.7142090081515938,0.6881368864869587,12.981682205163223,0.8888888888888888
819342,1,False,goal_missed,-62.92816669615042,12.000000000698492,0.13265774608001887,0.28199612484108083,0.3623057491176251,2.543639447702654,1.0
819476,1,False,goal_missed,-81.17247167112069,13.400000000779983,0.10875114396857437,0.2667626294146353,0.3654343457581005,4.478587342244101,1.0
819599,1,False,goal_missed,-128.84795418492865,12.300000000715954,0.25944907222127656,0.45850247058560073,0.523527861641269,4.043818206437271,1.0
819737,1,False,goal_missed,-196.3825765148925,13.800000000803266,0.29709890069079575,0.4994024057656448,0.555798582117692,5.818875407825617,1.0
819863,1,False,goal_missed,-55.29143640963134,12.600000000733417,0.1028918466137263,0.26474240292028006,0.3559968895672466,2.951945501795377,0.8888888888888888
819993,1,False,goal_missed,-143.74869490080934,13.0000000007567,0.23411131680764527,0.43484427988359176,0.5019130763569721,4.668172985877533,1.0
820117,1,False,goal_missed,-51.580225654565474,12.400000000721775,0.0986595524018022,0.24630449651453998,0.345316966882043,2.033054051641186,1.0
820250,1,False,goal_missed,-93.76598093353445,13.300000000774162,0.1272543212271708,0.23601529051560757,0.34223019460289555,2.286160369777423,1.0
820354,1,True,success,257.6286540402371,10.40000000060536,0.035238174979349945,0.08519577305889961,0.09452035648736415,1.5835831363760355,1.0
820464,1,True,success,210.1159805123485,11.000000000640284,0.07566067657027507,0.14166094212596156,0.09714524174420686,4.9189572967280615,0.8888888888888888
820587,1,False,goal_missed,-58.235704361508986,12.300000000715954,0.11533190236498428,0.27364810990952143,0.35800892145505436,3.0382481145868976,1.0
820738,1,False,goal_missed,-160.69541205554467,15.100000000878936,0.1779890142042156,0.29470977182923425,0.3069779876756609,16.040351449729567,0.8888888888888888
820862,1,False,goal_missed,-57.05108851481982,12.400000000721775,0.10736874499549895,0.25611311174192225,0.34880878195754395,2.496330165618345,1.0
821002,1,False,goal_missed,-143.31851008541574,14.000000000814907,0.20019056787412337,0.34732907108020034,0.4386192293945624,6.073055490056395,1.0
821127,1,False,goal_missed,-106.06857238186285,12.500000000727596,0.2221164013872392,0.45947540711337015,0.5242925970085481,6.394913328745603,1.0
821240,1,True,success,208.74539575647356,11.300000000657747,0.07546447591039071,0.14982904168239186,0.0919802501474879,4.70830660093251,0.8888888888888888
821353,1,False,off_path,-184.03617980475886,11.300000000657747,0.44402706122612423,1.0455464809247774,1.0905221707823327,18.885869861037484,1.0
821490,1,False,goal_missed,-84.09134393599419,13.700000000797445,0.10667319436282421,0.23080150427924145,0.341989915766885,3.189595599565716,1.0
821614,1,False,goal_missed,-52.09030137197235,12.400000000721775,0.10312346207121452,0.25101555983555135,0.3369933655206482,1.8640022254505488,1.0
821750,1,False,goal_missed,-108.6896006863644,13.600000000791624,0.15741750497210902,0.36500973017364585,0.4535862556061525,6.306056616907717,1.0
821853,1,True,success,248.7496794833875,10.300000000599539,0.015419031009405624,0.034878295502639364,0.08409890728795791,0.7979888153194057,0.8888888888888888
821970,1,True,success,161.40582346805832,11.70000000068103,0.1435585575410237,0.29125677456398685,0.09528398974853161,10.925938998383057,1.0
822096,1,False,goal_missed,-166.1945032568592,12.600000000733417,0.31503549185536756,0.5639728083212682,0.6189358616660631,5.784363824729438,0.8888888888888888
822228,1,False,goal_missed,-309.2933971110107,13.200000000768341,0.5087735705855827,0.9764540638499737,1.0252334776625125,13.880041852696333,0.7777777777777778
822351,1,False,goal_missed,-58.33599434056214,12.300000000715954,0.12024608104938356,0.26551472830506057,0.35637339845682486,2.402234544542856,1.0
822464,1,True,success,197.76354994739677,11.300000000657747,0.05408047729049354,0.11012484159454201,0.08774801775044291,5.784732990716013,1.0
822586,1,False,goal_missed,-52.91998339352586,12.200000000710133,0.10012641528978877,0.24053952153414507,0.3350248308465455,2.3123396590985204,0.8888888888888888
822704,1,False,off_path,-255.42220349948747,11.80000000068685,0.48861102511289206,1.049961826172922,1.0872118131028576,16.496249081659748,0.6666666666666666
822828,1,False,goal_missed,-49.89565866538398,12.400000000721775,0.08612732302516292,0.23151355037026922,0.33092360959442896,3.0042709908518126,1.0
822970,1,False,goal_missed,-116.6457734383068,14.200000000826549,0.1053064332663456,0.22753245255713578,0.30837000560381084,13.17388801063145,1.0
823079,1,False,off_path,-180.13007825675248,10.900000000634464,0.4508904100486987,1.0703946790105106,1.114546813828557,19.14080493499705,0.8888888888888888
823215,1,False,goal_missed,-206.71993979547773,13.600000000791624,0.2838724864045213,0.5781559328128837,0.3292649994731347,12.93272036328604,0.7777777777777778
823321,1,False,off_path,-192.61442911570288,10.600000000617001,0.473471679657895,1.124400498720143,1.2345098811320292,18.252837097423264,0.8888888888888888
823440,1,True,success,140.07363571771822,11.900000000692671,0.1820463539908629,0.334603839129388,0.09508410230632457,8.14128926808798,0.8888888888888888
823562,1,False,goal_missed,-53.114196164626385,12.200000000710133,0.10126899753697251,0.2485433582303879,0.3463998867128293,2.24990021011235,1.0
823697,1,False,goal_missed,-203.55647713260942,13.500000000785803,0.29162655978185154,0.5014922166949038,0.5561596140838024,6.45020212072064,0.6666666666666666
823818,1,False,goal_missed,-62.013809882353314,12.100000000704313,0.1269599347846665,0.2939826871012143,0.3799813017074668,3.430082763709864,0.8888888888888888
823923,1,False,off_path,-259.4348444083292,10.50000000061118,0.5423826156833728,1.0559448884423759,1.1840742485753675,15.348533082193418,0.6666666666666666
824024,1,True,success,251.75293488041683,10.100000000587897,0.00811629611916213,0.01550732211307165,0.0861759967644027,0.7121155821915931,0.8888888888888888
824161,1,False,goal_missed,-106.660029093119,13.700000000797445,0.14902140072046355,0.25615645195080783,0.36259120202528916,2.7302640122666157,1.0
824262,1,True,success,248.34332359693687,10.100000000587897,0.026845414110339975,0.05826670047328362,0.08826093082514154,1.6592700937191964,0.8888888888888888
824394,1,False,goal_missed,-182.34063912772504,13.200000000768341,0.271394385361339,0.47744039587223175,0.5356233629356227,7.921055076135684,0.8888888888888888
824515,1,False,goal_missed,-65.91609973257701,12.100000000704313,0.1362528173027923,0.3055269793527893,0.38893830282441144,3.8703316045631273,1.0
824653,1,False,goal_missed,-309.50143286958837,13.800000000803266,0.44541855168128686,0.8255004142456481,0.8769688102372131,9.968634893712391,1.0
824777,1,False,goal_missed,-49.25218528157197,12.400000000721775,0.0904646449867601,0.2340344604524459,0.3339608301041648,2.0471318659992477,1.0
824914,1,False,goal_missed,-221.46117627921154,13.700000000797445,0.3352997020303111,0.6466258443008527,0.7125274538245402,8.485730260177666,0.8888888888888888
825018,1,True,success,244.31867929987942,10.40000000060536,0.05388941000430634,0.10696162825542195,0.09718749392671858,2.798513978629993,1.0
825150,1,False,goal_missed,-184.388979758269,13.200000000768341,0.2734030191189393,0.38972674864541457,0.4757357465265904,6.4383476784636136,1.0
825274,1,False,goal_missed,-177.72024636216844,12.400000000721775,0.32951481408383376,0.6031710620584901,0.6641400777475166,7.160958173991325,0.7777777777777778
825414,1,False,goal_missed,-160.58117805543412,14.000000000814907,0.23323976618692763,0.4665555777235633,0.5347479075988141,8.504747236450635,0.8888888888888888
825533,1,False,goal_missed,-51.352417243255154,11.900000000692671,0.0955483676096452,0.23804688632871276,0.3407105039368612,2.501006893682481,1.0
825666,1,False,goal_missed,-114.98459618830987,13.300000000774162,0.16713847488309114,0.363060630691572,0.4505046088777036,5.230385707999166,1.0
825771,1,False,off_path,-167.2517442914683,10.50000000061118,0.44056305209429364,1.0944847684860257,1.1821154854291613,19.80094942787417,0.8888888888888888
825913,1,False,goal_missed,-128.85066500844647,14.200000000826549,0.1367474233812995,0.22731500504378005,0.3274386445206693,13.658483370801132,0.8888888888888888
826031,1,False,goal_missed,-52.273242505989685,11.80000000068685,0.10104905534040322,0.23964773080208585,0.34082242307596305,1.6549396291912546,1.0
826166,1,False,goal_missed,-113.80964700755814,13.500000000785803,0.15593513492725433,0.24414873986922567,0.35474990011600654,4.318162446246209,0.8888888888888888
826288,1,False,goal_missed,-52.668503632597954,12.200000000710133,0.09989372667140882,0.24766633425313272,0.34213651414906726,2.3489523455914347,0.8888888888888888
826427,1,False,goal_missed,-274.6150165858439,13.900000000809086,0.38273452122514345,0.728171972206932,0.7878863692417473,10.273826449265691,1.0
826526,1,True,success,250.80078065886084,9.900000000576256,0.00917822992614375,0.017194698584634592,0.09465416547069079,1.3685718137269571,0.8888888888888888
826666,1,False,goal_missed,-142.14706284956148,14.000000000814907,0.1884562823290901,0.30232394701452664,0.35347296603864675,4.803624001605709,1.0
826770,1,True,success,258.4636342055806,10.40000000060536,0.03720799089606911,0.08255050968955537,0.0988259887765838,1.2349592410264827,1.0
826918,1,False,goal_missed,-120.46976617152376,14.800000000861473,0.13333414252705167,0.2227633793655326,0.3096017982110106,12.64326222779226,1.0
827042,1,False,goal_missed,-163.78042372421498,12.400000000721775,0.3070040189700558,0.4982315190237736,0.5492019225507515,4.190136941459457,0.8888888888888888
827180,1,False,goal_missed,-112.87822916648967,13.800000000803266,0.1667160035661895,0.34243330004817707,0.4224824081024867,4.079782046242022,1.0
827281,1,True,success,252.15523305680716,10.100000000587897,0.009076211987397385,0.01880378908096924,0.08389324475644101,0.6002784150835846,0.8888888888888888
827415,1,False,goal_missed,-154.5521574817181,13.400000000779983,0.23460036403523893,0.40389722793414484,0.4797753572800274,4.630965681261237,0.8888888888888888
827515,1,True,success,261.0768646431089,10.000000000582077,0.023797538111525372,0.05398315915261917,0.09680583921048772,0.8336917434065085,1.0
827650,1,False,goal_missed,-170.58511228295805,13.500000000785803,0.26509028694083436,0.5230146229599271,0.5887308852947435,7.51317251484935,1.0
827753,1,True,success,257.6371798804565,10.300000000599539,0.025965592732859942,0.06172143843989062,0.09212940713058225,1.497880313417876,1.0
827863,1,True,success,216.48843018323362,11.000000000640284,0.06308638286742237,0.12248042504987489,0.09508040319448861,6.339190073207366,1.0
827963,1,True,success,251.29549677371443,10.000000000582077,0.019827729293838185,0.03191688152204583,0.09849282776186122,0.5993450498863826,0.8888888888888888
828093,1,False,goal_missed,-122.87061340052415,13.0000000007567,0.1988561920490441,0.3800986410438051,0.4552849454409131,4.734235662758996,0.8888888888888888
828193,1,True,success,261.12530381040057,10.000000000582077,0.005775324653707173,0.016175931253209912,0.0928338732414514,0.661013357593593,1.0
828313,1,True,success,193.44010524044955,12.000000000698492,0.1085739296663125,0.17002670234322056,0.0921259060860633,5.936496473421455,1.0
828411,1,True,success,257.20847067956436,9.800000000570435,0.05378290753928156,0.08543427914130665,0.09200271254331811,1.3978923718453,1.0
828528,1,True,success,213.51635352303828,11.70000000068103,0.056141388463315206,0.09442695574544822,0.09431555841415311,4.333122649933504,1.0
828627,1,True,success,260.28418036375245,9.900000000576256,0.043946219195300666,0.07076405397339983,0.0945212669117583,1.171632929945007,1.0
828765,1,False,goal_missed,-118.32504114746766,13.800000000803266,0.13511145004879796,0.22658999747861008,0.3149624737182323,10.24801689608347,1.0
828889,1,False,goal_missed,-100.48842703823954,12.400000000721775,0.2100768052961,0.41984751181340696,0.48691724341242243,5.542502132620336,1.0
828999,1,True,success,211.2453661868337,11.000000000640284,0.04701985879665717,0.08219143701076072,0.09703513122087226,3.7305385402791686,0.8888888888888888
829123,1,False,goal_missed,-71.1532826324225,12.400000000721775,0.15055270260061981,0.32227372587816117,0.4214049584736256,3.7492065064542635,0.8888888888888888
829256,1,False,goal_missed,-174.2795999745852,13.300000000774162,0.2543008812484488,0.4653948636835411,0.533017800291833,6.075851348610259,1.0
829356,1,True,success,263.09746452823936,10.000000000582077,0.006742837481234752,0.014347607714645355,0.08330082278615744,0.6193498871123334,1.0
829493,1,False,goal_missed,-127.4792766856232,13.700000000797445,0.17947996943055572,0.3563216152275027,0.4361563001149634,4.418578491934751,0.8888888888888888
829617,1,False,goal_missed,-52.56571141849802,12.400000000721775,0.10390324304998397,0.257045632491562,0.3475509571500424,3.334822081725453,1.0
829752,1,False,goal_missed,-138.43976439800787,13.500000000785803,0.19937968795049205,0.340107828060833,0.37067478835683765,6.499822246958583,1.0
829851,1,True,success,264.00811789976075,9.900000000576256,0.00691329262429045,0.012680183979384673,0.08790339780738503,0.5272265159681225,1.0
829988,1,False,goal_missed,-119.89490103290626,13.700000000797445,0.1642749328100516,0.2637328472510201,0.3109517164183635,12.673007068531788,1.0
830110,1,False,goal_missed,-102.54765548406094,12.200000000710133,0.2159653449619488,0.43263739272996826,0.5007685399199244,6.109170182711456,1.0
830243,1,False,goal_missed,-122.05559516532269,13.300000000774162,0.16489632902403747,0.37922066553917194,0.47852545787178685,9.834822709404364,0.8888888888888888
830344,1,True,success,251.0548472275858,10.100000000587897,0.004592256768424187,0.007179827838620642,0.08764305918027082,0.6000782745698866,0.8888888888888888
830495,1,False,goal_missed,-179.57872938102116,15.100000000878936,0.1694716628846149,0.30008156792624996,0.36770223988883494,21.042365121691148,1.0
830595,1,True,success,259.7352433570473,10.000000000582077,0.03419278361228294,0.055905547831534695,0.09226820282213465,0.6012899925757531,1.0
830710,1,True,success,197.08931472124013,11.500000000669388,0.05488087443853292,0.13444281675898703,0.09745893171361837,7.373879736548589,1.0
830832,1,False,goal_missed,-49.37657364554102,12.200000000710133,0.09517878359529869,0.23977809638771713,0.33040053715134815,1.9452906151624219,1.0
830935,1,False,wrong_direction,-177.6411412889283,10.300000000599539,0.1292889749106987,0.24181044184750808,1.493917205955734,39.88637219568621,0.6666666666666666
831035,1,True,success,238.25243137920563,10.000000000582077,0.025903308468660832,0.047772137577293816,0.08416351931237329,1.068935764866791,0.7777777777777778
831147,1,True,success,207.69955648917139,11.200000000651926,0.0300349154576566,0.07325951287881317,0.0849990579925621,3.095368419325497,0.8888888888888888
831252,1,True,success,249.4018116693573,10.50000000061118,0.04584856217667824,0.09786849069446166,0.09545036760100693,1.969981434543476,1.0
831387,1,False,goal_missed,-131.33431955650894,13.500000000785803,0.19388272281349805,0.3250190753051681,0.40962620468555655,5.068408194335644,1.0
831488,1,True,success,259.53777550108964,10.100000000587897,0.033008714875375225,0.06800357283898846,0.089277513519303,1.2181978081830043,1.0
831603,1,True,success,205.6482189397332,11.500000000669388,0.020539024691548242,0.04315999939635095,0.08691166004768561,3.0970106769584578,0.8888888888888888
831725,1,False,goal_missed,-118.73098620169813,12.200000000710133,0.2473824476210738,0.4923454592626576,0.5525651824325974,7.04575279324592,0.8888888888888888
831877,1,False,goal_missed,-171.20803386615847,15.200000000884756,0.2594424002349553,0.4024191923447293,0.3962976299730235,10.399943468131047,0.8888888888888888
831979,1,True,success,249.9217385765496,10.200000000593718,0.01777755377478983,0.036829604132270426,0.08731340783124927,0.8465969234957147,0.8888888888888888
832096,1,True,success,211.75289487279016,11.70000000068103,0.025635320945055367,0.045075802762817425,0.08823620861334751,3.8159677333841535,1.0
832195,1,True,success,260.2410214201867,9.900000000576256,0.02301435292370856,0.03862993405336389,0.0909521634209886,0.9316811963765207,1.0
832332,1,False,goal_missed,-115.30514432177779,13.700000000797445,0.12314839538343554,0.18895116437975712,0.30804482885227674,11.568195675583002,1.0
832432,1,True,success,264.0680486544938,10.000000000582077,0.005705611656917106,0.014093416372715684,0.08933322434729052,0.6282108234556512,1.0
832549,1,True,success,146.06513219516756,11.70000000068103,0.19426751317711524,0.38168374358498247,0.09897497080662046,10.025001900723534,0.8888888888888888
832670,1,False,goal_missed,-49.05215423896711,12.100000000704313,0.0871216777993169,0.22774796578912254,0.3416888082658312,2.624761813161085,1.0
832810,1,False,goal_missed,-240.08516565790308,14.000000000814907,0.33100228632200507,0.5670499234358977,0.6249169498225087,7.658969321998758,1.0
832909,1,True,success,262.3932049507503,9.900000000576256,0.012741781774334552,0.022025828122709378,0.09580986311893869,0.9526972905970413,1.0
833041,1,False,goal_missed,-117.62820742847474,13.200000000768341,0.17800560778256638,0.3491901806492857,0.42937375592467814,3.8315750822869,0.8888888888888888
833143,1,True,success,262.1144271292773,10.200000000593718,0.005358199217783637,0.013227968526327303,0.08617952402800437,0.8606001262460717,1.0
833255,1,False,off_path,-233.70591415469613,11.200000000651926,0.4513123419490821,1.2184582306398555,1.5384013493600008,29.63979243870546,0.8888888888888888
833361,1,True,success,236.60242687233352,10.600000000617001,0.05566297458402643,0.10400170780612802,0.0978075551597687,4.482681801170332,1.0
833478,1,True,success,207.07451491612278,11.70000000068103,0.04323812660681332,0.0876326991196362,0.0956189527126516,2.3467121961987996,0.8888888888888888
833577,1,True,success,260.6496955052738,9.900000000576256,0.020299334809994688,0.04605514883854849,0.09726539710319047,0.9332608381138804,1.0
833705,1,False,goal_missed,-186.99829949189566,12.800000000745058,0.3083203979080591,0.562399491778033,0.6097756287240989,9.035360565084206,1.0
833829,1,False,goal_missed,-110.25500477554417,12.400000000721775,0.22829001753723968,0.43596167661171714,0.4908932268924806,6.208100343042058,0.8888888888888888
833961,1,False,goal_missed,-92.34323077833497,13.200000000768341,0.10716211999132229,0.23409545760844575,0.3401412866233264,3.542948786101425,1.0
834061,1,True,success,261.55126347833266,10.000000000582077,0.022184409211939513,0.060246884025009904,0.09672449308088978,1.2779739163357675,1.0
834176,1,True,success,193.4162271324188,11.500000000669388,0.09585472733959649,0.1808123632152375,0.09461322883499171,6.085845518999595,1.0
834301,1,False,goal_missed,-57.97876069049137,12.500000000727596,0.09532828559152753,0.22983343074142268,0.3081449933008306,8.475459298310204,0.8888888888888888
834418,1,True,success,201.11420048766263,11.70000000068103,0.06167506772942211,0.12574627270096417,0.09910611654554682,5.741537874678064,1.0
834519,1,True,success,261.62681496827815,10.100000000587897,0.0181724415797512,0.038191599671287,0.08598997350571412,1.0808788587861375,1.0
834657,1,False,goal_missed,-104.91593600315075,13.800000000803266,0.12362586701503314,0.24599352895805376,0.30851629266090524,11.444567305905334,1.0
834780,1,False,goal_missed,-56.51259043017552,12.300000000715954,0.09000936175483945,0.22230758718426674,0.30276749001809844,8.145924206857314,1.0
834911,1,False,goal_missed,-243.2024275619509,13.10000000076252,0.3664249546446205,0.6176504709832465,0.6595395122086993,10.646577538939273,1.0
835033,1,False,goal_missed,-98.79121470932851,12.200000000710133,0.21196874520990772,0.43693063472470867,0.5102862329775254,6.085257188432954,1.0
835171,1,False,goal_missed,-142.47832654979638,13.800000000803266,0.1892021443734356,0.32864587583341787,0.35074287262218834,12.158328836829751,1.0
835276,1,True,success,225.0846668163245,10.50000000061118,0.05927027760778801,0.10434137389042535,0.09652247986727837,2.1309895424693135,0.7777777777777778
835401,1,False,wrong_direction,-221.05075722372828,12.500000000727596,0.13511184037690144,0.221025066835126,1.5798798987493445,41.251628434770765,0.6666666666666666
835601,1,False,timeout,-621.4162386595293,20.000000001164153,0.6540717921901938,0.9703715629908632,0.9853401286308585,22.440710401585203,1.0
835738,1,False,goal_missed,-119.13498700257853,13.700000000797445,0.15671484245708547,0.2604240319650159,0.31428102442349515,12.751482683382251,1.0
835836,1,True,success,262.08380416698236,9.800000000570435,0.0161106125632293,0.03824390820918405,0.09365969905983088,1.2989575635231227,1.0
835949,1,True,success,213.69620566520697,11.300000000657747,0.03991760467373792,0.07592875639712839,0.0983175639427735,4.664381665773266,1.0
836046,1,True,success,253.37701222929894,9.700000000564614,0.009918586546093424,0.01780674156435711,0.07965582579415616,0.3377080345060034,0.8888888888888888
836186,1,False,goal_missed,-319.46899100983205,14.000000000814907,0.48518902337091285,0.9339628508688459,0.9240967351309498,18.004736964805044,0.8888888888888888
836286,1,True,success,262.4143117539106,10.000000000582077,0.031804126580927676,0.050408443125418284,0.0786206815542183,1.0513266760445759,1.0
836421,1,False,goal_missed,-106.44931472521091,13.500000000785803,0.12211237304777783,0.2754950571298976,0.3652848484413577,6.433426032243419,1.0
836520,1,True,success,263.2884095571833,9.900000000576256,0.008396777854542683,0.016909283744618902,0.09550994740746042,0.6346589325801982,1.0
836629,1,True,success,211.06035683284702,10.900000000634464,0.08802238283452474,0.16660113003776128,0.09151764685472706,6.425382195453579,1.0
836728,1,True,success,258.5068993678172,9.900000000576256,0.037066916297257044,0.07902701355470163,0.09310113735434668,1.1117814264340184,1.0
836857,1,False,goal_missed,-85.173976960093,12.900000000750879,0.11927984388010492,0.27070734469430074,0.35711803317484914,3.3832326304708027,1.0
836957,1,True,success,252.34844949258962,10.000000000582077,0.009984053955779823,0.022716384900530993,0.09593396941804087,0.6243400717369666,0.8888888888888888
837099,1,False,goal_missed,-114.1961929257924,14.200000000826549,0.10324241298019653,0.2267699521919617,0.3365300592061761,13.595742911706925,0.8888888888888888
837241,1,False,off_path,-333.4815232203649,14.200000000826549,0.5813969441661093,1.0148407103129966,1.032660250737042,19.83504502008733,1.0
837379,1,False,goal_missed,-132.0233500249589,13.800000000803266,0.1630552255962816,0.3216592292618895,0.36014738967053717,11.408295382848339,1.0
837500,1,False,goal_missed,-61.627489360809705,12.100000000704313,0.1244035527025019,0.27014089874100067,0.3598383349787195,2.186778812147393,0.8888888888888888
837610,1,False,off_path,-264.4632487501438,11.000000000640284,0.5069614221692634,1.1774770552299798,1.391903618446258,19.785752079235717,0.5555555555555556
837711,1,True,success,256.8293335195003,10.100000000587897,0.03272736556721692,0.06795808971249881,0.09067436098189728,2.403323733148038,1.0
837845,1,False,goal_missed,-101.80456584559984,13.400000000779983,0.11784352217297611,0.253918703815415,0.3587966394216589,6.265788291157387,0.8888888888888888
837962,1,False,goal_missed,-52.66121796191111,11.70000000068103,0.09113985697526619,0.220755923725258,0.3357696671960656,2.204238461480395,0.8888888888888888
838102,1,False,goal_missed,-114.37125190892937,14.000000000814907,0.11806855686505877,0.22343518955782396,0.3139472977717584,12.162760945267795,0.8888888888888888
838201,1,True,success,252.16229725816171,9.900000000576256,0.011294929290135093,0.017981580088122378,0.09277801114095753,0.6658635518022641,0.8888888888888888
838331,1,False,goal_missed,-79.60812873741924,13.0000000007567,0.08810903500729422,0.2299465096804976,0.33878357816113863,3.9829421146631074,0.8888888888888888
838431,1,True,success,261.7111803983586,10.000000000582077,0.01748522314047985,0.03760661174126375,0.08237413159159447,1.5874300385202713,1.0
838539,1,True,success,218.18305223857578,10.800000000628643,0.0863950827683627,0.16420933666234833,0.08809777976703906,5.360591757392072,1.0
838660,1,False,goal_missed,-110.78194270572122,12.100000000704313,0.23492409525710867,0.4620673911985139,0.5386377602858253,5.651130708791965,1.0
838765,1,True,success,198.55125502657702,10.50000000061118,0.11272187110180294,0.20771582898954066,0.0991318529469119,7.912171009895974,1.0
838893,1,False,goal_missed,-85.06709999994935,12.800000000745058,0.12663050874104612,0.236846096458188,0.3093680945376637,14.294669457382362,0.8888888888888888
839093,1,False,timeout,-816.8011944955254,20.000000001164153,0.5897321195325861,0.9039387239562545,0.729573412447729,33.42136738227937,0.5555555555555556
839217,1,False,goal_missed,-57.79129948785377,12.400000000721775,0.11779603369429241,0.26314482923674126,0.3626000456782211,2.530986650695975,1.0
839332,1,True,success,222.22545353483426,11.500000000669388,0.02747580378124886,0.05058596372292793,0.09625015886080499,3.1214886665665738,1.0
839431,1,True,success,261.6363184831039,9.900000000576256,0.01845368549351929,0.047573389695462494,0.08444490366858423,1.293994812706002,1.0
839558,1,False,goal_missed,-105.53701678809907,12.700000000739237,0.16594993405783576,0.3048015437818789,0.3944983178763441,3.8778238994274417,0.8888888888888888
839681,1,False,goal_missed,-50.59503441745451,12.300000000715954,0.09329724264226803,0.24196027005375542,0.3402669773583791,2.1917110467783427,0.8888888888888888
839821,1,False,goal_missed,-329.49202114873407,14.000000000814907,0.43769401353934134,0.6720366086018361,0.6698199225721141,12.595665335825888,0.7777777777777778
839942,1,False,goal_missed,-80.07573560389393,12.100000000704313,0.1721267870766275,0.35857556349973374,0.4313420973214715,4.494885565466937,1.0
840072,1,False,goal_missed,-133.10621958900714,13.0000000007567,0.20169474717930794,0.34686605499286416,0.3090734207912672,12.670221059892764,0.8888888888888888
840173,1,True,success,260.22780585977733,10.100000000587897,0.028150308429105535,0.06918590357200875,0.09296483447114988,1.7302665742972085,1.0
840306,1,False,goal_missed,-102.60485542800406,13.300000000774162,0.12644320834530065,0.2179132163877171,0.30943455595379543,9.761913967715559,0.8888888888888888
840406,1,True,success,261.36774855449323,10.000000000582077,0.01618513822148269,0.0266237987155392,0.08040223035303587,1.5921536973076267,1.0
840543,1,False,goal_missed,-121.10080251202417,13.700000000797445,0.14534879975014217,0.25865580503362207,0.3361786342748421,8.658248063572877,1.0
840664,1,False,goal_missed,-126.25185506307568,12.100000000704313,0.25748188096904395,0.5074232206782489,0.5710919176810322,7.629952009049378,1.0
840802,1,False,goal_missed,-140.94008208374666,13.800000000803266,0.18900084526001587,0.3227656085916299,0.3369947320750909,12.926354937783328,1.0
840901,1,True,success,260.52370471288907,9.900000000576256,0.03274277150643253,0.08070928760852525,0.09939250606074701,1.4404334092497375,1.0
841012,1,True,success,206.75600798918958,11.100000000646105,0.06754477581675374,0.13956975203394759,0.09279098853226841,5.5381485631817595,1.0
841113,1,True,success,258.5551076673567,10.100000000587897,0.045207787040533076,0.08841552048640908,0.09478232874568664,1.2448237795089119,1.0
841225,1,True,success,153.6149613405774,11.200000000651926,0.17930457180817092,0.3483563855666504,0.08761366197326413,11.443567717445045,0.8888888888888888
841322,1,True,success,262.11461907995687,9.700000000564614,0.020591385951649516,0.043713882536024894,0.09965226688778192,1.5523740830591035,1.0
841413,1,False,off_path,-218.26832720607018,9.10000000052969,0.5015509429642135,1.0641957517012497,1.661252424167911,20.878604783189257,0.4444444444444444
841512,1,True,success,260.1499312127783,9.900000000576256,0.01699102991711265,0.03193763953898256,0.08626649341205106,1.0826677848989488,1.0
841644,1,False,goal_missed,-115.44836383579877,13.200000000768341,0.1609964774813837,0.3354337982853562,0.44343944356014314,9.772740081239945,1.0
841743,1,True,success,261.2594160822309,9.900000000576256,0.027517133775748617,0.06597740961204222,0.09414477296505999,1.2747518844535068,1.0
841856,1,True,success,209.77541531996886,11.300000000657747,0.047144710066051886,0.09605439545154926,0.09180550105328587,3.0699736158524122,0.8888888888888888
841957,1,True,success,261.4527668175233,10.100000000587897,0.02533541941446856,0.04421935551204902,0.08262787438782508,0.8354677584315838,1.0
842089,1,False,goal_missed,-107.32472555944436,13.200000000768341,0.13680256237949404,0.2647668249724716,0.374055503603766,4.46728947227323,0.8888888888888888
842188,1,True,success,262.00181285766024,9.900000000576256,0.02206872701459881,0.03881826447791808,0.09232401705594385,0.7757637046022118,1.0
842299,1,True,success,216.3053706615697,11.100000000646105,0.032523605869453825,0.07465575189500238,0.0910203594905405,2.8640076508878125,0.8888888888888888
842400,1,True,success,246.66298866075795,10.100000000587897,0.037815487168240555,0.08718662745340656,0.09613435575357311,1.456061748207855,0.8888888888888888
842538,1,False,goal_missed,-102.59565376928306,13.800000000803266,0.10463882518075532,0.234997842538714,0.31871232837507035,8.154184016132625,1.0
842641,1,True,success,256.57831546682775,10.300000000599539,0.038264331183706715,0.09005495521348895,0.09843061886882486,1.4686718177664613,1.0
842777,1,False,goal_missed,-140.57412566649734,13.600000000791624,0.17204461071805718,0.3011609705746109,0.3624869335893286,12.38082470210442,0.8888888888888888
842877,1,True,success,261.5840399106364,10.000000000582077,0.005086768792856971,0.009930109799957444,0.0987756039308509,0.8361959211265848,1.0
843012,1,False,goal_missed,-99.70908973043562,13.500000000785803,0.11130611918694408,0.2259155422144853,0.30767875645492987,9.945642750566423,1.0
843111,1,True,success,263.3608003588303,9.900000000576256,0.01575662190680423,0.03944329616378955,0.08784312806887183,1.0081908901429046,1.0
843264,1,False,goal_missed,-259.21709881296124,15.300000000890577,0.3122682207440421,0.49437242758822897,0.37353208649012853,17.984064402359966,0.8888888888888888
843365,1,True,success,260.24558168747456,10.100000000587897,0.022139062623450324,0.04163494411328991,0.09914700583050581,0.5508725633095933,1.0
843473,1,True,success,196.45401880849354,10.800000000628643,0.09039408482022833,0.18229137008925597,0.08673181269552249,5.200252282139483,0.7777777777777778
843594,1,False,goal_missed,-56.88006264842826,12.100000000704313,0.09587885116883223,0.2117963663798863,0.3097248574723659,6.592577769962772,1.0
843733,1,False,goal_missed,-135.5734812003397,13.900000000809086,0.1729479743023978,0.3776089205901685,0.4553832316236979,12.328428462710098,1.0
843832,1,True,success,261.1092748089067,9.900000000576256,0.02989167637302462,0.054082007151812446,0.08739942115995211,1.302318147962009,1.0
843964,1,False,goal_missed,-116.91281282165518,13.200000000768341,0.15563419020555067,0.27653568636251186,0.36756628410106285,4.629042052354878,1.0
844061,1,True,success,260.4770595658239,9.700000000564614,0.009976129071054395,0.029648931005154158,0.09428091364819603,1.0211452158765926,1.0
844177,1,True,success,155.23551050527777,11.600000000675209,0.17869998474159776,0.2991901295952072,0.09258771438957009,7.7551386536605715,1.0
844277,1,True,success,251.87258349879676,10.000000000582077,0.004567265806992801,0.009964757120941227,0.08766134696039438,0.4524653702720401,0.8888888888888888
844417,1,False,goal_missed,-141.6944455583225,14.000000000814907,0.17107274671371,0.280417101086515,0.3091044676100253,11.919900224659653,1.0
844516,1,True,success,261.38672474719897,9.900000000576256,0.016171700476128485,0.037066717879437015,0.09775409333951986,0.6660020422311278,1.0
844632,1,True,success,151.6056722188568,11.600000000675209,0.1659062113948701,0.32275789851455805,0.09498576317148977,10.639570892577431,0.8888888888888888
844732,1,True,success,262.5866150501701,10.000000000582077,0.013786668914898161,0.024232158099451038,0.09242140565947599,0.9367248222550648,1.0
844876,1,False,goal_missed,-130.35552734617272,14.40000000083819,0.14132227545898274,0.23710293195548163,0.3068676296744173,14.781375833593957,1.0
844974,1,True,success,261.2225862002913,9.800000000570435,0.01938474187708024,0.03406010725033618,0.08400987630359748,1.0495406456695955,1.0
845113,1,False,goal_missed,-176.4638199116417,13.900000000809086,0.23829187151693534,0.40643643600249674,0.36161324044739035,14.417949753224422,0.7777777777777778
845235,1,False,goal_missed,-53.16270713780941,12.200000000710133,0.10565324413099327,0.24185945896358022,0.34748100292369055,1.755299454154451,1.0
845372,1,False,goal_missed,-264.6327920798182,13.700000000797445,0.3730398450509989,0.6543501480605936,0.7052907465810617,7.272251892921511,0.8888888888888888
845472,1,True,success,262.9539339697847,10.000000000582077,0.016086466582929785,0.032329897569121226,0.08447144294760353,0.784291418123993,1.0
845604,1,False,goal_missed,-85.95604969942706,13.200000000768341,0.11202543460586238,0.2471452462302706,0.3537478229543668,3.959786988822836,0.8888888888888888
845719,1,False,off_path,-207.5067316753404,11.500000000669388,0.47748795731420973,1.0213245720677595,1.0463599497658507,19.115065812630196,1.0
845919,1,False,timeout,-123.15733545585226,20.000000001164153,0.07262059901476234,0.10410998111905347,0.2379643754332564,4.979545022448585,1.0
846019,1,True,success,261.5316870382033,10.000000000582077,0.005954077922280588,0.014798986624462485,0.09248673840503767,0.7485451378537668,1.0
846166,1,False,goal_missed,-149.63477829363447,14.700000000855653,0.16463596176423018,0.2906045619637446,0.3016929013155355,15.965615775035221,1.0
846265,1,True,success,261.2594235689313,9.900000000576256,0.02322081400954167,0.04579333526970714,0.08833460479863399,0.9053367572118487,1.0
846375,1,True,success,208.6328538999492,11.000000000640284,0.0414255818471344,0.06975008878040867,0.09748490837674263,2.7521105515530846,0.8888888888888888
846475,1,True,success,260.9646767377734,10.000000000582077,0.024187265464097888,0.0505799874526203,0.0846089954223571,1.0660816949405862,1.0
846584,1,True,success,203.28678130235969,10.900000000634464,0.04437213975185626,0.0792693855783211,0.0952396804837492,4.110472833037942,0.8888888888888888
846685,1,True,success,260.036659828536,10.100000000587897,0.02364513266335813,0.05910732530462562,0.08670468124412002,1.3379697047625396,1.0
846823,1,False,goal_missed,-130.53246129102516,13.800000000803266,0.18854935006483248,0.346276765126802,0.4308829212837008,7.16483966566866,1.0
846947,1,False,goal_missed,-134.6246622236824,12.400000000721775,0.2686192999023893,0.5312501741630853,0.5999945440101394,8.155147017476631,1.0
847083,1,False,goal_missed,-125.61525250542752,13.600000000791624,0.18346920991432783,0.33916162864865507,0.4343185424025301,5.116957077356428,0.8888888888888888
847218,1,False,goal_missed,-198.52883972851276,13.500000000785803,0.3163001596093032,0.5631502357775424,0.4215568151432823,18.735368911263745,1.0
847355,1,False,goal_missed,-116.9817278430748,13.700000000797445,0.1589974785033055,0.30702070566609324,0.390162991761045,5.460639670727041,1.0
847455,1,True,success,259.45594754489025,10.000000000582077,0.00611259575328586,0.010838579261992403,0.09531404100708091,0.35911870819965774,1.0
847588,1,False,goal_missed,-148.28606040515814,13.300000000774162,0.21001888668346855,0.3278607046671619,0.3536720758048649,6.101969750767017,0.8888888888888888
847687,1,True,success,251.26680457582836,9.900000000576256,0.00823181901763909,0.021797207506170757,0.09863229604859604,0.9366704220447718,0.8888888888888888
847823,1,False,goal_missed,-98.25674614343062,13.600000000791624,0.12441258033501866,0.29195799820835766,0.3877384088521381,6.915331527480071,1.0
847922,1,True,success,263.03061978158007,9.900000000576256,0.015354208718082176,0.031270780092682075,0.09424845932381447,0.7041563586135088,1.0
848122,1,False,timeout,-179.86876600300258,20.000000001164153,0.08844447926486462,0.13051630993881752,0.18218299643858965,6.74721960284812,1.0
848241,1,False,goal_missed,-53.37245248068344,11.900000000692671,0.10433735558042295,0.25967501099054874,0.35486106633778663,2.66626930731933,0.8888888888888888
848382,1,False,goal_missed,-172.1361506449405,14.100000000820728,0.2191602900590308,0.43429964797691767,0.31087188958660067,16.470978723323835,0.8888888888888888
848484,1,True,success,259.63705030581986,10.200000000593718,0.03034809032115155,0.06555787078605049,0.09880006123519817,1.0587048974835405,1.0
848627,1,False,goal_missed,-224.60958651254975,14.30000000083237,0.30650519451699687,0.5411570206193559,0.34948530146693313,18.7516851009045,1.0
848747,1,False,goal_missed,-64.87488284750626,12.000000000698492,0.14043062600659384,0.3066864331814069,0.3822668272248723,3.208029159721312,1.0
848885,1,False,goal_missed,-114.32262526443678,13.800000000803266,0.13313665317278237,0.20856317177784314,0.3233963579992512,8.951126800239788,1.0
848984,1,True,success,261.4763984904023,9.900000000576256,0.024038796510355745,0.05185865267153218,0.09915155236049297,1.006327016329382,1.0
849132,1,False,goal_missed,-154.51032544849636,14.800000000861473,0.13189901301147933,0.2962825819674013,0.3930453506616675,22.720685981739802,0.8888888888888888
849255,1,False,goal_missed,-98.56007908194404,12.300000000715954,0.20806906206312162,0.4292885407696075,0.49626641266534205,5.839138082980766,0.8888888888888888
849419,1,False,goal_missed,-370.13526539151457,16.400000000954606,0.4475448332848724,0.9215056352630231,0.34225956980506056,20.813013757494442,0.6666666666666666
849518,1,True,success,264.15601708904376,9.900000000576256,0.008642563336139856,0.0206502050971983,0.08638158604310768,0.5661022331720694,1.0
849623,1,True,success,217.24785656988854,10.50000000061118,0.04808431779697404,0.11335422180561702,0.09018029502495649,5.622243796587881,1.0
849723,1,True,success,257.6178434447467,10.000000000582077,0.026747055437155148,0.05550689305173396,0.09892233516995372,0.989121220031191,1.0
849861,1,False,goal_missed,-127.87923578559914,13.800000000803266,0.16611098752969372,0.2943002089556382,0.32250123556715105,14.388001473639518,1.0
849984,1,False,goal_missed,-60.907969852407426,12.300000000715954,0.1295178734020308,0.29148898812651397,0.38292553303193333,3.42708602123974,1.0
850117,1,False,goal_missed,-107.51872003554705,13.300000000774162,0.12179746155457881,0.24162936187035114,0.30907815497802804,9.572879243374405,1.0
850218,1,True,success,249.65421782296602,10.100000000587897,0.029737182862284963,0.07524378021518908,0.09164924510264734,1.5440071394385462,0.8888888888888888
850359,1,False,goal_missed,-124.50180986869046,14.100000000820728,0.14895069082127949,0.35481730063855194,0.43102858491746443,9.756917542206116,0.8888888888888888
850457,1,True,success,263.0679614659966,9.800000000570435,0.017369952866531608,0.033133326609104854,0.09720200480995787,0.9116244266256788,1.0
850590,1,False,goal_missed,-98.44642732621945,13.300000000774162,0.13922042430399473,0.276205940833106,0.3758000736576429,6.143992026885836,1.0
850701,1,False,off_path,-182.60417967243035,11.100000000646105,0.4459139068483073,1.0425875820954098,1.105873920002527,18.34630990278979,1.0
850861,1,False,goal_missed,-225.81998874874404,16.000000000931323,0.22112100619113906,0.37766727620662205,0.30640314511984035,20.389873858954665,0.8888888888888888
850964,1,True,success,259.335030871254,10.300000000599539,0.026153779737122556,0.042837903601135846,0.08896880136831758,1.5274029596956664,1.0
851114,1,False,goal_missed,-162.36339981342147,15.000000000873115,0.11171295008753795,0.23106332287166548,0.3239446355373105,16.158331207766413,0.8888888888888888
851225,1,False,off_path,-187.95814691287404,11.100000000646105,0.4582265994422083,1.044377180012593,1.0867190622697873,18.72489698048274,1.0
851383,1,False,goal_missed,-114.83316624257704,15.800000000919681,0.13552288117617745,0.31223204601769766,0.3374698302158085,13.771495738114037,1.0
851507,1,False,goal_missed,-51.36040037083819,12.400000000721775,0.0918994653051701,0.2413315463597887,0.3302957478432017,3.9627587210807467,1.0
851646,1,False,goal_missed,-116.06023579021473,13.900000000809086,0.13541217132454222,0.285885527804544,0.3875430676720022,6.978304791293896,0.8888888888888888
851746,1,True,success,247.7693000386014,10.000000000582077,0.03006585539064601,0.07836387470462038,0.09193418533573548,1.5884804546543043,0.8888888888888888
851859,1,True,success,197.00851861006262,11.300000000657747,0.06485785199040686,0.13173636589859655,0.08662211356300908,4.430012598645725,0.7777777777777778
851958,1,True,success,237.39400838406726,9.900000000576256,0.04481713164738816,0.06588455690971323,0.09446681797701198,1.1960720836541834,0.7777777777777778
852090,1,False,goal_missed,-85.43967183935784,13.200000000768341,0.10531919735407486,0.20634240572672352,0.3258472551967236,2.9698348094467613,0.7777777777777778
852189,1,True,success,264.2946039348937,9.900000000576256,0.01747042251532005,0.03225799547105043,0.082825034353817,0.8015775486279271,1.0
852327,1,False,goal_missed,-121.74158247642865,13.800000000803266,0.13446578514734966,0.2831905942530361,0.3895005266194249,9.947037329413105,1.0
852428,1,True,success,260.7240196891148,10.100000000587897,0.01834287094868956,0.05299207441051255,0.09170827500772093,1.4751585709897679,1.0
852543,1,True,success,205.06888085966864,11.500000000669388,0.028181240186888966,0.05659781807555799,0.09849106197363873,3.416590672076111,0.8888888888888888
852641,1,True,success,259.57607413840384,9.800000000570435,0.02414467021713969,0.050361992982893046,0.08929200174566063,1.2131694936024013,1.0
852755,1,True,success,181.09475891084548,11.400000000663567,0.10429475668536622,0.19667920721499604,0.08917870318123901,5.93166611754143,0.8888888888888888
852883,1,False,goal_missed,-62.91744013763053,12.800000000745058,0.09807993848232996,0.21844487125823608,0.30081145598994913,9.764849741322559,1.0
853016,1,False,goal_missed,-105.16241306258009,13.300000000774162,0.13842741604037734,0.2556291799713801,0.35028876532028247,6.070739242495565,0.8888888888888888
853119,1,True,success,262.1756536320713,10.300000000599539,0.00750708460535132,0.01990770311024207,0.0828924255845924,0.6652186910577219,1.0
853229,1,True,success,206.25117416330727,11.000000000640284,0.0859949081602684,0.17829893683237266,0.09139176879192618,5.145461957656172,1.0
853332,1,True,success,239.32808124712756,10.300000000599539,0.007358442269095724,0.015481638991885496,0.07952023786639302,1.1453642478655086,0.7777777777777778
853467,1,False,goal_missed,-96.92531528617974,13.500000000785803,0.117764097567096,0.2371350294934732,0.3400969784011951,3.529066016604,0.8888888888888888
853563,1,True,success,252.79287821271492,9.600000000558794,0.009177943884299496,0.019731939157652374,0.09993753966646766,0.6915893739268811,0.8888888888888888
853696,1,False,goal_missed,-87.97948408968804,13.300000000774162,0.10856148353072477,0.28340672016377233,0.3803222938676643,7.726434246211262,0.8888888888888888
853823,1,False,goal_missed,-133.85334676079094,12.700000000739237,0.2656150643764519,0.5385064235406755,0.6047996035813535,7.740982032740092,0.8888888888888888
853963,1,False,goal_missed,-151.32210793985766,14.000000000814907,0.16573609700833195,0.35212240247404114,0.3154266842131962,13.98714555413152,0.8888888888888888
854065,1,True,success,259.1929754089144,10.200000000593718,0.034023189109734724,0.07646833622653007,0.09336173393161061,1.5180813357794636,1.0
854203,1,False,goal_missed,-260.9810929256885,13.800000000803266,0.3626314751786055,0.6085569522449141,0.6649837320207612,7.455837250289989,0.8888888888888888
854326,1,False,goal_missed,-81.0617160769985,12.300000000715954,0.17568453598400116,0.36247278553618334,0.43323580141275597,4.021277094515218,1.0
854472,1,False,goal_missed,-437.9217475375169,14.600000000849832,0.5550398020382281,0.8449405260400668,0.782889126126381,13.355049851767106,0.7777777777777778
854573,1,True,success,249.40879479382426,10.100000000587897,0.025211713056740512,0.06100643108154417,0.09623944665251317,1.2707186489778903,0.8888888888888888
854689,1,True,success,224.34655231952763,11.600000000675209,0.049373106097392316,0.10502213111446428,0.08929135852140922,4.198055948040118,1.0
854811,1,False,goal_missed,-74.19179475089781,12.200000000710133,0.1519055119934593,0.2910473265779242,0.3771344560539071,2.2763230503231773,1.0
854942,1,False,goal_missed,-271.76790312447304,13.10000000076252,0.4018751060945701,0.7160882998435224,0.7672060211519571,10.634589592670109,0.7777777777777778
855041,1,True,success,262.15560044980066,9.900000000576256,0.009764895605695899,0.021064267190992865,0.0976026105902072,0.8164908472101418,1.0
855161,1,True,success,199.03450600178212,12.000000000698492,0.08291385427292973,0.14533703212148957,0.08663087780900584,4.256240238667519,1.0
855287,1,False,goal_missed,-98.26449491118917,12.600000000733417,0.21249526253608225,0.40983363396430483,0.4792092708403678,4.322487119148932,1.0
855431,1,False,goal_missed,-134.4673035829686,14.40000000083819,0.15366641135997675,0.3020888471042487,0.3353894533780391,15.06653035490056,1.0
855534,1,True,success,243.7937716111394,10.300000000599539,0.0583615213193339,0.11497958253113003,0.0972454560011985,3.003341161520825,1.0
855671,1,False,goal_missed,-178.94391394431534,13.700000000797445,0.271261238948845,0.40482004030091184,0.4659135328339606,7.783389174544771,1.0
855798,1,False,goal_missed,-253.2717204213427,12.700000000739237,0.440395385291551,0.8602554701476283,0.91499977608704,12.358066758220486,0.8888888888888888
855943,1,False,goal_missed,-131.48483967935306,14.500000000844011,0.13633793320170312,0.2216353214915683,0.313680375334322,14.447593046552532,1.0
856046,1,True,success,258.99590812201416,10.300000000599539,0.039238810680267695,0.07613259401412942,0.09225477336789133,1.21418841277595,1.0
856178,1,False,goal_missed,-241.0097813772548,13.200000000768341,0.36803966116792663,0.7094107333694586,0.7759580818703689,10.951205064206587,0.7777777777777778
856276,1,True,success,264.30096135903847,9.800000000570435,0.003258195741181794,0.00802578655934213,0.08997333985852893,0.6372598563100063,1.0
856465,1,False,goal_missed,-345.73534834219186,18.900000001100125,0.40713666257760633,0.6378369273239366,0.6598000780344621,14.733766430321879,1.0
856589,1,False,goal_missed,-105.49810469235847,12.400000000721775,0.2213569508033064,0.42227415375808247,0.48914214957706476,5.736095185762507,1.0
856739,1,False,goal_missed,-292.42582786101997,15.000000000873115,0.351610426182018,0.6386661665813491,0.3683713009056427,20.181535086366097,0.8888888888888888
856855,1,False,off_path,-203.43666762411712,11.600000000675209,0.46935404399373837,1.030114297650935,1.0652833576040561,19.04743661525236,1.0
856987,1,False,goal_missed,-135.51734076194094,13.200000000768341,0.22605129830726478,0.4572595862842555,0.5370277283311156,8.254515246236728,1.0
857114,1,False,goal_missed,-291.07093768322545,12.700000000739237,0.5426755179511913,0.987233154139655,1.0213582989016023,14.639071190798981,0.8888888888888888
857226,1,True,success,217.59029465260767,11.200000000651926,0.06927400393135526,0.12486032045205764,0.09645956462738244,4.268002661827612,1.0
857352,1,False,goal_missed,-71.83861370170982,12.600000000733417,0.14966905013711573,0.32272569569598575,0.39578938356189325,3.515550959975512,0.7777777777777778
857464,1,True,success,188.93092092648408,11.200000000651926,0.0880644757022827,0.17296786677010798,0.09557319494235571,5.365551453497478,0.7777777777777778
857593,1,False,goal_missed,-163.38686513869337,12.900000000750879,0.31127912070585195,0.5823587652481531,0.6337024230016455,7.305128610843039,0.8888888888888888
857731,1,False,goal_missed,-230.79842942898603,13.800000000803266,0.3436115501467549,0.6095269244724438,0.6675659052214583,6.8537710198341495,0.8888888888888888
857832,1,True,success,248.96085091948845,10.100000000587897,0.021474906441320423,0.05080098997318868,0.09840528649470483,0.897172896496817,0.8888888888888888
857982,1,False,goal_missed,-146.66238925092813,15.000000000873115,0.1183180292894327,0.24288651792492927,0.3308960585225894,18.165527113128103,1.0
858106,1,False,goal_missed,-128.0457327527066,12.400000000721775,0.2542087614102242,0.47224146778381193,0.5387206038077702,4.967108839054193,0.7777777777777778
858251,1,False,goal_missed,-396.40881871122326,14.500000000844011,0.47282673877474823,0.7595532967741991,0.7890043591957161,9.7608958506906,0.8888888888888888
858353,1,True,success,260.03291824239676,10.200000000593718,0.012937457287149222,0.02858675429548424,0.08570957702116427,1.0979409372994362,1.0
858467,1,True,success,220.01027063106503,11.400000000663567,0.0244721242037624,0.041903696935906364,0.08867553365042521,3.5310719159542887,1.0
858588,1,False,goal_missed,-50.94265953640795,12.100000000704313,0.09412123384581626,0.23878529864535125,0.33513504797922744,2.3091415247229854,1.0
858729,1,False,goal_missed,-108.18489918269373,14.100000000820728,0.1081322601598341,0.22142729146233991,0.3027763380619058,12.561944826875724,0.8888888888888888
858852,1,False,goal_missed,-57.643894225195645,12.300000000715954,0.12018410516181145,0.26937178167730835,0.3586933965291938,1.8583804388636214,1.0
858965,1,True,success,219.00175914759078,11.300000000657747,0.043495351831898614,0.08929777131736896,0.0895253272720935,3.587133764010275,1.0
859089,1,False,goal_missed,-57.56884385668622,12.400000000721775,0.1030649223883779,0.25407731840154,0.33092600804495764,1.4693610432169468,0.7777777777777778
859228,1,False,goal_missed,-122.89539033609638,13.900000000809086,0.15560443225183543,0.2937487965286453,0.3240263748932431,10.858329905242295,1.0
859330,1,True,success,244.77606503471003,10.200000000593718,0.05226606190848853,0.0871662298915797,0.09879906984583763,1.2794609531851286,0.8888888888888888
859472,1,False,goal_missed,-110.0847291270878,14.200000000826549,0.12122368293793127,0.23855088033877475,0.30526096199833785,11.523232316824396,0.8888888888888888
859574,1,True,success,257.2997918260909,10.200000000593718,0.057627151165164724,0.08099370651882497,0.09344748122802207,1.0952333415471822,1.0
859697,1,True,success,187.16198934246802,12.300000000715954,0.09250317239575065,0.13934669196737365,0.09650443591011519,3.710017239924721,1.0
859822,1,False,goal_missed,-48.89728492724586,12.500000000727596,0.09105557877947938,0.2401221072720874,0.3366400372428114,2.2389495429175184,1.0
859943,1,False,off_path,-223.10100082524647,12.100000000704313,0.4183596929087142,1.166547287337201,1.4955741409504317,27.747035588970732,1.0
860045,1,True,success,249.5103185067692,10.200000000593718,0.020575649199994897,0.045561816577192646,0.08606820703069766,0.9592650986234647,0.8888888888888888
860184,1,False,goal_missed,-147.34298830068894,13.900000000809086,0.192050577136038,0.3342547067917389,0.3976089123543953,8.693109412461963,1.0
860321,1,False,goal_missed,-217.3806268263734,13.700000000797445,0.3393705915734284,0.5833556964361327,0.45295934167038293,18.309336277390287,0.8888888888888888
860463,1,False,goal_missed,-118.87208511320833,14.200000000826549,0.12076605368608614,0.22169324619190378,0.30482629200273137,11.625887603892837,0.8888888888888888
860568,1,True,success,248.17244522517444,10.50000000061118,0.035024709018649014,0.054128487662420975,0.090830315912649,0.7262389214565816,0.8888888888888888
860705,1,False,goal_missed,-375.6820328395919,13.700000000797445,0.47764207389728036,0.6543869018434115,0.6607293047149844,15.99728520830034,0.5555555555555556
860833,1,False,goal_missed,-94.73246085534748,12.800000000745058,0.2012714450993448,0.37894129154903544,0.45831162206276893,3.6518860674690514,1.0
860957,1,True,success,208.0712441976311,12.400000000721775,0.025617508348688398,0.06380539929156008,0.09562690111427347,3.620381343336,1.0
861097,1,False,off_path,-305.27919906699674,14.000000000814907,0.553396823144909,1.0137209847598174,1.0284522082891288,19.93753389809763,1.0
861245,1,False,goal_missed,-231.91605572856304,14.800000000861473,0.3062618851434934,0.6700893425235102,0.7465183432124639,13.868223155333613,1.0
861370,1,False,goal_missed,-63.99181138189047,12.500000000727596,0.13297723497989514,0.29263942743121457,0.3693536354671999,2.699796778060353,1.0
861570,1,False,timeout,-173.28738792071434,20.000000001164153,0.1533318987106805,0.1950429314567185,0.3265850718490378,2.122550626413133,1.0
861696,1,False,goal_missed,-107.67369966506658,12.600000000733417,0.22013573871189004,0.401904226432858,0.4605331676754815,4.6499242258283235,0.8888888888888888
861834,1,False,goal_missed,-216.9205687845611,13.800000000803266,0.31864353780484683,0.5282825942765023,0.5937871270238799,7.669857588821017,0.8888888888888888
861969,1,False,goal_missed,-124.65326570661549,13.500000000785803,0.20428967359759076,0.34655643019468774,0.3203250958832758,16.448954920993618,1.0
862109,1,False,goal_missed,-120.48237232493591,14.000000000814907,0.17027473728295014,0.40899683341041293,0.5020255718125635,10.65550478036549,1.0
862225,1,False,off_path,-195.14548334291368,11.600000000675209,0.45597334670222384,1.043113647315938,1.0885590199694444,17.92714666826606,0.8888888888888888
862338,1,True,success,183.83966743522652,11.300000000657747,0.09670222595527915,0.2259853892788024,0.0835185985858924,6.481977475854882,0.7777777777777778
862454,1,False,off_path,-191.8904036505532,11.600000000675209,0.4487161249055569,1.0286479741648207,1.0625487356294618,18.844694608774894,0.8888888888888888
862590,1,False,goal_missed,-101.29866821620655,13.600000000791624,0.12064596969693003,0.20825100743632646,0.30202065239221454,12.452308615188267,1.0
862719,1,False,goal_missed,-60.742203007231645,12.900000000750879,0.11454254338588198,0.256743184396055,0.34836131232444484,2.1655201599438545,1.0
862863,1,False,goal_missed,-115.91025033424671,14.40000000083819,0.11652002390748517,0.22201454189216438,0.32486193819156695,4.895129961533645,1.0
862996,1,False,goal_missed,-102.16048715066945,13.300000000774162,0.16999775389389538,0.2909185483969257,0.3196189435182685,13.362334012874594,1.0
863196,1,False,timeout,-521.5256777316363,20.000000001164153,0.39873618523106286,0.6085250721808979,0.6331674345838959,21.480942915083617,1.0
863323,1,False,goal_missed,-167.48361492178702,12.700000000739237,0.3194103364578183,0.6134153133632754,0.6723636832278099,7.836315610892277,1.0
863488,1,False,goal_missed,-320.4837129915114,16.500000000960426,0.3757953079963253,0.7238222678384529,0.7547192206302681,18.945161337447136,0.8888888888888888
863617,1,False,goal_missed,-57.0384535514865,12.900000000750879,0.10711944353785634,0.24423024635170917,0.3340913143672608,1.7646090068210745,0.8888888888888888
863752,1,False,goal_missed,-103.90437012797817,13.500000000785803,0.12881685651861438,0.27277689734236643,0.3678056410814627,4.811255257473727,0.8888888888888888
863880,1,False,goal_missed,-57.952322561153274,12.800000000745058,0.11482585103509589,0.2760806013746288,0.3606457676986743,2.6408050475609417,0.7777777777777778
863981,1,False,off_path,-252.639659338608,10.100000000587897,0.5334680623021384,1.0458961111714595,1.1755789445446982,18.850193228270538,0.5555555555555556
864086,1,True,success,257.8740374018914,10.50000000061118,0.019229663389518353,0.048363268766903056,0.09957104090700353,1.1038299847054638,1.0
864224,1,False,goal_missed,-378.86457327333864,13.800000000803266,0.5061767008805801,0.8303801659767294,0.8694122442350097,8.48523609949002,0.7777777777777778
864354,1,False,goal_missed,-59.125582887343384,13.0000000007567,0.11411331223573166,0.2681832355082751,0.35087221612935543,2.588520693267182,0.8888888888888888
864472,1,True,success,208.41759538661225,11.80000000068685,0.032111726760654234,0.07322483567947077,0.09347725446515716,3.4261348140133854,0.8888888888888888
864580,1,True,success,252.73545216397793,10.800000000628643,0.06125518780837528,0.09381021672493063,0.09642819503743855,1.2049175641708632,1.0
864721,1,False,goal_missed,-219.0179216546539,14.100000000820728,0.3306048801350174,0.6362964497998628,0.7032666463044179,9.167453758666621,0.8888888888888888
864849,1,False,goal_missed,-60.434447419543254,12.800000000745058,0.12491313163802346,0.28257908111991276,0.37216735153633823,3.2500875036735857,1.0
864971,1,True,success,196.09566581331808,12.200000000710133,0.06800460710547224,0.1384349869491039,0.09473549235530261,6.753565113474774,1.0
865076,1,True,success,258.4981255446301,10.50000000061118,0.042774324619297935,0.07215618803406135,0.08590222179555711,1.3118308082776773,1.0
865217,1,False,goal_missed,-207.23310475543468,14.100000000820728,0.2899977486563372,0.3958785892653611,0.4633216611005638,5.192313876584806,0.7777777777777778
865337,1,False,off_path,-210.36226955090854,12.000000000698492,0.4704244827397839,1.0137945669209976,1.0460203263608714,18.82756411300909,0.8888888888888888
865479,1,False,goal_missed,-163.0188275994679,14.200000000826549,0.24464384156763014,0.4757841823643483,0.5427740513646234,6.6182932330069075,0.8888888888888888
865610,1,False,goal_missed,-281.0705924237901,13.10000000076252,0.5050243923862808,0.9485197434209096,0.9904522261852425,12.395573008350182,1.0
865745,1,False,goal_missed,-167.06733822620856,13.500000000785803,0.24930898120715667,0.4397188111213117,0.5136623593012,4.594879858381602,0.8888888888888888
865874,1,False,goal_missed,-52.49295077685768,12.900000000750879,0.10569815434010751,0.261441911921704,0.33974527269936233,2.0528711116659584,1.0
866017,1,False,goal_missed,-216.96179355753293,14.30000000083237,0.27317753160903424,0.597619431178917,0.32219842471161547,19.75872366929363,0.8888888888888888
866149,1,False,goal_missed,-66.64137405363329,13.200000000768341,0.1403947198543006,0.29827302839444486,0.3851631658955268,2.6683156348467674,1.0
866289,1,False,goal_missed,-128.2704352664451,14.000000000814907,0.19537527721118317,0.40530011966220647,0.4733340456270745,5.200554728740526,0.8888888888888888
866419,1,False,goal_missed,-54.97246711261012,13.0000000007567,0.10405852144801533,0.23611887948179977,0.3333460241509523,1.678964950170802,1.0
866555,1,False,goal_missed,-107.39657286004146,13.600000000791624,0.13875042064507986,0.2801257536961172,0.38632966221977205,5.944392814743774,1.0
866685,1,False,goal_missed,-72.74153787727273,13.0000000007567,0.15455768118659374,0.3096761024077725,0.3868760626422239,2.589743994613254,1.0
866810,1,True,success,153.29042345575021,12.500000000727596,0.10015518429422492,0.1891223928173905,0.09952628979951032,5.4012943167906275,1.0
866937,1,False,goal_missed,-77.6790328638814,12.700000000739237,0.15876222498005343,0.29605142497423254,0.37698151746093755,2.201322137364614,1.0
867076,1,False,goal_missed,-162.86295283223922,13.900000000809086,0.2598467726623452,0.4423942575988667,0.5065560390692834,4.591738262047982,0.8888888888888888
867206,1,False,goal_missed,-66.73455427747133,13.0000000007567,0.13843699287888397,0.29376814638726817,0.3667667591805718,2.4750724531644184,1.0
867319,1,True,success,205.55577018060467,11.300000000657747,0.061925555598635516,0.1311466584120432,0.08349310451316726,4.886589182602635,1.0
867428,1,True,success,252.85885460602782,10.900000000634464,0.055966297340304796,0.08786144811024611,0.09660418974243766,1.0207586344018278,1.0
867576,1,False,goal_missed,-171.64786874647422,14.800000000861473,0.21302202780140625,0.4397555605968232,0.32127405796034436,17.7874314672268,1.0
867705,1,False,goal_missed,-68.66012890031361,12.900000000750879,0.14121460211971798,0.28339533696440716,0.3521289820824469,1.695166192062417,1.0
867855,1,False,goal_missed,-220.7740491938902,15.000000000873115,0.2906191394023456,0.6488957759563203,0.7421023296549986,15.494246072217807,1.0
867981,1,False,goal_missed,-62.46055793551596,12.600000000733417,0.13030250194291765,0.2821767697875138,0.3704764278059675,2.7699973402361913,1.0
868124,1,False,goal_missed,-154.99541568743592,14.30000000083237,0.21490199697535597,0.32938800625305537,0.3907064520885109,5.115568388598012,1.0
868234,1,True,success,255.6872515803018,11.000000000640284,0.031223761439845704,0.07672401307340532,0.09679104943181628,1.691376168513008,1.0
868376,1,False,goal_missed,-111.721261531233,14.200000000826549,0.1423933441028613,0.27454678182002523,0.3322210433731633,6.177562853091841,1.0
868487,1,True,success,253.17794325194575,11.100000000646105,0.049203458665060734,0.09219548517349413,0.09691614012936471,1.3151024544216632,1.0
868627,1,False,goal_missed,-149.43552022923296,14.000000000814907,0.22956276718350452,0.47691751680331895,0.5527165706661247,7.594330660163935,0.8888888888888888
868735,1,True,success,259.3946129117248,10.800000000628643,0.008911303309410042,0.019048519539779905,0.08343135489421448,1.2366132468781115,1.0
868853,1,True,success,202.14352071621832,11.80000000068685,0.07824527808590294,0.15239593222539166,0.09897418750412909,4.743772178387183,0.8888888888888888
868969,1,False,off_path,-194.62616624426914,11.600000000675209,0.45304237121256563,1.0517549629991318,1.0969230362593227,19.15046446694696,0.8888888888888888
869115,1,False,goal_missed,-306.88678911727584,14.600000000849832,0.40614848933041076,0.7699212997387065,0.8176132814832419,11.43127470302955,1.0
869224,1,True,success,244.09431548914455,10.900000000634464,0.04012494507489977,0.08454145090808178,0.09172156118530668,1.1922410610048646,0.8888888888888888
869368,1,False,goal_missed,-117.83375328389855,14.40000000083819,0.11753412228999575,0.24831290446645765,0.30739095206472555,11.328426514229673,1.0
869499,1,False,goal_missed,-53.032784165163754,13.10000000076252,0.10065150807053488,0.2382204793125301,0.33377114821217113,1.3132535874606828,1.0
869614,1,True,success,217.63380085763833,11.500000000669388,0.05056777846079964,0.11500996514630248,0.09446736652828291,3.4163285535881807,1.0
869743,1,False,goal_missed,-57.83064784305679,12.900000000750879,0.11458005427111775,0.2632856437524869,0.34838121395636845,1.8758512673696202,1.0
869907,1,False,goal_missed,-385.48071406224983,16.400000000954606,0.4596809811871551,0.8434496435131544,0.8834182657197611,17.5479691387825,0.8888888888888888
870036,1,False,goal_missed,-67.80531845443622,12.900000000750879,0.1422366482785397,0.31990250095052664,0.3944869344187718,3.249408786373101,1.0
870178,1,False,goal_missed,-91.38644952497802,14.200000000826549,0.10172906511450948,0.2280885649729779,0.30634456558375844,9.842839523340048,1.0
870308,1,False,off_path,-260.3452892542044,13.0000000007567,0.5242237460827354,1.0172515986238655,1.0521026329499505,19.317431469501443,0.8888888888888888
870449,1,False,goal_missed,-99.4251951029483,14.100000000820728,0.14413531521865403,0.2682076288402698,0.3642513866319041,2.9847575177857757,1.0
870555,1,True,success,244.82695543539586,10.600000000617001,0.02529072990205584,0.06489173397594751,0.09724894600466544,2.0890525154049433,0.8888888888888888
870692,1,False,goal_missed,-119.66186696616819,13.700000000797445,0.18039448730306695,0.36017288433520206,0.4485159340311626,6.697567585099183,0.8888888888888888
870795,1,True,success,250.8455993332771,10.300000000599539,0.018634146487033848,0.03311557547084134,0.08120066826488258,0.7416306114563926,0.8888888888888888
870931,1,False,goal_missed,-356.2032277337293,13.600000000791624,0.47044091749675815,0.7316604489080285,0.7663166550433917,12.301796391995683,0.7777777777777778
871058,1,False,goal_missed,-50.57019467407077,12.700000000739237,0.08871234641695475,0.24458335537998763,0.3324637033811503,3.2508847459488983,0.8888888888888888
871177,1,True,success,202.92606049900274,11.900000000692671,0.026405808970564954,0.04824061944802832,0.09783453428368136,2.305977230284997,0.8888888888888888
871340,1,False,off_path,-416.9405806216287,16.300000000948785,0.618524687890793,1.0073822653153661,1.0139360107704691,21.2485499298581,1.0
871485,1,False,goal_missed,-121.79611101605026,14.500000000844011,0.12177295529653286,0.24710975758956844,0.31970099740191854,10.963979573831134,0.8888888888888888
871614,1,False,goal_missed,-78.4209058480939,12.900000000750879,0.15608064228514268,0.25720333120665895,0.34969911646431406,1.8566390842460876,0.8888888888888888
871758,1,False,goal_missed,-222.08905073848004,14.40000000083819,0.3187360914458925,0.5004477524683903,0.5092348466723817,7.579995537278334,0.7777777777777778
871888,1,False,goal_missed,-61.924921925673154,13.0000000007567,0.129091814721771,0.2928354707679099,0.3700649402359982,2.819467309118632,1.0
872029,1,False,goal_missed,-227.93049584449253,14.100000000820728,0.3452971223961875,0.6687700887970043,0.7210079157296112,9.024710715862792,1.0
872163,1,False,goal_missed,-114.75610832617906,13.400000000779983,0.23254464234995403,0.45031084568812335,0.5085855986116583,5.485718657941465,0.8888888888888888
872305,1,False,goal_missed,-147.0657800627739,14.200000000826549,0.22057799733918515,0.38793752718817637,0.4605123121234452,4.192604901627474,1.0
872410,1,True,success,260.09995863547357,10.50000000061118,0.02586025468040339,0.04740980666897669,0.0922495682144169,1.052335099335973,1.0
872552,1,False,goal_missed,-111.55390704426766,14.200000000826549,0.1542142413747142,0.3018105188361705,0.39408828752428776,3.569785686882322,0.8888888888888888
872681,1,False,goal_missed,-74.18107394378995,12.900000000750879,0.15408975047371892,0.33351404819706465,0.41414411079377433,3.778199775063027,1.0
872822,1,False,goal_missed,-152.1882104406609,14.100000000820728,0.2015427824841705,0.3144137695040106,0.39507719294727706,5.573722722342877,0.8888888888888888
872952,1,False,goal_missed,-52.75488926770762,13.0000000007567,0.09916779595856264,0.24109012176915262,0.3395915470775352,2.946091294385411,1.0
873094,1,False,goal_missed,-251.94129232326088,14.200000000826549,0.361788524983131,0.7026900893814364,0.7734166277671524,11.066049387534447,1.0
873226,1,False,goal_missed,-246.00174263145078,13.200000000768341,0.40720944991585917,0.7497368954739073,0.8065917753383353,10.853484736611271,0.8888888888888888
873345,1,True,success,214.47116264247788,11.900000000692671,0.05251429215952568,0.09433588895464042,0.09487569854830823,2.018600680502643,1.0
873477,1,False,goal_missed,-51.75406769797157,13.200000000768341,0.0962160902628985,0.21961153969413721,0.33647915434720427,1.7702641700284636,1.0
873599,1,True,success,197.72851347036172,12.200000000710133,0.06308785023169647,0.11866756062878206,0.08366222173922716,3.903794971860469,1.0
873731,1,False,goal_missed,-57.39040590603037,13.200000000768341,0.10900834193946804,0.2645080765195716,0.3540464471410679,2.5991702920997177,0.8888888888888888
873873,1,False,goal_missed,-112.0244805520809,14.200000000826549,0.15471355696660974,0.303875649642854,0.3920914773583168,3.4938756035253338,1.0
874005,1,False,goal_missed,-60.71101271927726,13.200000000768341,0.11638756654998672,0.27224059092533365,0.354714543616653,2.8448300066951564,0.8888888888888888
874143,1,False,goal_missed,-294.93303535310963,13.800000000803266,0.40525241131202006,0.6125108148264605,0.6034797291278255,8.411190711693543,0.6666666666666666
874276,1,False,goal_missed,-141.98120274518703,13.300000000774162,0.27326072604714136,0.49066407782666377,0.5573844913975167,4.7268652401535505,1.0
874438,1,False,goal_missed,-383.9966904025011,16.200000000942964,0.46459804931566356,1.0025140122596727,1.0936018825103229,26.735017298012302,0.8888888888888888
874546,1,True,success,254.04170682309027,10.800000000628643,0.05235827793612243,0.07722922003878796,0.09613879067714523,1.037914010476086,1.0
874661,1,True,success,204.6151755916576,11.500000000669388,0.08582974515932115,0.1438438904403337,0.08987349995564035,4.270820242815543,0.8888888888888888
874801,1,False,goal_missed,-115.0533468555118,14.000000000814907,0.16744731638749072,0.3075052899261386,0.3061381050418295,16.67444417806998,1.0
874940,1,False,goal_missed,-104.3441021446134,13.900000000809086,0.14549487863762606,0.2688983800047332,0.3568747964745958,3.3614404820699186,1.0
875070,1,False,goal_missed,-56.2273615562024,13.0000000007567,0.11471986547386713,0.2768661509820634,0.36266498711370704,2.9137226278470103,1.0
875213,1,False,goal_missed,-288.24962069938454,14.30000000083237,0.40000222982271166,0.6055865927624527,0.6503295530059311,7.595857456893764,1.0
875320,1,True,success,247.1382035236494,10.700000000622822,0.014936340501997287,0.041079080916341715,0.09492645086347905,1.0682765293153373,0.8888888888888888
875465,1,False,goal_missed,-169.75116944807758,14.500000000844011,0.24122295816247877,0.41053125713257466,0.4234584456841043,7.709979115133638,1.0
875575,1,True,success,255.3803154029028,11.000000000640284,0.03078313315659786,0.06298394907073253,0.09498301293249208,1.1412390852793675,1.0
875740,1,False,goal_missed,-200.259953279753,16.500000000960426,0.1610351834642499,0.31307440713965123,0.32252831568950724,21.871511744280223,1.0
875870,1,False,goal_missed,-60.65160472876901,13.0000000007567,0.11713040524171103,0.24052870061828838,0.32679684523164354,1.3566719421042654,1.0
876012,1,False,goal_missed,-243.62497579989423,14.200000000826549,0.3508839096325857,0.7020311974668084,0.7754611973168308,11.744924360848328,1.0
876145,1,False,goal_missed,-58.553739252371685,13.300000000774162,0.11917598628888068,0.26679739875598935,0.3646781057874225,2.979980493902439,1.0
876282,1,False,goal_missed,-99.38074819868072,13.700000000797445,0.13425042335417145,0.222371720641479,0.3320530239570359,4.041785246587413,1.0
876418,1,False,goal_missed,-106.46465807991176,13.600000000791624,0.2190598248613945,0.4280458414697059,0.4935604713161512,5.44085406526978,1.0
876618,1,False,timeout,-201.32448461735316,20.000000001164153,0.05118475074718115,0.07876986265820837,0.22847763610863953,5.114576415053883,1.0
876740,1,False,off_path,-210.86669982332967,12.200000000710133,0.4654876730675605,1.0176521214270933,1.0399164145826496,19.053299494013995,0.8888888888888888
876906,1,False,goal_missed,-416.93928721257896,16.600000000966247,0.5258692422438206,0.9378591347358187,0.9739340545865954,15.695874816972601,1.0
877038,1,False,goal_missed,-111.9308022493744,13.200000000768341,0.2226231883334293,0.41863096089455293,0.487882731227913,4.179379970225314,0.7777777777777778
877206,1,False,goal_missed,-180.77066465512533,16.80000000097789,0.21064366820516012,0.3610793761905291,0.42146756389659423,11.138051892016088,0.7777777777777778
877311,1,True,success,245.96558711024528,10.50000000061118,0.0322520720072648,0.07544849725467184,0.09578583182139486,1.1069609791046267,0.8888888888888888
877460,1,False,goal_missed,-165.2787993500738,14.900000000867294,0.18466684870728292,0.35182665819719405,0.32227187803467383,12.822791420010404,1.0
877574,1,False,off_path,-181.20628084341314,11.400000000663567,0.43711568150850433,1.079879946323659,1.1828144610034554,20.020228333112527,0.8888888888888888
877722,1,False,goal_missed,-94.7690326006899,14.800000000861473,0.10297131224658061,0.23740516139007498,0.3243347032735166,4.262464143456197,0.8888888888888888
877830,1,True,success,260.586446865867,10.800000000628643,0.003637318350659786,0.009486729310801124,0.08420440124521196,0.6945793257354429,1.0
877974,1,False,goal_missed,-116.62758557483195,14.40000000083819,0.16149099513549559,0.3356051037827396,0.42168438715038337,6.356499977109351,1.0
878102,1,False,goal_missed,-125.15705455941468,12.800000000745058,0.2507753575099531,0.4668832834744604,0.5390629367925176,5.021930135253989,0.8888888888888888
878238,1,False,goal_missed,-176.55902687168503,13.600000000791624,0.2790184361370428,0.4783023494256967,0.32019799257283044,9.824795929953078,0.8888888888888888
878349,1,True,success,247.7316224951429,11.100000000646105,0.044454889821938647,0.08751957233731246,0.09354249847628618,2.2967661310502936,1.0
878465,1,True,success,206.68598763275807,11.600000000675209,0.08190466608191256,0.17987390538115952,0.09628316062383882,5.794289069209543,1.0
878579,1,False,off_path,-200.00603921017424,11.400000000663567,0.45880901736064555,1.0649881359227276,1.1394641136149901,17.74695053967426,1.0
878727,1,False,goal_missed,-120.32753486613299,14.800000000861473,0.12949203884127625,0.25312098377819287,0.31397390295283417,11.633566235095929,0.8888888888888888
878836,1,True,success,258.63144591311595,10.900000000634464,0.016394665028529574,0.04145609753018417,0.08935738899838372,1.6446871264838092,1.0
878981,1,False,goal_missed,-125.35531487659549,14.500000000844011,0.14540222885140816,0.2483215366107875,0.30649999853492893,13.2554499352205,1.0
879113,1,False,goal_missed,-50.590134682427056,13.200000000768341,0.09331351008296107,0.23244070998777577,0.32135990402347964,1.3571397661713371,1.0
879282,1,False,goal_missed,-442.5707480870469,16.90000000098371,0.5483076630546424,0.9809400237932574,0.8894708367898654,19.35978956948406,0.8888888888888888
879403,1,False,off_path,-209.7885924917311,12.100000000704313,0.46894962471184487,1.0233622790079597,1.051026339012489,18.632454469897663,0.8888888888888888
879524,1,True,success,190.01636714158818,12.100000000704313,0.08783295915547507,0.16341126336574574,0.09809753774545303,5.618137043885412,0.8888888888888888
879646,1,False,off_path,-189.94105172482205,12.200000000710133,0.4331649183244286,1.049222536626529,1.0911318938145298,18.5993411797104,1.0
879794,1,False,goal_missed,-108.99072893037014,14.800000000861473,0.12249004645847317,0.21040209001748172,0.31486680751337276,5.682547857590969,1.0
879901,1,True,success,260.42030246521176,10.700000000622822,0.004623684035057302,0.011215122472104808,0.08054163966035878,0.41909658172410263,1.0
880047,1,False,goal_missed,-175.2274466099077,14.600000000849832,0.2334220964450568,0.4387751859145568,0.3099428404977823,10.785813270456405,0.8888888888888888
880179,1,False,off_path,-256.3929829268781,13.200000000768341,0.5073739479303586,1.0119571011297968,1.0369125540015658,19.340614636901257,0.8888888888888888
880321,1,False,goal_missed,-101.35481327736356,14.200000000826549,0.1098853917400048,0.23136187592016105,0.3060188345486276,11.595277590564752,0.8888888888888888
880429,1,True,success,254.55843286041224,10.800000000628643,0.04921428303668464,0.0842726353838948,0.09247236068041831,0.956602496104721,1.0
880574,1,False,goal_missed,-111.1803976984537,14.500000000844011,0.13717694450490325,0.30466382088012933,0.40051789129883,6.939138205656638,0.8888888888888888
880680,1,True,success,254.6237928935629,10.600000000617001,0.0325252653369252,0.0604035180060529,0.09711869207683699,2.233084070167267,1.0
880823,1,False,goal_missed,-207.95667355916478,14.30000000083237,0.2966009267077284,0.5102491316323032,0.45654780993474975,10.421069246044546,0.8888888888888888
880959,1,False,goal_missed,-63.16006525571315,13.600000000791624,0.10332766352458686,0.2174845074094685,0.3089417798497139,7.855088898872535,1.0
881093,1,False,goal_missed,-132.45491951175828,13.400000000779983,0.22109982407306858,0.4113482872328867,0.47014300432335776,6.781758495091127,1.0
881228,1,False,goal_missed,-59.6002122964029,13.500000000785803,0.09210887717864673,0.2158444598253221,0.31057902033773443,7.240209072469777,0.8888888888888888
881367,1,False,goal_missed,-160.92586201193703,13.900000000809086,0.24286322604399424,0.41644143189828464,0.4860206775707713,5.240283036996463,0.7777777777777778
881535,1,False,off_path,-422.7344882934468,16.80000000097789,0.6094943030651102,1.0104592251798643,1.0247603448915525,21.02636004934027,1.0
881652,1,True,success,221.29397042815225,11.70000000068103,0.0382927629076782,0.0685904500530667,0.09717700223056895,3.9631391277992023,1.0
881782,1,False,goal_missed,-48.51856538451654,13.0000000007567,0.08894055706981085,0.24010864168366647,0.3349694870311736,1.9163559492246178,1.0
881927,1,False,goal_missed,-90.82871393892641,14.500000000844011,0.10015827702850433,0.259455738178115,0.3420061874834884,3.1706749248485924,1.0
882060,1,False,goal_missed,-152.12796924471542,13.300000000774162,0.2883128135027968,0.5259025396025213,0.5796124584084227,8.132388628060793,1.0
882182,1,True,success,205.878175093073,12.200000000710133,0.04231072462389301,0.09199876802016373,0.0976620572784073,6.559638421290389,1.0
882292,1,True,success,246.65677993128375,11.000000000640284,0.022086689844021245,0.04571632402631915,0.08856632775298157,1.2073984797255082,0.8888888888888888
882435,1,False,goal_missed,-91.42326101735063,14.30000000083237,0.10233969467301658,0.25596466209081586,0.34962695359480467,5.193200319089749,0.8888888888888888
882541,1,True,success,256.62112097783825,10.600000000617001,0.01783282478389551,0.03654904159837454,0.09786989786838036,1.8520119839126303,1.0
882690,1,False,goal_missed,-161.26268473326436,14.900000000867294,0.2190108057447564,0.30655000974555513,0.3497861808874549,10.25536668394601,0.8888888888888888
882797,1,True,success,235.7745115817475,10.700000000622822,0.02760108958242968,0.04287200082260248,0.0963673637839533,1.7327605211566408,0.7777777777777778
882941,1,False,goal_missed,-176.00352570614268,14.40000000083819,0.24116019580705347,0.4488798178867486,0.5129060261062283,11.548351593033935,1.0
883048,1,True,success,255.20087739782073,10.700000000622822,0.04009487703256138,0.08491269111575815,0.09670067089470093,2.3432882855068335,1.0
883201,1,False,goal_missed,-148.69685356088715,15.300000000890577,0.1372010576803728,0.307376623303682,0.32503453403715354,15.619156483990993,1.0
883319,1,False,off_path,-187.81559851192853,11.80000000068685,0.4386968017589115,1.061717950658622,1.1484228657811153,18.856369307146426,0.7777777777777778
883446,1,True,success,176.7946503922638,12.700000000739237,0.05854747863049734,0.10999541657754015,0.09611302137969474,5.031763225744214,0.8888888888888888
883555,1,True,success,258.7170832698981,10.900000000634464,0.014310489820794718,0.03494071175151489,0.0940459906303306,0.7356206212018546,1.0
883677,1,True,success,189.0090453843811,12.200000000710133,0.05430254269140219,0.10970080616695818,0.0949110136394336,5.940643443022703,1.0
883811,1,False,goal_missed,-62.70360562781257,13.400000000779983,0.1206338092992279,0.2648328184802183,0.3579760576344483,2.7969356628154056,0.8888888888888888
883958,1,False,goal_missed,-168.01637372175458,14.700000000855653,0.19379141777475564,0.3683839215417601,0.32343377276834545,14.126638100082875,1.0
884063,1,True,success,260.5419923105304,10.50000000061118,0.010066418385319582,0.02142772218413891,0.09066699066645645,0.9280783522683875,1.0
884188,1,True,success,198.8153009015868,12.500000000727596,0.043256667372420655,0.08192123079371988,0.09323955456325585,4.102878885224887,0.8888888888888888
884320,1,False,goal_missed,-52.72025116922185,13.200000000768341,0.08873374409461271,0.2215939777503997,0.32981567254841937,1.825210467840274,0.8888888888888888
884438,1,True,success,199.26663118826824,11.80000000068685,0.04364897203296954,0.08208826891414445,0.09689429568260616,5.36152205369748,0.8888888888888888
884575,1,False,goal_missed,-49.881890703226276,13.700000000797445,0.08981608210756081,0.23453306880916092,0.3265885109225661,2.4620112372982934,1.0
884723,1,False,goal_missed,-111.00139587169095,14.800000000861473,0.10487482427899604,0.22363336482376125,0.31492930721204404,9.66629262904388,1.0
884863,1,False,off_path,-279.1709728141128,14.000000000814907,0.5170356830817026,1.0098800605644271,1.0171737993336483,19.916192577154906,1.0
885009,1,False,goal_missed,-293.2308974206884,14.600000000849832,0.3959310882343378,0.6013020683202424,0.6474587507107193,7.044815153068542,0.7777777777777778
885116,1,True,success,259.2577266540089,10.700000000622822,0.01615934886187606,0.034771989947956446,0.09637860299424954,0.5601544966391935,1.0
885262,1,False,goal_missed,-144.72179174344626,14.600000000849832,0.1908719652620998,0.32685466231095983,0.3476919664164879,13.072943989077038,1.0
885397,1,False,goal_missed,-78.63007662751029,13.500000000785803,0.16284453812060334,0.31816903866835056,0.39464788307983273,3.808800406854935,1.0
885550,1,False,goal_missed,-181.7407350645201,15.300000000890577,0.21025009312346835,0.42038537293551204,0.30556311963518684,16.602573349200792,1.0
885659,1,True,success,247.7961901157865,10.900000000634464,0.014702090763369306,0.03955489978761139,0.08799210138968289,1.0882259643427252,0.8888888888888888
885805,1,False,goal_missed,-121.10054224385553,14.600000000849832,0.1748230767493893,0.3909820252257211,0.4633614776084579,7.55639575347488,1.0
885912,1,True,success,259.4051728768786,10.700000000622822,0.005170299640051144,0.011435015307148565,0.08693926120061259,0.6856077148516717,1.0
886029,1,True,success,205.4126901280837,11.70000000068103,0.07739924097858356,0.1322086860046513,0.08484569108816098,4.015501236517046,1.0
886160,1,False,goal_missed,-107.36662118944689,13.10000000076252,0.21220182158738563,0.3892890181061525,0.4570049400084005,6.035823571660036,1.0
886278,1,True,success,204.93417000533833,11.80000000068685,0.08247063836597954,0.16430295129692118,0.08890798505899214,4.698410244412215,1.0
886386,1,True,success,247.7146234532405,10.800000000628643,0.013873842570460149,0.022995497364791923,0.09893740206736945,0.6490705862554116,0.8888888888888888
886533,1,False,goal_missed,-147.86904352245298,14.700000000855653,0.1847911350330284,0.31665717287563955,0.3717612687068675,9.585867973731398,1.0
886645,1,True,success,252.70710330525299,11.200000000651926,0.038418105055158795,0.0873843322018719,0.09579440575701939,2.247916224897534,1.0
886765,1,True,success,206.10842196983288,12.000000000698492,0.051777630514494626,0.10550494368179525,0.08716623139992652,5.326544592727566,1.0
886877,1,True,success,242.27294935173705,11.200000000651926,0.038224478571362096,0.07366098779343275,0.09023573454368462,1.875211645467989,0.8888888888888888
887022,1,False,goal_missed,-174.79546362947417,14.500000000844011,0.21334825037083122,0.378582596428427,0.4431176238206417,10.433936502646944,1.0
887157,1,False,goal_missed,-69.80073084212201,13.500000000785803,0.12169312423299863,0.24181765294019897,0.3099216609167171,8.989157109100848,1.0
887304,1,False,goal_missed,-174.56981009064032,14.700000000855653,0.23840972523947696,0.4843558633889374,0.5540503436984964,11.566772738156029,1.0
887409,1,True,success,258.1238391635746,10.50000000061118,0.014618047862541525,0.026025526804108023,0.09603517089193017,0.9781466296699958,1.0
887552,1,False,goal_missed,-178.6967629357215,14.30000000083237,0.2576120270387563,0.45498525293367037,0.507649041171593,8.114344636595932,1.0
887661,1,True,success,241.77389470727599,10.900000000634464,0.05108858379214847,0.08698396042400722,0.09394352189386862,1.3447146075652592,0.8888888888888888
887805,1,False,goal_missed,-137.81658715261392,14.40000000083819,0.18701135043688014,0.3503319348957758,0.42742373233536746,6.6262945585229955,1.0
887938,1,False,goal_missed,-52.95366733522021,13.300000000774162,0.09302568794589844,0.23343800439045603,0.3035920250993494,6.32547889300869,1.0
888083,1,False,goal_missed,-203.46013246435996,14.500000000844011,0.29032114237309037,0.5448642721216806,0.606507453511426,6.218630702034109,0.8888888888888888
888190,1,True,success,258.74995775632675,10.700000000622822,0.020419693841954512,0.0409599220002327,0.09460727883928807,1.2657401110607938,1.0
888308,1,True,success,200.13458418731906,11.80000000068685,0.06121479615638321,0.09791823373443209,0.0988931966412309,5.474219774646405,1.0
888442,1,False,goal_missed,-68.16026324372906,13.400000000779983,0.11760980570898094,0.2359510700362355,0.3131190827385176,8.284638765489065,1.0
888586,1,False,goal_missed,-115.51894547143839,14.40000000083819,0.14509993643453856,0.30596302518382484,0.38526155515885613,5.375788508964146,1.0
888722,1,False,goal_missed,-59.80047239227404,13.600000000791624,0.09921033255957398,0.2187502734405425,0.30285959071694313,7.84882388161656,1.0
888843,1,True,success,210.96893888445337,12.100000000704313,0.059868018812237245,0.08845606914490094,0.0970649150547987,1.913542962737308,1.0
888958,1,False,off_path,-190.53024729603214,11.500000000669388,0.4439727796954769,1.0530186061031668,1.123029987247059,20.121427360142206,0.8888888888888888
889108,1,False,goal_missed,-221.9572109532224,15.000000000873115,0.2985534669625795,0.4368004212176483,0.38973914023975353,15.246436083069698,0.7777777777777778
889229,1,False,off_path,-207.7212197973609,12.100000000704313,0.4590125846973121,1.0235383017064466,1.054808747760563,19.2346436217572,0.8888888888888888
889371,1,False,goal_missed,-108.21244838632,14.200000000826549,0.15043785543098998,0.30390177688330644,0.37601605986567654,3.857183245645423,1.0
889479,1,True,success,260.07759576356796,10.800000000628643,0.018401141939422886,0.04833861650320805,0.08712879494650236,1.153314761002024,1.0
889620,1,False,goal_missed,-119.26544708823853,14.100000000820728,0.1511565269177365,0.22619611056832536,0.3028841672410451,8.755156365722277,1.0
889761,1,False,goal_missed,-155.62383248282924,14.100000000820728,0.26384372567460973,0.4523056423022936,0.39522051481673287,13.880282785903368,0.8888888888888888
889909,1,False,goal_missed,-127.28327373251174,14.800000000861473,0.10680398528398322,0.22155551913743002,0.31280772116690875,13.71804101922667,1.0
890018,1,True,success,252.86682261419523,10.900000000634464,0.04054239918685189,0.0713269426957313,0.09239132926000541,1.752666491803283,1.0
890140,1,True,success,201.73250744491403,12.200000000710133,0.06394191691789698,0.10037471239936895,0.08728558022080336,2.961476644026331,0.8888888888888888
890248,1,True,success,258.5417624630858,10.800000000628643,0.025695784496718152,0.03960481222028745,0.08915975192004794,0.6090184425442176,1.0
890441,1,False,off_path,-577.6233615634876,19.300000001123408,0.4717838204243219,0.9911168785865551,1.865032865340449,48.74651601391387,0.6666666666666666
890548,1,True,success,257.1295326578257,10.700000000622822,0.01868969993106092,0.046201748172416776,0.09597673257590848,1.691651033295489,1.0
890666,1,True,success,183.811594287575,11.80000000068685,0.09566210339041596,0.1804688046405947,0.09319744555733776,5.404791877192159,0.8888888888888888
890776,1,True,success,229.96196267460383,11.000000000640284,0.04638186566322698,0.0871241786034031,0.09308091781663934,1.275635303436355,0.7777777777777778
890924,1,False,goal_missed,-151.37707449511706,14.800000000861473,0.18415733162750364,0.2758308723141923,0.3165470739699726,10.20225366945752,0.7777777777777778
891040,1,False,off_path,-184.30125421192844,11.600000000675209,0.43163987324795733,1.0611563187783863,1.1435874924464895,19.98606486918649,0.8888888888888888
891182,1,False,goal_missed,-164.47090925609587,14.200000000826549,0.25288103423646324,0.5228838491965857,0.5969943510266309,8.340018014619925,1.0
891312,1,False,goal_missed,-63.434227463341514,13.0000000007567,0.11684534137360553,0.25433081714036576,0.3480445167063691,3.172199214171646,0.8888888888888888
891461,1,False,goal_missed,-126.49006087447293,14.900000000867294,0.14893668678928243,0.25860045904216816,0.3175520938026671,10.571965037069685,0.8888888888888888
891571,1,True,success,246.05328086530253,11.000000000640284,0.032433926843687566,0.07480442869689398,0.09778292834090459,1.3337281129422789,0.8888888888888888
891715,1,False,goal_missed,-90.36556242286544,14.40000000083819,0.10250857284746553,0.26256107549393204,0.35790565047091966,5.292819168474317,0.7777777777777778
891847,1,False,goal_missed,-79.57514952780404,13.200000000768341,0.1413274661961924,0.24210536149732118,0.31580926768574075,9.115962111195454,1.0
891962,1,True,success,218.98388788763094,11.500000000669388,0.044718374969196756,0.10111386446764238,0.08898701320471504,4.40568466181986,1.0
892070,1,True,success,259.76453440894403,10.800000000628643,0.0077694150508448075,0.012500845809431567,0.09337912534498037,0.3289607563168927,1.0
892185,1,True,success,211.24173064898793,11.500000000669388,0.0787365301612023,0.16971297745723798,0.09225971715435281,6.0074726223833865,1.0
892297,1,True,success,245.01736986632454,11.200000000651926,0.03246751606891208,0.07187356705988808,0.09909269237786121,1.2918298445988314,0.8888888888888888
892414,1,True,success,213.2335096671493,11.70000000068103,0.026846415599837123,0.050682951149034886,0.08849633427801826,3.534873240645275,1.0
892530,1,True,success,240.40563552773096,11.600000000675209,0.042588500114931475,0.0961966611043051,0.09814209286313624,1.5891068031382531,0.8888888888888888
892672,1,False,goal_missed,-110.57344968902923,14.200000000826549,0.12662819091896385,0.21760838605749527,0.3088730339308789,9.624838553379915,1.0
892805,1,False,goal_missed,-86.50265901613871,13.300000000774162,0.1479119569090389,0.2650803341687106,0.32010803350344214,11.191513604010986,1.0
892903,1,False,wrong_direction,-171.80042692642203,9.800000000570435,0.10143430280230345,0.22647289697840253,1.9516313438346433,39.22738392203828,0.6666666666666666
893014,1,True,success,255.91647157010445,11.100000000646105,0.03108500648817234,0.057133583215753826,0.09291356500686086,1.0358440586195596,1.0
893139,1,True,success,170.38573088332387,12.500000000727596,0.11575936047891237,0.23424919619002765,0.046073173130868686,9.364027836610642,1.0
893275,1,False,goal_missed,-62.25234320460342,13.600000000791624,0.09297755872923848,0.2145751709719366,0.3029335077883486,8.844758913945062,1.0
893388,1,True,success,220.44949752584972,11.300000000657747,0.0734747920156909,0.11341311563033135,0.09741162635188981,3.5048930438287385,1.0
893497,1,True,success,256.28679468071533,10.900000000634464,0.03160428602733186,0.06481999135234856,0.09894545101340843,1.5969331290938984,1.0
893639,1,False,goal_missed,-127.35239807570213,14.200000000826549,0.17005926441874508,0.3395806644955404,0.4214846479421433,8.974013602219632,1.0
893779,1,False,off_path,-277.26301303777274,14.000000000814907,0.5188414225898861,1.011451926215164,1.031081274039544,19.49034222277483,1.0
893903,1,True,success,191.44873596785695,12.400000000721775,0.030973356422307523,0.07635859038682703,0.08451218039883023,4.290802841069035,0.8888888888888888
894012,1,True,success,249.11056233346338,10.900000000634464,0.007478262137549988,0.013722920164842754,0.092608670125332,0.6872311399303563,0.8888888888888888
894167,1,False,goal_missed,-141.52678468996655,15.500000000902219,0.16500991645694302,0.2563118035255678,0.31184686897986597,12.773617649614845,0.8888888888888888
894273,1,True,success,256.01723629358025,10.600000000617001,0.03966018927192225,0.07121972551738219,0.08569797458738422,2.164574465192823,1.0
894420,1,False,goal_missed,-95.62042252216096,14.700000000855653,0.09965532469775827,0.22054661115499105,0.3060690010410308,7.226575170930616,1.0
894530,1,True,success,252.67143567181623,11.000000000640284,0.04215445703402137,0.09732357260082296,0.09646333699077875,1.9478946851990637,1.0
894646,1,True,success,172.29743151258393,11.600000000675209,0.12963524938070778,0.2162603542615272,0.09027325840693042,6.7455720694810415,0.7777777777777778
894783,1,False,off_path,-270.4979625093578,13.700000000797445,0.5168166158075702,1.0044220606746388,1.0284140051166808,19.666404013075592,1.0
894930,1,False,goal_missed,-102.33129234484804,14.700000000855653,0.10858278563281261,0.22674925548539798,0.3077936198807831,10.019155248051092,1.0
895077,1,False,goal_missed,-232.46829888770597,14.700000000855653,0.3338368280120483,0.5917213732659004,0.42204000922911583,19.633776090682282,0.8888888888888888
895232,1,False,goal_missed,-146.93249298254426,15.500000000902219,0.1469929705619774,0.261923103936395,0.30702835994437283,16.11686352279566,1.0
895367,1,False,goal_missed,-116.62887027689469,13.500000000785803,0.23235605607052082,0.4345189754661992,0.4960703188130544,5.3770453428952925,1.0
895519,1,False,goal_missed,-119.7821350331806,15.200000000884756,0.15141356190101,0.2684998115253507,0.3328104307451834,8.869950788180287,0.8888888888888888
895650,1,False,goal_missed,-57.65689229024892,13.10000000076252,0.10048829769356467,0.19930160139314532,0.32372582999034394,1.2797668586580637,0.8888888888888888
895801,1,False,goal_missed,-138.58563811263122,15.100000000878936,0.17315123285044132,0.3146564318259609,0.33437498763177875,13.777440416967348,1.0
895940,1,False,goal_missed,-73.23778835536956,13.900000000809086,0.10905628392454897,0.23276454336056313,0.3056578294313113,10.355668478616847,0.8888888888888888
896057,1,True,success,210.6750256004506,11.70000000068103,0.03461879598169537,0.05763396178268458,0.09100060548899251,2.937167262205367,0.8888888888888888
896167,1,True,success,254.85503801593302,11.000000000640284,0.023505541632997975,0.04881611429633961,0.0939440862133005,1.671869754764544,1.0
896314,1,False,goal_missed,-155.59507055329738,14.700000000855653,0.21675148434040442,0.38172973959415674,0.380117290203996,12.323749038429892,1.0
896421,1,True,success,258.0139032071837,10.700000000622822,0.02968300755292504,0.06557371156295838,0.08837800163875249,1.5683670229030564,1.0
896577,1,False,goal_missed,-183.8896658391621,15.60000000090804,0.217191666193645,0.32411871192570807,0.3261331687693655,14.181893647934443,1.0
896709,1,False,goal_missed,-85.32008015862958,13.200000000768341,0.17486526018159507,0.3345272634817866,0.429966902065221,3.386574954639701,0.8888888888888888
896833,1,True,success,192.20089898716213,12.400000000721775,0.022220546385318483,0.04438209487219572,0.09367425024252457,3.7521488085293138,0.8888888888888888
896966,1,False,goal_missed,-58.57822726668076,13.300000000774162,0.11608040869800104,0.2544245909711684,0.3557917471869476,2.8533202174559156,1.0
897084,1,True,success,199.2897536597062,11.80000000068685,0.07384091145753637,0.17335843928336353,0.0983067745491037,5.94923153428422,0.8888888888888888
897224,1,False,goal_missed,-159.12383745217568,14.000000000814907,0.2698707818079486,0.4506097213660006,0.4032129039382485,14.295293539064579,1.0
897368,1,False,goal_missed,-133.86647368377265,14.40000000083819,0.16021581104515967,0.2976452641865228,0.3195310813871445,8.77248058144642,0.8888888888888888
897490,1,False,off_path,-206.86325072339895,12.200000000710133,0.45563721567662235,1.0231040786371794,1.0482957541155344,19.301454596337987,0.7777777777777778
897616,1,True,success,171.59272756828003,12.600000000733417,0.1255404933817196,0.2942934499636032,0.09943647619446769,12.580364376546672,1.0
897726,1,True,success,256.8319281718258,11.000000000640284,0.030308971015470035,0.0731610128203778,0.08903518619637715,1.3124207107444876,1.0
897884,1,False,goal_missed,-161.82370085363377,15.800000000919681,0.16662975413315392,0.3297806835516872,0.32082257460341496,17.694781861901134,1.0
897993,1,True,success,256.48654381682775,10.900000000634464,0.026008551110244627,0.06951711836927706,0.09241276596584327,2.0091068466844804,1.0
898109,1,True,success,220.58725135319054,11.600000000675209,0.055795713763067016,0.1175647068319905,0.0997545923279414,4.623246178349678,1.0
898214,1,True,success,260.2194199047821,10.50000000061118,0.01201492334651314,0.018979182169262684,0.09324992918870367,0.95243855475243,1.0
898332,1,True,success,168.23859348418145,11.80000000068685,0.11681733028585022,0.22321909336732204,0.09477848547274877,6.515950222465195,0.8888888888888888
898438,1,True,success,259.1775319185124,10.600000000617001,0.01343860765664716,0.023356153224310113,0.09958509420184909,0.582086045011553,1.0
898566,1,True,success,187.87931839124732,12.800000000745058,0.06902300495436117,0.11867655081784921,0.09810510948492979,5.191182848070403,1.0
898704,1,False,goal_missed,-69.45189183296768,13.800000000803266,0.11267520592842951,0.24411718337884633,0.3062610550272684,9.299549010919867,1.0
898828,1,True,success,185.77673296184275,12.400000000721775,0.10765206565671197,0.20236432433293586,0.09519576244145253,5.409699552148554,1.0
898938,1,True,success,258.75134147567206,11.000000000640284,0.013929641345080682,0.03483503918954571,0.09889717661530452,0.8649956652512716,1.0
899081,1,False,goal_missed,-99.81365279089837,14.30000000083237,0.11386842620581525,0.20423494178908297,0.31155388935472766,4.0453680775438094,1.0
899191,1,True,success,255.7253892642317,11.000000000640284,0.027073217925993084,0.05970219061211788,0.09676780469549452,1.1971657798404565,1.0
899336,1,False,goal_missed,-106.84834983788873,14.500000000844011,0.15328761895361812,0.31121850342872087,0.38000295831621733,5.516404510227004,1.0
899470,1,False,goal_missed,-86.37206064217467,13.400000000779983,0.1587672157023292,0.2893921101272948,0.37856954632111667,5.9098897581092205,0.7777777777777778
899587,1,True,success,210.79822145622884,11.70000000068103,0.09896400213657355,0.18472447827179578,0.08563283791550579,4.33303854961674,1.0
899722,1,False,goal_missed,-53.562615053357,13.500000000785803,0.09813177992172205,0.22296002493297876,0.32217222736329154,1.1030601780436582,1.0
899873,1,False,goal_missed,-179.05182363224776,15.100000000878936,0.2361391750723554,0.45706047762823027,0.31327417628103377,15.74730530977155,1.0
899979,1,True,success,259.80583148418435,10.600000000617001,0.022573154255439105,0.05448367072626365,0.09217287631541865,0.9858134806323806,1.0
900179,1,False,timeout,-298.6263990960483,20.000000001164153,0.14669841102114253,0.3088384029020746,0.25786297010198383,7.716007041729738,1.0
900290,1,True,success,257.53328112363096,11.100000000646105,0.01712752101640873,0.03140030031613399,0.0942409978999675,0.9777054723002206,1.0
900409,1,True,success,203.40498950860257,11.900000000692671,0.09217176027770174,0.15907893534309134,0.09306796638401803,3.724725966322513,1.0
900517,1,True,success,244.48597303942412,10.800000000628643,0.027545565503875286,0.06461855258717297,0.08410629891560295,2.282559449064941,0.8888888888888888
900639,1,True,success,212.562722985504,12.200000000710133,0.028556001821816123,0.05905099882675392,0.09695309707259908,3.8230470573537896,1.0
900747,1,True,success,245.3453452652571,10.800000000628643,0.013495488136069059,0.031936791153828886,0.09700371686332976,1.7757788105058312,0.8888888888888888
900905,1,False,goal_missed,-148.3782487945908,15.800000000919681,0.1350266724330111,0.22836987308758727,0.30269466251351074,16.692176827693753,0.8888888888888888
901045,1,False,goal_missed,-197.98332820051522,14.000000000814907,0.33592127425331764,0.5645525015195033,0.5934288533762224,10.039235909717563,0.8888888888888888
901169,1,True,success,190.76509369474368,12.400000000721775,0.07515884937360437,0.11098141363753745,0.0967587520764381,5.081061545702339,0.8888888888888888
901280,1,True,success,254.6166243819356,11.100000000646105,0.0375917929886534,0.052326717397494525,0.088300246157527,0.7092170146857285,1.0
901424,1,False,goal_missed,-100.33422538442083,14.40000000083819,0.11115814698100185,0.2180821293048211,0.3038663321397097,6.230682095287986,1.0
901566,1,False,goal_missed,-190.54378153599774,14.200000000826549,0.31130249413152367,0.5338474373182429,0.45406918070622726,15.079849532845193,0.8888888888888888
901687,1,True,success,209.35102982464014,12.100000000704313,0.04850064484121717,0.10186564596678295,0.08499604774235109,4.965887413269848,1.0
901825,1,False,goal_missed,-60.00153211814808,13.800000000803266,0.09809223636143719,0.21157455575962789,0.30205237699608883,7.051260786598863,0.8888888888888888
901970,1,False,goal_missed,-99.51268445906867,14.500000000844011,0.10472964412731965,0.2271532461001432,0.32499450783508116,9.026294030754691,0.8888888888888888
902089,1,False,off_path,-198.54578122740685,11.900000000692671,0.45039177930843194,1.035274140680843,1.0865869145168392,19.429435125097964,1.0
902216,1,True,success,181.70754964985622,12.700000000739237,0.08129269875158573,0.18886706950499826,0.07596253680898984,8.147855421414137,0.8888888888888888
902353,1,False,goal_missed,-71.76450761144572,13.700000000797445,0.12884761931106686,0.2467483453758749,0.3142160353423053,8.317074387965782,1.0
902497,1,False,goal_missed,-105.97118577208933,14.40000000083819,0.13659339326123665,0.25296692871261073,0.31253039601639115,9.7725024520674,1.0
902629,1,False,goal_missed,-55.05190265284052,13.200000000768341,0.08791362588644677,0.19943697670276317,0.3055189694994215,5.548002944269839,0.8888888888888888
902751,1,True,success,188.46223421752603,12.200000000710133,0.07596486252091647,0.14659689241049143,0.09088535310315293,3.3664800057427415,0.8888888888888888
902859,1,True,success,255.99431617707734,10.800000000628643,0.0358065826102882,0.05627111049720817,0.09237998405369535,0.6204843015881788,1.0
903013,1,False,goal_missed,-129.19377380587716,15.400000000896398,0.15408571192035903,0.2389894495106346,0.31739865840371984,9.215560859016733,0.7777777777777778
903154,1,False,goal_missed,-57.69157316465476,14.100000000820728,0.09375147072952732,0.23028153970006365,0.3024569001968767,7.392702134796793,1.0
903300,1,False,goal_missed,-112.81120565262663,14.600000000849832,0.11456031587152474,0.23612416869082187,0.31391775941162736,9.553429095700325,1.0
903445,1,False,goal_missed,-77.3822483241228,14.500000000844011,0.1087669081134753,0.23366397736358038,0.3123199557637667,12.01614040473126,1.0
903584,1,False,goal_missed,-99.04761495315182,13.900000000809086,0.13301465761364867,0.2955067747629626,0.38208776809902156,3.7400342212698203,1.0
903697,1,True,success,250.51420307266488,11.300000000657747,0.05747173632297689,0.08751573043667256,0.09911829548137643,1.0723967324979562,1.0
903833,1,False,goal_missed,-96.95758359002713,13.600000000791624,0.15420562423196546,0.2892929336158717,0.3641329057824202,3.7060790190963595,1.0
903944,1,True,success,256.248112802241,11.100000000646105,0.01708073578653442,0.03074804626785745,0.09768153969608222,0.7134269282958804,1.0
904144,1,False,timeout,-360.6026711203774,20.000000001164153,0.3961384063642788,0.6292535204322296,0.6372481386645408,16.885330075473814,1.0
904276,1,False,goal_missed,-69.54643055174041,13.200000000768341,0.11206641755151885,0.2243650488712387,0.30493380468807424,9.478916371855078,0.8888888888888888
904394,1,True,success,215.12448906559536,11.80000000068685,0.021934032489707395,0.0438569189563533,0.09687054966881206,3.332415843867308,1.0
904502,1,True,success,246.8483953891725,10.800000000628643,0.011216062628901225,0.024404072211195584,0.09940319423509063,1.403539156812217,0.8888888888888888
904647,1,False,goal_missed,-85.37129013628143,14.500000000844011,0.10209243142777898,0.22220885226845286,0.31940815216763735,4.970770127185519,0.8888888888888888
904774,1,False,off_path,-232.7045819898476,12.700000000739237,0.48521596980452425,1.0152157960338766,1.0360388710887267,19.276039943650847,1.0
904922,1,False,goal_missed,-192.86623675543268,14.800000000861473,0.2606991377434541,0.3785120606344246,0.3599352527876733,12.27239824925823,1.0
905122,1,False,timeout,-591.8114084564833,20.000000001164153,0.6525206972966402,0.9937499287398215,1.0022753513395102,20.79617132955953,0.8888888888888888
905271,1,False,goal_missed,-122.14094122923058,14.900000000867294,0.1397945459669166,0.3426098130879246,0.42464707250731665,8.373831153282774,0.8888888888888888
905381,1,True,success,255.9739864557925,11.000000000640284,0.024087594645585145,0.05852100891626025,0.08748831572042368,1.337362254487925,1.0
905525,1,False,goal_missed,-101.99321430535157,14.40000000083819,0.10686288207532824,0.21203175095444793,0.30415516651180063,9.246673866383478,1.0
905633,1,True,success,247.73517239598533,10.800000000628643,0.01546429384027398,0.037055330373640956,0.08983927103371583,0.92017309563663,0.8888888888888888
905778,1,False,goal_missed,-124.67305213683868,14.500000000844011,0.17663535546922426,0.28768275123466097,0.3248947952276502,10.386969223320031,1.0
905917,1,False,goal_missed,-98.35066812273742,13.900000000809086,0.1627659450808321,0.2676104467326537,0.3204076597610036,12.965484825814457,1.0
906066,1,False,goal_missed,-94.68566736355044,14.900000000867294,0.11459070391721872,0.2749864006189388,0.3840192303881369,5.747613674636323,1.0
906176,1,True,success,244.2971471642855,11.000000000640284,0.037125595670372775,0.07882224424365776,0.09275452511841711,1.3375941597018743,0.8888888888888888
906306,1,True,success,200.27131887396382,13.0000000007567,0.04870697143887249,0.10006465581419752,0.09667757887728638,3.127439904013029,0.8888888888888888
906413,1,True,success,247.74178757847406,10.700000000622822,0.005163473327616696,0.013150691216861741,0.08588561377793515,0.7201778131826272,0.8888888888888888
906530,1,True,success,207.4185749996731,11.70000000068103,0.052893760756936,0.11516416699551185,0.09097862159738085,5.002525508844506,0.8888888888888888
906664,1,False,goal_missed,-98.77023958442776,13.400000000779983,0.19580213898151627,0.38300451521011214,0.4503178546035731,5.849805427723683,0.8888888888888888
906792,1,True,success,136.06479681385036,12.800000000745058,0.175630297300569,0.3207876182789729,0.09599851210680727,7.070720900442593,0.8888888888888888
906902,1,True,success,232.84141588939704,11.000000000640284,0.033607904000743496,0.08596630629128994,0.0963147281369777,1.8003647114795303,0.7777777777777778
907027,1,True,success,135.14221630407266,12.500000000727596,0.18253747868886847,0.33229430638887547,0.09708022318502617,10.706789104032064,1.0
907165,1,False,goal_missed,-64.94756763351347,13.800000000803266,0.10506782940312893,0.21810724559952555,0.3028275190134907,8.700031205631696,1.0
907309,1,False,goal_missed,-129.27009092536858,14.40000000083819,0.19298000093878714,0.3812735332222431,0.45119809015023254,4.800856396156564,1.0
907450,1,False,goal_missed,-103.37393448448584,14.100000000820728,0.16192364091420788,0.26898027421595816,0.3050351632492198,14.264113395242124,1.0
907571,1,True,success,205.26018017367292,12.100000000704313,0.05678522963118027,0.1108618361848022,0.09822730215274687,3.481663927658035,0.8888888888888888
907680,1,True,success,232.73359261144913,10.900000000634464,0.029860112400796432,0.07739095225009077,0.09501367685497421,2.0514228422869536,0.7777777777777778
907827,1,False,goal_missed,-109.8055199528304,14.700000000855653,0.10878418635163344,0.21682370197119186,0.30201850276195324,11.466545618494559,1.0
907969,1,False,goal_missed,-110.88771735724885,14.200000000826549,0.17531477463209494,0.29134233663138853,0.3113752861302466,15.015989966313127,1.0
908123,1,False,goal_missed,-119.86726637739191,15.400000000896398,0.17037749305764693,0.4039251770925194,0.49789445313285824,10.098584526323334,1.0
908254,1,False,goal_missed,-54.0998269937163,13.10000000076252,0.09226068490653297,0.23485264226993147,0.33851048879767415,2.471730609444248,0.7777777777777778
908371,1,True,success,189.5028882555823,11.70000000068103,0.09267428740756267,0.15932683339724757,0.09802802449508868,4.790514233996953,0.8888888888888888
908479,1,True,success,257.6802662157335,10.800000000628643,0.012441381197495334,0.03337473462477156,0.09677932680503079,1.4323250901042914,1.0
908630,1,False,goal_missed,-127.11609273220014,15.100000000878936,0.127033082317851,0.2194383735032392,0.3155072592950406,16.293313753199335,0.8888888888888888
908761,1,False,goal_missed,-63.5450370412329,13.10000000076252,0.13350210704910181,0.28456805346020014,0.3746477769385169,2.923798138378933,1.0
908908,1,False,goal_missed,-118.97480051029666,14.700000000855653,0.12859103367065838,0.23352721253337877,0.31102265160814185,13.227757736706337,0.8888888888888888
909028,1,False,off_path,-202.8718486721915,12.000000000698492,0.45323104812308734,1.0314893373709135,1.0648241875429247,19.388709924671872,0.7777777777777778
909190,1,False,goal_missed,-236.41725710910782,16.200000000942964,0.27429610485594974,0.4671771517486899,0.31017931956125555,17.73891794891826,0.7777777777777778
909298,1,True,success,256.2513341465569,10.800000000628643,0.030439914572308425,0.05944439901396064,0.09191461502804942,1.8690399651459355,1.0
909448,1,False,goal_missed,-118.36330331354287,15.000000000873115,0.12104971194792657,0.22434131087368472,0.3030778456967774,12.524011144404987,1.0
909557,1,True,success,256.4193372999674,10.900000000634464,0.04354068484191226,0.08243599754779149,0.09532897534822332,1.0329805954916564,1.0
909709,1,False,goal_missed,-155.60139700736258,15.200000000884756,0.1826595185946486,0.26044937479671554,0.3059044424473654,15.27250302188788,1.0
909841,1,False,goal_missed,-122.24811822884004,13.200000000768341,0.24220755951314413,0.42007954628153926,0.47367740461951696,5.603589975637334,0.8888888888888888
909924,1,False,off_path,-246.93511692712724,8.300000000483124,0.5028730657526752,1.2024521577059344,3.0212004351200616,37.898816016991766,0.3333333333333333
910030,1,True,success,259.0218840409253,10.600000000617001,0.005493337424494844,0.01466832278977106,0.09121553781745231,0.5776182350250265,1.0
910182,1,True,success,26.956467482959113,15.200000000884756,0.08240880209965913,0.17919758271015082,0.08810040087811591,5.759798011635456,0.8888888888888888
910291,1,True,success,246.549183779988,10.900000000634464,0.018358688585151075,0.040404377384300444,0.09901811027104175,1.1295297113354867,0.8888888888888888
910439,1,False,goal_missed,-122.87630342078667,14.800000000861473,0.153054412627309,0.3219076932116242,0.4040068306548819,7.618491365689381,1.0
910585,1,False,off_path,-319.0648563245861,14.600000000849832,0.5592416986831052,1.0111314031816534,1.0254384543803794,20.12110364393809,1.0
910736,1,False,goal_missed,-386.5326641698265,15.100000000878936,0.4668476084139443,0.7419782583019287,0.8001489717927222,9.206959306479916,0.5555555555555556
910852,1,False,off_path,-183.64998535034144,11.600000000675209,0.4357671065655061,1.0751518879375095,1.1584354637087513,19.784700007974724,0.7777777777777778
910996,1,False,goal_missed,-168.4305014941651,14.40000000083819,0.24899406606628832,0.4560566548236669,0.5125551939332095,10.186880735204872,1.0
911102,1,True,success,249.19202935162954,10.600000000617001,0.006488290877842207,0.013412871180870449,0.09878486458311728,0.5876471028764646,0.8888888888888888
911249,1,False,goal_missed,-227.28061337269224,14.700000000855653,0.32028511143932187,0.4888066988425294,0.5438792649543942,5.447005989728544,0.7777777777777778
911381,1,False,goal_missed,-49.726530989590856,13.200000000768341,0.08945405032025272,0.22489529615048257,0.3280071526911955,1.764001150415485,1.0
911523,1,False,goal_missed,-89.72517444793347,14.200000000826549,0.0965126565314215,0.2572857797522188,0.3474898194609303,4.20650957636323,0.8888888888888888
911665,1,False,goal_missed,-134.4921660045634,14.200000000826549,0.25585970861515756,0.4761393810061661,0.5325101667157623,5.3300134286829906,1.0
911810,1,False,goal_missed,-107.44259998155582,14.500000000844011,0.10429199139829035,0.23692205992890258,0.3447739191334207,7.774062153109329,0.8888888888888888
911920,1,True,success,245.83974847651322,11.000000000640284,0.01893490223438261,0.03508957805693946,0.08399158652358643,1.1577256714394402,0.8888888888888888
912068,1,False,goal_missed,-134.5023058065706,14.800000000861473,0.1600305607052321,0.3172804723512437,0.3956897705111517,6.212306157883519,1.0
912180,1,True,success,254.46886507860404,11.200000000651926,0.038941367823905476,0.08652621397828607,0.09776418245251058,1.5169093755385528,1.0
912331,1,False,goal_missed,-288.5740795692435,15.100000000878936,0.36529566634964544,0.6854297611930277,0.4316172854538928,18.74167890201816,0.5555555555555556
912441,1,True,success,229.45606385605618,11.000000000640284,0.028186758178876392,0.07210121820546747,0.09451278757211311,2.841112003935947,0.7777777777777778
912564,1,True,success,204.70549852914692,12.300000000715954,0.05635083284461036,0.1103323083550056,0.09342182033777872,4.925680727821429,1.0
912670,1,True,success,249.58302712087263,10.600000000617001,0.01970239403286746,0.04626562523487768,0.09270390024380462,0.8172067481804394,0.8888888888888888
912790,1,True,success,199.48928984690662,12.000000000698492,0.06789603906074175,0.13756405580065548,0.09657066836955468,6.326116179992359,1.0
912897,1,True,success,259.7282406435498,10.700000000622822,0.021147786166065087,0.04172780484257784,0.08544927697634011,0.7405485821257055,1.0
913046,1,False,goal_missed,-137.90160191486495,14.900000000867294,0.1917744338973888,0.3150796830247767,0.39609050140595553,4.913414442852724,1.0
913151,1,True,success,260.0644264834777,10.50000000061118,0.006270093292335482,0.014557008206007936,0.08717338047632346,0.4628575287957942,1.0
913269,1,True,success,199.30327319035095,11.80000000068685,0.06091851472947342,0.12482418386110863,0.08972334638962866,7.274338085009672,1.0
913409,1,False,goal_missed,-76.52619740946595,14.000000000814907,0.15381764466801331,0.3415238821799117,0.41813997482078824,5.202188527321158,1.0
913530,1,True,success,194.86617535594362,12.100000000704313,0.05361869811074023,0.09680491924334578,0.09370739869868165,2.711866677762522,0.8888888888888888
913638,1,True,success,245.4800070035548,10.800000000628643,0.026717564801763224,0.04927873493509611,0.08687844231880039,1.218411382040277,0.8888888888888888
913786,1,False,goal_missed,-173.64968022076192,14.800000000861473,0.2464350651797746,0.40722950616585823,0.47524516580538567,5.794198268532935,0.8888888888888888
913894,1,True,success,256.99822170689447,10.800000000628643,0.026824351278234234,0.06210354270754648,0.0994233711949051,1.1236133798227774,1.0
914039,1,False,goal_missed,-108.16844646024637,14.500000000844011,0.09881914818596396,0.25080985699684355,0.35299539510809563,6.891020523456331,1.0
914190,1,False,goal_missed,-104.75154167552894,15.100000000878936,0.1021037802556572,0.20497805070728722,0.3330574084503861,9.408280142740827,1.0
914322,1,False,goal_missed,-49.58647672973363,13.200000000768341,0.09117472342797356,0.233068813675691,0.32775399040838943,1.75994783111048,1.0
914470,1,False,goal_missed,-181.8126923310061,14.800000000861473,0.25444897662043,0.4499739674200169,0.5146236471220309,8.086390350817936,0.7777777777777778
914577,1,True,success,260.23393714685886,10.700000000622822,0.0021778346155067077,0.005324981643856001,0.0973623148845281,0.32755899208804445,1.0
914777,1,False,timeout,-263.691495026879,20.000000001164153,0.31540355718045315,0.4658045172652143,0.4851024843818274,14.96719851597735,1.0
914888,1,True,success,255.52241799625241,11.100000000646105,0.03793435487935881,0.07734358159608504,0.09398460704072906,1.2891953573713821,1.0
915043,1,False,goal_missed,-183.6285667093008,15.500000000902219,0.20508953415572836,0.3555512570977441,0.3749743805934711,17.33551898552182,1.0
915178,1,False,goal_missed,-108.37502264184674,13.500000000785803,0.22108367076737803,0.419519678550715,0.4806004093134716,5.307957641737864,0.8888888888888888
915326,1,False,goal_missed,-120.45984414435574,14.800000000861473,0.14317217229364515,0.33115076500432405,0.4239653366430525,9.304976357995413,0.8888888888888888
915434,1,True,success,258.3063074461467,10.800000000628643,0.01689734504905514,0.031938779144973554,0.09137835259747223,0.5518971745947637,1.0
915587,1,False,goal_missed,-115.83234998593656,15.300000000890577,0.1225353192617865,0.22727826501800374,0.30511976504705274,12.866178661554269,0.8888888888888888
915726,1,False,goal_missed,-102.65839167677953,13.900000000809086,0.15658478762209788,0.26236116282097915,0.3079781399109367,15.363355784246547,1.0
915856,1,True,success,169.15448495575737,13.0000000007567,0.0667142032358496,0.12336206762523191,0.09486414280852272,3.4620976588154906,0.8888888888888888
915964,1,True,success,248.03181520865266,10.800000000628643,0.02811256275244635,0.045489974428781714,0.08177621434321175,0.7627402171695452,0.8888888888888888
916112,1,False,goal_missed,-102.4986434359894,14.800000000861473,0.11692316075604864,0.2197235137438038,0.32306570427454,2.5617585043310127,0.8888888888888888
916218,1,True,success,259.9890334201212,10.600000000617001,0.008252188414453304,0.02080366859042903,0.09954736798853056,0.5695879232057488,1.0
916406,1,False,goal_missed,-507.6735801215123,18.800000001094304,0.47594463106897417,0.8213025796335163,0.8805119962750151,21.31120537523766,0.7777777777777778
916517,1,True,success,232.53987878041767,11.100000000646105,0.058374038115927514,0.09667771857673402,0.09520637127804255,1.882026223286731,0.8888888888888888
916658,1,False,goal_missed,-171.50430402413502,14.100000000820728,0.24177039138483794,0.36541301489766653,0.38503846173347667,6.174665911275537,0.8888888888888888
916788,1,False,goal_missed,-83.25523560082596,13.0000000007567,0.16854216566609517,0.3402764451592373,0.4043881369931759,4.691569005313434,1.0
916932,1,False,goal_missed,-106.31103422955293,14.40000000083819,0.13919764596049336,0.27808758122921967,0.360401123203839,2.567661883270853,0.8888888888888888
917040,1,True,success,245.30443166377572,10.800000000628643,0.023343754717062258,0.05046296279539023,0.09228864121454255,1.0760740824488677,0.8888888888888888
917161,1,True,success,209.55364134342392,12.100000000704313,0.041107787848521,0.08103154990358719,0.09082490025344217,3.94357210080457,1.0
917295,1,False,goal_missed,-65.56202096426311,13.400000000779983,0.09586140350256614,0.2154223138231138,0.30617955189503654,10.504557638951836,1.0
917437,1,False,goal_missed,-111.37810217566278,14.200000000826549,0.11168160471527952,0.26684471508000246,0.3849320660145088,11.389149317510698,1.0
917547,1,True,success,256.5575260460303,11.000000000640284,0.03484786075387049,0.07892015999335701,0.09274724046861327,1.7084765999129954,1.0
917687,1,False,goal_missed,-113.64753664086679,14.000000000814907,0.1666800763116056,0.2543069247655049,0.3491313174255771,4.486527799119321,0.8888888888888888
917792,1,True,success,260.7784662930595,10.50000000061118,0.010872488287063898,0.024274040781391178,0.094172752612707,1.1445484410229527,1.0
917930,1,False,goal_missed,-99.40239653060308,13.800000000803266,0.12941656573820914,0.27019321931884593,0.364927538584985,5.223424998331593,0.8888888888888888
918067,1,False,goal_missed,-169.49052788297615,13.700000000797445,0.3083040935213772,0.5486986221074293,0.5906814624671181,8.34427936762898,1.0
918215,1,False,goal_missed,-126.7859289732753,14.800000000861473,0.14477250910639095,0.2358295007657565,0.30993439201821904,12.15435478167534,1.0
918353,1,False,goal_missed,-110.66229079306183,13.800000000803266,0.1759013350894255,0.2938694176105083,0.3129387051193353,15.25648928137872,1.0
918498,1,False,goal_missed,-152.67767990201872,14.500000000844011,0.22188430436868092,0.409487300518257,0.46601540211817394,4.7522353485163595,0.8888888888888888
918605,1,True,success,245.25590478902123,10.700000000622822,0.03785028063272854,0.08720678729862816,0.09911756368801479,1.7675781716874965,0.8888888888888888
918733,1,True,success,193.45657000513017,12.800000000745058,0.05635456251276403,0.10265322918488227,0.09509001250526328,2.690317700572995,0.8888888888888888
918841,1,True,success,255.5527165679925,10.800000000628643,0.04218674457687001,0.0857648081326857,0.09785965563298661,1.795954754667126,1.0
918983,1,False,goal_missed,-101.2370774335209,14.200000000826549,0.10941865443816638,0.2445622157606899,0.3174591866194704,12.63413245620099,1.0
919123,1,False,goal_missed,-125.30693863602636,14.000000000814907,0.19730430014135159,0.331780876416261,0.32173846263705574,16.709758915477828,1.0
919273,1,False,goal_missed,-143.17614087729214,15.000000000873115,0.12165364006701537,0.23319898819694607,0.31428854151322977,15.290005726349857,0.8888888888888888
919418,1,False,goal_missed,-110.91326966280967,14.500000000844011,0.1410199820891621,0.23519708680158422,0.30615618677898376,18.126761171984747,0.8888888888888888
919560,1,False,goal_missed,-90.72634567464416,14.200000000826549,0.09967112687023441,0.24514015364738967,0.35164794477190475,5.938093393893732,0.8888888888888888
919667,1,True,success,256.3965605352172,10.700000000622822,0.026983597299277438,0.07215160558672253,0.0933128493102625,1.8646143448969306,1.0
919791,1,False,off_path,-217.3077985813889,12.400000000721775,0.4080939591666731,1.0764517633854502,1.172703163329039,20.877366203065588,0.8888888888888888
919894,1,True,success,260.63214162587894,10.300000000599539,0.01848464650898707,0.0414531234637045,0.09843683240849664,1.069603585907891,1.0
920094,1,False,timeout,-669.0230021751427,20.000000001164153,0.5667608155103769,0.7727150573257368,0.814262724744653,12.180675558970224,0.6666666666666666
920198,1,True,success,248.62130760987802,10.40000000060536,0.009011399856814746,0.015820102552359345,0.09510551255869186,0.8892926095457615,0.8888888888888888
920345,1,False,goal_missed,-123.48746912089997,14.700000000855653,0.1319293213651045,0.22715331465431238,0.3355990796909723,14.242664403248735,0.8888888888888888
920502,1,False,off_path,-377.670214346638,15.70000000091386,0.5894399461039088,1.0031454581292882,1.0119835303567284,20.78587045183949,0.8888888888888888
920644,1,False,goal_missed,-92.40343283457784,14.200000000826549,0.11686825957482298,0.22727516619602883,0.32600079781939223,4.938640031435264,1.0
920776,1,False,goal_missed,-133.46937514192172,13.200000000768341,0.26258756795498567,0.47621933279239337,0.5351327023217337,6.81875954217767,1.0
920917,1,False,goal_missed,-111.95335721940708,14.100000000820728,0.1353657372908895,0.32046740605936663,0.4199044677731023,9.720892311228358,0.8888888888888888
921021,1,True,success,248.01874040913341,10.40000000060536,0.00890158885600655,0.019911418260406457,0.09656346248971119,1.0730474805503964,0.8888888888888888
921144,1,True,success,178.53007577332446,12.300000000715954,0.08472583224519935,0.1556100783140477,0.08420301598303302,6.652014552332328,0.8888888888888888
921247,1,True,success,247.20995671607358,10.300000000599539,0.02981743936330301,0.06499142159796434,0.09324495176852117,1.236806861216333,0.8888888888888888
921389,1,False,goal_missed,-138.60930613193187,14.200000000826549,0.19852279361559527,0.30262087324007747,0.3738133320592469,4.469409584035557,1.0
921522,1,False,goal_missed,-55.65694208818376,13.300000000774162,0.10854160622062367,0.2582493083938181,0.35665845682684166,3.229607394919629,1.0
921671,1,False,goal_missed,-131.25063283525358,14.900000000867294,0.14240788826447648,0.24260912697646245,0.3012901500114578,14.60989546061095,1.0
921798,1,False,goal_missed,-54.373369221608094,12.700000000739237,0.10520107379267492,0.23952169187329533,0.33189601504216104,1.627961824503334,1.0
921935,1,False,goal_missed,-164.97666528789352,13.700000000797445,0.2470917034103853,0.37491714502139933,0.3616842419188162,7.312395852830709,0.8888888888888888
922042,1,True,success,259.85895802374193,10.700000000622822,0.01485203713265971,0.04055328836379017,0.09527265289610977,1.0984966039560273,1.0
922159,1,True,success,190.79413512798223,11.70000000068103,0.07174165379740767,0.1413908003630083,0.09212746986819478,4.45605497575796,0.8888888888888888
922297,1,False,goal_missed,-75.37016713828052,13.800000000803266,0.10869069401400236,0.23221498346098954,0.3106191380003112,13.21781046799298,1.0
922439,1,False,goal_missed,-135.04438131244999,14.200000000826549,0.1915733688021679,0.42801748139060874,0.5128944594447168,8.291765653443397,0.8888888888888888
922568,1,False,goal_missed,-113.87057517564509,12.900000000750879,0.22972918901264794,0.43273285101150893,0.49493468518337397,6.357479351194013,1.0
922687,1,True,success,187.80059596090538,11.900000000692671,0.0818998758242251,0.14871339686572255,0.09392562394555233,4.670604579016872,0.8888888888888888
922813,1,False,off_path,-209.1154247853652,12.600000000733417,0.45556020205627124,1.0176097869975884,1.049755515708203,18.702298958262865,1.0
922932,1,True,success,220.48361299317207,11.900000000692671,0.03719543068027093,0.0693553161520061,0.09358288510187066,2.7977886665144966,1.0
923036,1,True,success,249.50699629417687,10.40000000060536,0.00934863656259742,0.01986354279481648,0.09210340601376549,0.8918747724254197,0.8888888888888888
923156,1,True,success,203.59089831006563,12.000000000698492,0.013711384899817599,0.023832191900756538,0.08460869709942104,2.000739206069131,0.8888888888888888
923257,1,True,success,261.3986444559978,10.100000000587897,0.010419182396115773,0.026456774529259028,0.09475023750038018,1.1288735057561994,1.0
923399,1,False,goal_missed,-122.60881889336622,14.200000000826549,0.1662384019789071,0.2752721295559619,0.36596152846993846,4.364258978217524,1.0
923503,1,True,success,257.0374119864402,10.40000000060536,0.02328511329165844,0.06449641793066409,0.0914190663389397,1.8136579545756295,1.0
923641,1,False,goal_missed,-203.98539035094836,13.800000000803266,0.30043871981774484,0.5054403985582296,0.44846706214605325,10.819935554487108,0.7777777777777778
923788,1,False,off_path,-336.9247906428497,14.700000000855653,0.5700311812933369,1.0087139961878335,1.0240321452195993,20.353350795628515,0.8888888888888888
923926,1,False,goal_missed,-111.41208571684184,13.800000000803266,0.13294713873870373,0.25840306279860786,0.32969011417920663,9.637642835131146,0.8888888888888888
924036,1,True,success,254.28884610492267,11.000000000640284,0.03035662451765964,0.07459617971535895,0.09573456116326697,1.529856133553212,1.0
924176,1,False,goal_missed,-138.54840946812632,14.000000000814907,0.16032937964833952,0.28833237197985706,0.3275410490937327,13.909613054269533,1.0
924280,1,True,success,236.4527170338058,10.40000000060536,0.0742388482765411,0.11069132856631121,0.09798686454979823,2.430649131143686,0.8888888888888888
924427,1,False,goal_missed,-266.2801970508946,14.700000000855653,0.35009823492575304,0.6300705321619259,0.518217380276376,18.333269040769412,1.0
924554,1,False,goal_missed,-49.42879117886124,12.700000000739237,0.09225588634542152,0.23289410973716063,0.32624696180014773,1.5797547336122564,1.0
924754,1,False,timeout,-297.98275438569186,20.000000001164153,0.05509690134344602,0.08118100389467521,0.2503388012952179,2.802755436990323,0.8888888888888888
924861,1,True,success,251.929705313328,10.700000000622822,0.04618750063725436,0.09476661373284748,0.09682337478545526,1.5734258007437116,1.0
925061,1,False,timeout,-210.7231148288846,20.000000001164153,0.103253921256537,0.15630688579625654,0.25481161187126194,14.903326623683254,1.0
925165,1,True,success,256.84659799584557,10.40000000060536,0.01861148429051254,0.043941790648114584,0.09964816613974983,1.6818697985730844,1.0
925307,1,False,goal_missed,-130.92416872856293,14.200000000826549,0.1435458138921756,0.27032069966859523,0.31806522609645554,13.490908094912706,0.8888888888888888
925436,1,False,goal_missed,-98.1487822394467,12.900000000750879,0.19613211066496256,0.3545592507443975,0.4275646447393342,2.873201179644311,1.0
925572,1,False,goal_missed,-114.26481501976143,13.600000000791624,0.19227733984482057,0.3895237274157863,0.45630734946128776,4.716997467450777,1.0
925678,1,True,success,247.48924171629076,10.600000000617001,0.032877357320392854,0.07015314694157432,0.09314670933862484,1.2548317589842761,0.8888888888888888
925817,1,False,goal_missed,-115.58760237509973,13.900000000809086,0.15762010448981648,0.27960462861614105,0.3314780177668852,7.272227791042163,0.8888888888888888
925949,1,False,goal_missed,-81.166975437629,13.200000000768341,0.1363828570875506,0.2299644872512027,0.31659256312331,11.241491093268388,1.0
926073,1,True,success,212.72813102214818,12.400000000721775,0.05822115158679754,0.08466545640113082,0.09345872234337399,4.909962624484086,1.0
926208,1,False,goal_missed,-86.78252733780224,13.500000000785803,0.13202772631454043,0.2387412885026713,0.3055740077362645,13.537368920161454,0.8888888888888888
926354,1,False,goal_missed,-98.31801104012159,14.600000000849832,0.10441332028831794,0.25250988300773053,0.3651936513008344,6.659939736432708,1.0
926490,1,False,goal_missed,-91.78362614997376,13.600000000791624,0.14435553667712742,0.24084095954694856,0.30527746310919973,13.514519304080254,1.0
926647,1,False,goal_missed,-166.0435095470683,15.70000000091386,0.13843260396497592,0.2898178515452832,0.3013748689904359,16.63886508258243,1.0
926753,1,True,success,246.1832384494628,10.600000000617001,0.021453635671846903,0.04549364570504205,0.09586313126098284,1.27544825381476,0.8888888888888888
926871,1,True,success,218.39460367259704,11.80000000068685,0.06060675307311124,0.10510698660444293,0.08811359454742172,3.260787439480144,1.0
927000,1,False,goal_missed,-106.91845214958414,12.900000000750879,0.21618978572076802,0.4216722040354253,0.48713106802064793,6.185490915592383,1.0
927144,1,False,goal_missed,-155.95986631850715,14.40000000083819,0.2033212133321191,0.3344556994153741,0.4115769571723529,10.125745683930402,0.8888888888888888
927250,1,True,success,260.56950455638537,10.600000000617001,0.01956942137708397,0.05112148264362709,0.0851169047692176,1.2033919145914682,1.0
927369,1,True,success,193.87196850567503,11.900000000692671,0.08785090057732846,0.1557153405290777,0.09667727500127359,4.811051826757529,1.0
927474,1,True,success,259.5795559298501,10.50000000061118,0.01252198872807256,0.029496705809599212,0.09537500877210438,0.7192932636385793,1.0
927593,1,True,success,191.74327017543823,11.900000000692671,0.030969291297009614,0.07093337174954778,0.09619175241222372,5.601070919938235,0.8888888888888888
927732,1,False,goal_missed,-131.9771072117362,13.900000000809086,0.2164324450016489,0.3711635409236631,0.3356077620264618,15.209353061153632,1.0
927853,1,True,success,197.58280252887482,12.100000000704313,0.08304843539288471,0.1450812566852282,0.083408881354455,4.273846200756777,0.8888888888888888
927996,1,False,goal_missed,-90.55539448407362,14.30000000083237,0.13183744480287385,0.23610093022739778,0.3033860705127643,14.267423810042557,0.8888888888888888
928116,1,True,success,199.76087505018737,12.000000000698492,0.052257313324975914,0.1043496608989592,0.0986856418288893,4.889653631046312,1.0
928244,1,False,off_path,-233.18121085696953,12.800000000745058,0.48398575083010176,1.0214921066377296,1.043374473458234,19.46037988135532,1.0
928366,1,True,success,165.62768550679695,12.200000000710133,0.16081692493542965,0.25290507367889004,0.09637572036812465,6.660799110417355,1.0
928474,1,True,success,249.34491069084515,10.800000000628643,0.018499175322735043,0.04082064692367297,0.08401421903496341,0.7696416977418578,0.8888888888888888
928614,1,False,goal_missed,-84.6126458800548,14.000000000814907,0.10323288980511576,0.22825076649517473,0.34234100382063265,3.369386351778595,0.8888888888888888
928747,1,False,goal_missed,-61.981635187634424,13.300000000774162,0.09566970872762262,0.2159417453870169,0.31049232827219936,8.576271465370361,0.8888888888888888
928865,1,True,success,215.91421667763373,11.80000000068685,0.08134204608330184,0.14390799984371538,0.09180029939436174,3.8070597331379816,1.0
928997,1,False,goal_missed,-117.7561281470048,13.200000000768341,0.2345786471938433,0.4233260379596642,0.49556307518399145,5.003446291801537,1.0
929119,1,True,success,183.78192447770576,12.200000000710133,0.11221978731643238,0.18856818012736784,0.09661635677896326,4.47907500586975,0.8888888888888888
929249,1,False,off_path,-253.5509255384173,13.0000000007567,0.5108713460675328,1.0135082008511844,1.0419772435843782,19.474682003802315,0.8888888888888888
929366,1,True,success,206.8444646537754,11.70000000068103,0.08955638909200402,0.17758449804382562,0.09789489546031131,5.500916082292228,1.0
929472,1,True,success,247.1292828370947,10.600000000617001,0.016651447449423547,0.039624682311372186,0.09346696253121799,1.2415641451283685,0.8888888888888888
929616,1,False,goal_missed,-102.89749009738328,14.40000000083819,0.11684886315178065,0.24980400692050264,0.3585837641459384,4.695295115854446,1.0
929724,1,True,success,256.3777210291635,10.800000000628643,0.034350665994846055,0.07850818535178847,0.09040737978501616,1.476004180270937,1.0
929848,1,True,success,202.7186280756169,12.400000000721775,0.06687443921169443,0.12319844899320978,0.08391307337429542,6.751880144012381,1.0
929954,1,True,success,249.64181244717582,10.600000000617001,0.015509693653499393,0.035376245997175,0.09494647969176327,0.7162475996602776,0.8888888888888888
930103,1,False,goal_missed,-145.24295708158257,14.900000000867294,0.17625797495660359,0.2617909144073348,0.31925230136428295,8.286984492184002,1.0
930221,1,True,success,235.75435055958448,11.80000000068685,0.06679174012952811,0.09327376244929125,0.09838209416493074,1.163580953531185,0.8888888888888888
930333,1,True,success,201.7538605192733,11.200000000651926,0.10471170810295216,0.19930180752313517,0.09322040015895683,4.624546049617517,1.0
930441,1,True,success,246.51045123034675,10.800000000628643,0.03510081093716958,0.08441989156926406,0.09698829917053009,1.5791710367256477,0.8888888888888888
930555,1,False,wrong_direction,-213.17607128144857,11.400000000663567,0.22617844569624915,0.5661925585868391,1.3798847073296898,34.10066731153384,0.8888888888888888
930755,1,False,timeout,-617.4899961772197,20.000000001164153,0.6822847860476295,1.0084406295904118,1.0204938199772748,22.889051183141852,1.0
930898,1,False,goal_missed,-101.07335672961199,14.30000000083237,0.09958319223208283,0.2346624293865184,0.35110817873051947,8.631935235322109,1.0
931011,1,True,success,254.91485622273893,11.300000000657747,0.029510449351862443,0.06445940330036218,0.0883899587078953,1.0782273245281557,1.0
931163,1,False,goal_missed,-115.76815563431575,15.200000000884756,0.1237305184332125,0.2553674088287905,0.319381559814862,10.495408893161045,1.0
931269,1,True,success,260.86823915857696,10.600000000617001,0.013891226961218637,0.02673105437550988,0.09338511206501306,0.8489860520574217,1.0
931412,1,False,goal_missed,-103.28506797255464,14.30000000083237,0.097988468005413,0.21509654736313136,0.30554243866677855,8.669295022328058,1.0
931518,1,True,success,258.3826421664004,10.600000000617001,0.02475168327782157,0.06774338926389419,0.09253868264863845,1.664768787359686,1.0
931645,1,True,success,195.7575746857331,12.700000000739237,0.0362691357592014,0.09581248412861296,0.09852772444383091,3.402623190727294,0.8888888888888888
931776,1,False,goal_missed,-100.36300195046178,13.10000000076252,0.19648610783832207,0.3300952997471961,0.40170935041383127,6.5360137518228605,1.0
931918,1,False,goal_missed,-228.5759599053536,14.200000000826549,0.3193037009174404,0.5132753121018435,0.44115468778099987,14.127943851489398,0.8888888888888888
932022,1,True,success,248.60595668274067,10.40000000060536,0.009273366912924743,0.025975956295806797,0.08577042618599423,0.856830920236645,0.8888888888888888
932145,1,True,success,198.8452676282488,12.300000000715954,0.04409597389131639,0.10104897935872909,0.095518014823087,3.8913077746327827,1.0
932279,1,False,goal_missed,-67.77440597790988,13.400000000779983,0.11399082782376273,0.2394506980417715,0.3155390870877203,9.070953571327795,1.0
932435,1,False,goal_missed,-182.7904235026371,15.60000000090804,0.2321729930100087,0.44854813926649806,0.37805761738470395,16.053696742674934,1.0
932567,1,False,goal_missed,-72.34791884205777,13.200000000768341,0.13928810981185644,0.28574628828169185,0.36425934147465044,4.257669045331091,1.0
932711,1,False,goal_missed,-218.2744609940001,14.40000000083819,0.3058394758446401,0.5385810871603127,0.40361248646234893,15.419578186182035,0.8888888888888888
932840,1,False,off_path,-238.2889782660812,12.900000000750879,0.4864242195691818,1.009172878775215,1.0262781214413184,19.588027855254136,0.8888888888888888
932958,1,True,success,166.31363446066158,11.80000000068685,0.13735500864221734,0.27259077575044216,0.08827631148725441,8.546437901213386,0.8888888888888888
933065,1,True,success,256.6087643309875,10.700000000622822,0.018944489292409966,0.03684471715009921,0.08234700872319725,1.757138080600758,1.0
933178,1,True,success,207.09582908101964,11.300000000657747,0.11613152338690694,0.22558749490190416,0.08361453172628326,6.34321117329436,1.0
933312,1,False,goal_missed,-81.59222137407167,13.400000000779983,0.14628850527370416,0.2620638372035088,0.32347843044417424,10.491866519798068,1.0
933452,1,False,goal_missed,-145.0736136266385,14.000000000814907,0.18847192376557986,0.2792009969649619,0.30666013528045166,10.063235958911202,0.8888888888888888
933562,1,True,success,245.66852103269292,11.000000000640284,0.028219024304230938,0.05698073563890827,0.08646705825158292,1.806172699876211,0.8888888888888888
933678,1,True,success,194.30490068743393,11.600000000675209,0.07003839132272059,0.15524077920848378,0.09601904509146392,7.620262102544256,1.0
933787,1,True,success,251.8812075366359,10.900000000634464,0.05330179038606316,0.0883644372885094,0.09803799803216225,1.6696620734574408,1.0
933949,1,False,goal_missed,-144.893181838922,16.200000000942964,0.12878406328060696,0.24392469450148044,0.30668583203236766,13.339256514856613,0.8888888888888888
934081,1,False,goal_missed,-65.20443777885947,13.200000000768341,0.10495074535483354,0.21993487760197855,0.30282854384510466,7.973883622272034,1.0
934218,1,False,goal_missed,-104.33103892898902,13.700000000797445,0.14074934284100077,0.26682089693046945,0.3606139859425781,6.1157127245472775,1.0
934354,1,False,goal_missed,-71.88958461520622,13.600000000791624,0.10942372052454002,0.2209888057380986,0.3033955435739052,10.648129431418548,0.7777777777777778
934500,1,False,goal_missed,-176.53787727655885,14.600000000849832,0.2517196871695042,0.4071781809793231,0.46100323190787273,5.8051106004990025,0.8888888888888888
934605,1,True,success,256.12209902980095,10.50000000061118,0.043574604564741784,0.07576852839490017,0.09518115306374003,1.4866815934321276,1.0
934749,1,False,goal_missed,-103.35368456788154,14.40000000083819,0.11206749026385425,0.2417605368228147,0.32184037032978674,9.953726727666792,1.0
934853,1,True,success,248.16377696770533,10.40000000060536,0.031170408958933752,0.060118495679397164,0.08946396423756049,1.4343779063280806,0.8888888888888888
934971,1,True,success,205.91507441074077,11.80000000068685,0.0773720510484217,0.1505785897889823,0.09476863089813309,5.8251388395370745,1.0
935089,1,False,off_path,-197.55940833656453,11.80000000068685,0.4478986837204749,1.0317588322861493,1.0731146077079272,19.168025958956168,0.8888888888888888
935208,1,True,success,205.6276081288337,11.900000000692671,0.06979658809531968,0.13865970909432962,0.08959571384083861,3.5475897205773443,1.0
935353,1,False,goal_missed,-342.7187076927311,14.500000000844011,0.5422762970625868,0.9616278214734642,0.8718581700413838,18.415502946357,1.0
935492,1,False,goal_missed,-136.6660042318381,13.900000000809086,0.1975931584057972,0.3116181002667002,0.3890016607229752,5.126465650480357,1.0
935604,1,True,success,258.4882566813937,11.200000000651926,0.006680794782861594,0.014982795975828833,0.08593912577492344,0.923305089296612,1.0
935753,1,False,goal_missed,-122.15226089871015,14.900000000867294,0.13153794276239972,0.24138342176896893,0.31055025656627483,12.14737115619269,1.0
935857,1,True,success,258.98840893257176,10.40000000060536,0.02700982218866398,0.03848759653354864,0.09298778675954242,0.5485482025078441,1.0
935973,1,True,success,182.03203298943714,11.600000000675209,0.11494676076353542,0.2373362899016739,0.09775206082588551,6.25348940612067,0.7777777777777778
936116,1,False,goal_missed,-150.27210214282653,14.30000000083237,0.23976594560054035,0.41499304333039944,0.33210311478169946,17.362241400372564,1.0
936230,1,True,success,210.3698518573188,11.400000000663567,0.055843258478555674,0.0914480499261985,0.09291892516195864,3.2373297195543835,0.8888888888888888
936382,1,False,goal_missed,-142.0971718180618,15.200000000884756,0.17888010558247044,0.3393740647566957,0.313615780303447,21.35175472462834,0.8888888888888888
936582,1,False,timeout,-471.2129732521487,20.000000001164153,0.3574518015191633,0.5383336208511947,0.40535504260215593,24.628692713192812,0.8888888888888888
936718,1,False,goal_missed,-79.85329549703842,13.600000000791624,0.12755796249547977,0.23892949901346217,0.30411228719802946,10.788948171704678,0.8888888888888888
936831,1,True,success,218.54802059929935,11.300000000657747,0.0290477469400401,0.052767671221986626,0.0846819214525449,2.184259850872374,0.8888888888888888
936937,1,True,success,258.9183354438842,10.600000000617001,0.01327018533317888,0.029026822400724656,0.09089789682578249,1.3137276523202288,1.0
937051,1,True,success,210.79162404553767,11.400000000663567,0.04615782299715313,0.09249744011405897,0.09898256688303546,5.218050157119851,0.8888888888888888
937159,1,True,success,244.68225582670016,10.800000000628643,0.04097901755579124,0.09023337425631062,0.09564634618515948,1.701889102459316,0.8888888888888888
937296,1,False,goal_missed,-177.89727302317033,13.700000000797445,0.2707122091842095,0.4515763688957612,0.3400388902546939,9.443092568841413,0.7777777777777778
937428,1,False,goal_missed,-58.99557792261217,13.200000000768341,0.09775021821780458,0.22367448677102436,0.3170936098153692,7.327249382692887,1.0
937577,1,False,goal_missed,-158.22102863406118,14.900000000867294,0.18731686159403999,0.3377692128299547,0.3122499610278149,15.938632766971327,1.0
937706,1,False,goal_missed,-78.04546663893261,12.900000000750879,0.15194365448617528,0.2953458946311985,0.3752757255528486,4.095839920758007,1.0
937831,1,True,success,181.31664456285773,12.500000000727596,0.09811676830012091,0.18085732164491075,0.08999631527496418,6.251019926687907,1.0
937937,1,True,success,260.48462600665516,10.600000000617001,0.014372039215061236,0.03734542614876631,0.087870395772081,0.9256084933249823,1.0
938083,1,False,goal_missed,-288.5531142397999,14.600000000849832,0.39422560407575097,0.749294067422722,0.7847170659225636,14.372368178064406,1.0
938222,1,False,goal_missed,-100.47888418164409,13.900000000809086,0.16488296783403228,0.2694480258916883,0.3107600361141256,13.266158242592251,1.0
938369,1,False,goal_missed,-90.05833438551831,14.700000000855653,0.07803183840967935,0.2168838915522706,0.32629862700599055,6.863085954944402,0.8888888888888888
938499,1,False,goal_missed,-237.00722643553365,13.0000000007567,0.40017538920670603,0.732414086837044,0.7700254039959132,11.145386832960638,1.0
938616,1,True,success,205.38013300183698,11.70000000068103,0.08146609487663627,0.13415289217600818,0.09560364694784425,4.6681263667998,1.0
938723,1,True,success,239.4165576012921,10.700000000622822,0.04103635334165894,0.07027338703423329,0.09731130230463113,2.768173308282833,0.8888888888888888
938841,1,True,success,214.66978431768578,11.80000000068685,0.05765598312857474,0.09755135416200089,0.09241435762088736,3.278530905153097,1.0
938974,1,False,goal_missed,-63.72936208587685,13.300000000774162,0.10024816231261187,0.21533862401132778,0.3062166162560985,9.196391804797619,1.0
939113,1,False,goal_missed,-146.31411961385524,13.900000000809086,0.215077430457524,0.3606872247943913,0.4036574187480482,10.135442341769688,1.0
939246,1,False,goal_missed,-104.63148726539028,13.300000000774162,0.19888375136126635,0.3444942579751019,0.4047642693654538,7.681715060225323,0.8888888888888888
939367,1,True,success,182.29839287553494,12.100000000704313,0.10423014374278516,0.17144844381363122,0.0603363819687032,6.793593476283825,0.8888888888888888
939499,1,False,goal_missed,-58.69551545035486,13.200000000768341,0.09005096269243701,0.21026202651666068,0.30821890388869466,8.493160086517438,1.0
939625,1,True,success,180.3719155808506,12.600000000733417,0.09379309878843538,0.18007670250457516,0.09603157246862785,5.1904142473640515,1.0
939731,1,True,success,257.30586385152367,10.600000000617001,0.01918476650435056,0.038261015871290834,0.09964783170267413,0.6168781867338231,1.0
939850,1,True,success,198.00430270213792,11.900000000692671,0.08528196373933065,0.18206511493018243,0.09060611690186819,7.099014097391319,1.0
939954,1,True,success,260.97202183218707,10.40000000060536,0.020402887617258423,0.04185346416850055,0.09838048367238542,0.6318720248512782,1.0
940080,1,True,success,197.59281866832055,12.600000000733417,0.05364142865188891,0.10454117544280256,0.037456506451344414,5.7884696974111245,1.0
940185,1,True,success,249.97604097906492,10.50000000061118,0.00804542985804909,0.015451874209099,0.08920051290268685,0.7708709065598758,0.8888888888888888
940330,1,False,goal_missed,-127.4585267695882,14.500000000844011,0.1621902487080679,0.2862457259209755,0.3078500851427891,11.186059875595678,1.0
940465,1,False,goal_missed,-65.26566899249333,13.500000000785803,0.10689193665922715,0.2051090902185905,0.303991981397054,8.486003781591084,1.0
940609,1,False,goal_missed,-100.90934764494673,14.40000000083819,0.10967386517924657,0.2441806417632419,0.3418236560141893,5.468733223364205,1.0
940730,1,False,off_path,-208.36907134647873,12.100000000704313,0.4645592671264868,1.024836603898373,1.0572926207480808,19.26187147297515,0.8888888888888888
940870,1,False,goal_missed,-91.33801237106667,14.000000000814907,0.10874572329857529,0.21956979532825496,0.32456569266429025,4.131775694614454,0.8888888888888888
941008,1,False,goal_missed,-112.88554507044593,13.800000000803266,0.21962745615656726,0.4301156130331917,0.5114086756573337,6.296377654137587,0.8888888888888888
941128,1,True,success,193.68448666485483,12.000000000698492,0.06388942474951763,0.11396512887292816,0.09924800074179038,4.170806944675416,1.0
941235,1,True,success,259.46136648197165,10.700000000622822,0.01564508854643415,0.04196865421064997,0.09909510486682381,1.0560881597237224,1.0
941391,1,False,goal_missed,-181.17827762445324,15.60000000090804,0.20317629867397716,0.3357543102917971,0.3198557245345079,15.35375745008163,1.0
941499,1,True,success,254.06469161645754,10.800000000628643,0.03927728930372907,0.09660798087417048,0.0966779947064726,1.9785784562644915,1.0
941620,1,True,success,198.84886909289457,12.100000000704313,0.023122423376049726,0.03917672406653886,0.08686464014451549,2.476442515382926,0.7777777777777778
941726,1,True,success,259.5727465228251,10.600000000617001,0.028387417852809432,0.0504701575026673,0.0920447366394309,0.7426546164566844,1.0
941926,1,False,timeout,-399.53342935645924,20.000000001164153,0.26406163459965887,0.5327426320257231,0.1401398848062858,28.561849365417512,0.8888888888888888
942036,1,True,success,255.3990760712439,11.000000000640284,0.04061431702602752,0.08662120903049544,0.09498595495205375,1.2393538495126153,1.0
942178,1,False,goal_missed,-178.55672882622957,14.200000000826549,0.25278551722464937,0.5040826956604841,0.3466369627101477,13.415900605498601,0.7777777777777778
942311,1,False,goal_missed,-79.14407083115624,13.300000000774162,0.14020113555996963,0.2680129411637532,0.32583224359524293,9.495144046230697,1.0
942432,1,True,success,199.97814247026673,12.100000000704313,0.06220310036446962,0.14449009591687717,0.09094386046969034,4.7917824343058095,1.0
942538,1,True,success,256.58647435512677,10.600000000617001,0.03229829639955467,0.06442107072598467,0.0994271292633272,1.4411293561543346,1.0
942681,1,False,goal_missed,-110.85209019355355,14.30000000083237,0.12336277170249277,0.3008288366387978,0.385668639816246,9.16656708064065,1.0
942787,1,True,success,260.84358597626573,10.600000000617001,0.008994333583616924,0.01927621699925247,0.08629351679711848,0.6315666048650724,1.0
942926,1,False,goal_missed,-111.3599294610708,13.900000000809086,0.14224168672708332,0.30496182773236635,0.407670791079592,6.474520327413402,1.0
943058,1,False,goal_missed,-90.37480447616826,13.200000000768341,0.1611017223957074,0.27674448437453003,0.3319526147075077,10.149627674048766,1.0
943244,1,False,goal_missed,-138.94475673865276,18.600000001082662,0.16514617207313012,0.28908380890506746,0.32775949286689243,14.488070489218657,0.8888888888888888
943376,1,False,goal_missed,-70.9708477886303,13.200000000768341,0.12070680395202285,0.24009691082488668,0.312945041557925,7.943020396706613,0.7777777777777778
943501,1,True,success,185.85637438209523,12.500000000727596,0.10372649386497217,0.18998921112482478,0.09757774371761287,4.492796611273963,1.0
943651,1,False,off_path,-299.7095469680229,15.000000000873115,0.5183505874957413,1.0113554090140524,1.0330598729818505,19.62517978348716,1.0
943776,1,True,success,202.64939592005948,12.500000000727596,0.05598132253508178,0.10638861887035755,0.09563554129230689,4.44043123880725,1.0
943879,1,True,success,261.3535397965901,10.300000000599539,0.01194649546514813,0.02401212214970523,0.08264101886570802,0.723915106228084,1.0
943999,1,True,success,178.50206646207124,12.000000000698492,0.06967896873326651,0.10494791184838329,0.09352685754727554,3.7636924402210705,0.7777777777777778
944134,1,False,goal_missed,-101.26206172556846,13.500000000785803,0.18026177894357662,0.2921027980635681,0.34218108064765096,11.26317073471858,1.0
944282,1,False,goal_missed,-105.53159769696815,14.800000000861473,0.10538023190676833,0.23497752895251398,0.3101543160170671,8.518397535675533,1.0
944412,1,False,goal_missed,-135.07672946757174,13.0000000007567,0.25816286921006576,0.4440112039672068,0.47753266173387127,9.21528942515999,1.0
944529,1,True,success,223.50761203246066,11.70000000068103,0.0322447675931068,0.06057915718577207,0.09151406614978248,3.289129602894042,1.0
944634,1,True,success,259.22841287412774,10.50000000061118,0.012746821700991832,0.01967941133206091,0.09390919059586489,0.5451518674251462,1.0
944782,1,False,goal_missed,-211.83740274852227,14.800000000861473,0.27954807734264947,0.4702119795240022,0.31342635595148577,13.2860856668813,0.8888888888888888
944910,1,False,goal_missed,-51.82610714287176,12.800000000745058,0.09187584206608412,0.23135617638229677,0.32493857676816135,2.1649285175606243,1.0
945058,1,False,goal_missed,-115.05126370883276,14.800000000861473,0.11197452923138161,0.2112861910312185,0.3034702110079277,12.01333708025393,0.8888888888888888
945195,1,False,off_path,-287.8022626088412,13.700000000797445,0.5350697205053899,1.010625602805025,1.0329212005859734,19.739931521124202,0.7777777777777778
945334,1,False,goal_missed,-141.52335784090707,13.900000000809086,0.22398167615156261,0.44158488512579036,0.46462686123573527,9.904876612529844,0.8888888888888888
945462,1,False,goal_missed,-68.64809476806519,12.800000000745058,0.13279245020592823,0.27176864371718595,0.3628884972805938,3.5371939947524247,1.0
945600,1,False,goal_missed,-103.42020313217934,13.800000000803266,0.13324034396364914,0.2834390983855759,0.37029839059095343,6.043644513373901,1.0
945725,1,False,goal_missed,-76.55187379916703,12.500000000727596,0.1538884468169175,0.30889620635538106,0.38300407857030366,4.770114540306432,1.0
945841,1,True,success,209.2158640876547,11.600000000675209,0.025947003723808412,0.05181982386894093,0.09748007680927469,3.0688864110998963,0.8888888888888888
945946,1,True,success,261.295856692151,10.50000000061118,0.0077486651445468156,0.01856766192150527,0.09473909807311201,0.5948474212917056,1.0
946085,1,False,goal_missed,-124.04973694174274,13.900000000809086,0.14461951595730488,0.2741782920824756,0.37892689358763965,6.695536616142325,0.8888888888888888
946213,1,False,goal_missed,-67.25634259423171,12.800000000745058,0.11383946637095638,0.23599155924795115,0.3151796621688569,9.378661652857847,1.0
946376,1,False,off_path,-383.93982805493386,16.300000000948785,0.5511305133084253,1.028942539034899,1.066586192921858,20.270395896068816,1.0
946486,1,True,success,258.0232473164476,11.000000000640284,0.01938220866280079,0.03630076802965203,0.08920719788261686,0.8469999840373409,1.0
946620,1,False,goal_missed,-262.411406907352,13.400000000779983,0.3866256551102883,0.6635890430565153,0.679369587286655,12.097041037670072,0.8888888888888888
946751,1,False,goal_missed,-170.27140925126628,13.10000000076252,0.3083147089062175,0.5373886634924008,0.5726645935763676,10.014058946202368,0.8888888888888888
946864,1,True,success,160.03644702605064,11.300000000657747,0.15164535383376657,0.2804451619003597,0.0991505837145186,7.702571401665181,0.8888888888888888
946968,1,True,success,261.3294818162831,10.40000000060536,0.007049588229370608,0.013381919798802528,0.09046277899857039,0.8290450652873321,1.0
947088,1,True,success,171.49293480781628,12.000000000698492,0.12903413116064663,0.26869319332277614,0.09335449596550269,6.651109922604184,1.0
947192,1,True,success,262.08784692033737,10.40000000060536,0.011732715448053505,0.016865687584868963,0.09053973603255383,0.3076434813978889,1.0
947332,1,False,goal_missed,-125.4412566178389,14.000000000814907,0.176714148947726,0.24748629336620764,0.34261692300960717,4.029624948351144,1.0
947466,1,False,goal_missed,-102.58273063493466,13.400000000779983,0.16835293282991795,0.2755932758216304,0.3171527474857471,13.424692028499894,0.8888888888888888
947586,1,True,success,185.99718083963495,12.000000000698492,0.10669694002353171,0.17518068312991422,0.09743370591430288,4.770010196778295,0.8888888888888888
947696,1,True,success,255.61230908528458,11.000000000640284,0.035145029719333726,0.08485350521016911,0.09148493636590299,1.789661762270579,1.0
947848,1,False,goal_missed,-289.1369988134881,15.200000000884756,0.36805244726502906,0.6671829455821763,0.5978986066372984,16.445289681500416,1.0
947951,1,True,success,259.7979711151276,10.300000000599539,0.029196407017190448,0.05955099312162081,0.09124440739019718,1.246545055035211,1.0
948074,1,True,success,201.17046653412072,12.300000000715954,0.09211036295019974,0.17173539254193215,0.0817291944921499,4.245251634822122,1.0
948202,1,False,goal_missed,-99.30242926646989,12.800000000745058,0.2015782687751226,0.36594704176357096,0.4314986207942453,5.617731185863591,0.8888888888888888
948368,1,False,goal_missed,-217.07317996521166,16.600000000966247,0.24942115546255084,0.3962671535211829,0.35880337303003507,15.201440871515645,0.8888888888888888
948485,1,True,success,233.88472314051384,11.70000000068103,0.0623943834593925,0.10989146659344742,0.0991524177298197,4.543941824884455,1.0
948685,1,False,timeout,-578.510939095549,20.000000001164153,0.5126866564600122,0.7036224355404542,0.7415523499453573,12.901160377860828,0.8888888888888888
948817,1,False,goal_missed,-107.33916631132533,13.200000000768341,0.17980480309149033,0.30436748100654,0.32094960166409503,13.119378083724891,0.8888888888888888
948933,1,True,success,202.21190689769568,11.600000000675209,0.03834143698313341,0.09178319779881462,0.08918258470108016,3.4836567706434924,0.7777777777777778
949062,1,False,goal_missed,-66.92093605216512,12.900000000750879,0.1346721442041905,0.2965484687062846,0.38297328747230935,2.869925314957569,1.0
949166,1,False,off_path,-242.53948843347806,10.40000000060536,0.4618660602326008,1.1568101436691132,1.8141419086812058,27.659498072064995,0.6666666666666666
949269,1,True,success,260.42232057385104,10.300000000599539,0.007843712588927437,0.018372658247154068,0.09203374859495252,0.9128538998070078,1.0
949388,1,True,success,183.50728669561616,11.900000000692671,0.125696118315519,0.23712626433611347,0.0913969274452105,6.409179903191455,1.0
949494,1,True,success,257.9329627716561,10.600000000617001,0.01066884936226872,0.02665166723025923,0.09416291574846784,0.9708792210279575,1.0
949658,1,False,goal_missed,-163.56277491879513,16.400000000954606,0.2392530581007921,0.4734905149774111,0.5029420921630631,11.314920364474654,0.7777777777777778
949763,1,True,success,246.01672706622773,10.50000000061118,0.019974542393969678,0.044340226969600285,0.08964510168131953,2.1704634422227125,0.8888888888888888
949874,1,True,success,235.5203310550341,11.100000000646105,0.034556748190004274,0.08424609476033898,0.08032788970052131,2.796977423347443,1.0
950006,1,False,goal_missed,-67.16183226409024,13.200000000768341,0.10773209453933473,0.23635488705609684,0.31315704675693773,8.630535759202385,1.0
950148,1,False,goal_missed,-121.98007140350886,14.200000000826549,0.14133377016070026,0.23512257945658707,0.3114311573932031,11.639119950625211,0.8888888888888888
950250,1,True,success,248.84254290318785,10.200000000593718,0.028130124556471608,0.04513435589582693,0.092012207469475,0.9583661400509488,0.8888888888888888
950389,1,False,goal_missed,-297.5509530364891,13.900000000809086,0.4034214347778792,0.6064403269513954,0.6589087707743846,6.399506520669534,0.6666666666666666
950497,1,True,success,242.7479377684827,10.800000000628643,0.034409962053095496,0.08927477805878144,0.09707441016247591,2.114477090100608,0.8888888888888888
950662,1,False,goal_missed,-146.19778506495697,16.500000000960426,0.09626242609776382,0.2011505674266284,0.31659983008641407,11.697931534108049,0.7777777777777778
950800,1,False,goal_missed,-148.41038801651604,13.800000000803266,0.23911771213670466,0.43033933307100936,0.347292809506807,16.612910768575876,1.0
950940,1,False,goal_missed,-125.45679731690677,14.000000000814907,0.13459796372260477,0.23451478834231299,0.3303268051565716,10.46262141278676,1.0
951067,1,False,goal_missed,-52.080877200773685,12.700000000739237,0.09681035882861658,0.2469089942063063,0.34244523751403844,2.0419864793323406,1.0
951189,1,True,success,105.6350767063807,12.200000000710133,0.22163708458693698,0.44781013587657875,0.09385978196108972,11.949819503653725,0.8888888888888888
951322,1,False,goal_missed,-82.59744278998836,13.300000000774162,0.13226069092088505,0.2393283553244948,0.30614864514222323,12.125888531860046,1.0
951440,1,True,success,196.59878847922718,11.80000000068685,0.09105155019818294,0.16485665431557855,0.09645081343206044,5.0584046559123,0.8888888888888888
951544,1,True,success,249.07547462957524,10.40000000060536,0.03337836064781264,0.055653069900582754,0.0800622205934862,1.420205592860592,0.8888888888888888
951684,1,False,goal_missed,-91.62244815300843,14.000000000814907,0.11288353840144763,0.24501511342010993,0.3443137395740845,3.014636665529244,1.0
951791,1,True,success,244.93284881953974,10.700000000622822,0.03183374524538539,0.07037348501411417,0.09050062981607819,1.4730210572002007,0.8888888888888888
951931,1,False,goal_missed,-150.5155061563728,14.000000000814907,0.15937335512801143,0.30315588989165476,0.4127667759984935,14.430121488199426,1.0
952036,1,True,success,250.11416166801658,10.50000000061118,0.007659408658086215,0.013988968766107961,0.08804037619372665,0.44192616321516054,0.8888888888888888
952151,1,True,success,202.8509684612837,11.500000000669388,0.08658360304904576,0.19573067315121997,0.08599508394727749,6.5540915203998,1.0
952280,1,False,goal_missed,-75.76609152261852,12.900000000750879,0.15342881867087396,0.3039815262491156,0.38294432626809305,3.4717998155419036,1.0
952393,1,True,success,215.41855956499452,11.300000000657747,0.05313496402424542,0.11733189614206384,0.09760209068460311,5.14430389708565,0.8888888888888888
952499,1,True,success,247.29783158000325,10.600000000617001,0.032562035034871616,0.07098507695790349,0.09837053694219,1.2479690267067873,0.8888888888888888
952654,1,False,goal_missed,-183.67502957243397,15.500000000902219,0.25670738912797414,0.5276355623936904,0.5757568349389373,15.925426247283042,0.8888888888888888
952781,1,False,goal_missed,-105.32538406990825,12.700000000739237,0.21590791847512786,0.41796829611493735,0.4879044102631132,5.53917175668573,1.0
952924,1,False,goal_missed,-249.86690319826394,14.30000000083237,0.3582547963544134,0.6767806161614961,0.7381649591722507,7.483750354220888,1.0
953031,1,True,success,246.23587764722828,10.700000000622822,0.03722137101806775,0.080889315232168,0.09205717996359233,1.4531172154553482,0.8888888888888888
953151,1,True,success,162.67758281066426,12.000000000698492,0.14960825248386722,0.2518386353589847,0.09144623225230449,6.65511062672685,1.0
953259,1,True,success,253.53241923734302,10.800000000628643,0.04012527065509495,0.08143418175402459,0.0954365259850578,2.215134233463461,1.0
953381,1,True,success,184.24934602848927,12.200000000710133,0.09328527753120501,0.2231857783886998,0.09363115602411355,7.29750372095419,0.8888888888888888
953508,1,False,goal_missed,-49.58896373647873,12.700000000739237,0.08856682911118464,0.237243742242801,0.3382355898676118,2.42457291321833,0.8888888888888888
953660,1,False,goal_missed,-117.14421176132187,15.200000000884756,0.11969829825870489,0.2408116258834403,0.33961967287021205,5.484896100302269,0.8888888888888888
953786,1,False,goal_missed,-82.25282951163811,12.600000000733417,0.1694868177058243,0.3476954150388211,0.4253156863490557,4.261489406053361,1.0
953930,1,False,goal_missed,-115.20362067831724,14.40000000083819,0.13483835454940174,0.21731652483083735,0.30404453398197856,9.92472856300468,0.7777777777777778
954056,1,False,goal_missed,-110.89327156967177,12.600000000733417,0.2220684622775116,0.39085209079947614,0.4524573661439187,4.365299635090775,1.0
954196,1,False,goal_missed,-145.64030644985496,14.000000000814907,0.20806046453149912,0.32074047038863324,0.4071009824767803,4.6697519093971795,1.0
954306,1,True,success,253.8756970318322,11.000000000640284,0.03815420459630317,0.08478076133387405,0.09785208011318942,1.6555869606624638,1.0
954446,1,False,goal_missed,-104.97750823531865,14.000000000814907,0.10783492090519839,0.24298070327199633,0.3613393927429664,4.433455507121599,1.0
954565,1,False,off_path,-187.20368737465589,11.900000000692671,0.4394669651617416,1.0438461371537928,1.0951282469375174,18.111785975058773,1.0
954703,1,False,goal_missed,-100.50938383051457,13.800000000803266,0.11727013685120392,0.24032688299306368,0.35192825145159756,5.991848214266206,1.0
954807,1,True,success,259.96763201011584,10.40000000060536,0.023770173501264938,0.04594977246120923,0.09380616529645314,0.8723865952542392,1.0
954939,1,False,goal_missed,-173.5451272515111,13.200000000768341,0.2496668013059911,0.40355128241047433,0.3747575791166977,6.998798888550451,0.6666666666666666
955048,1,True,success,241.5989332095254,10.900000000634464,0.033829435993273156,0.0934566133018477,0.09994167862724092,2.488127895223688,0.8888888888888888
955161,1,True,success,160.62255402197775,11.300000000657747,0.16352821526596356,0.30279654954155344,0.0899831837525428,7.02370516373007,0.7777777777777778
955283,1,False,off_path,-218.255275973109,12.200000000710133,0.4768632226132069,1.0239963748743255,1.0499948867423166,18.961730762175833,0.7777777777777778
955397,1,True,success,195.80170302264415,11.400000000663567,0.04935464629914441,0.07703351063445922,0.09973645723237645,1.9419300404466253,0.7777777777777778
955502,1,True,success,260.0516726007102,10.50000000061118,0.011360806501628585,0.026913724477655606,0.08875445575295783,0.7969375725611034,1.0
955638,1,False,goal_missed,-128.5964810070179,13.600000000791624,0.17233490621532133,0.31699700853788976,0.32321426761723804,8.401835027981335,1.0
955743,1,True,success,243.84503469590769,10.50000000061118,0.03325011739341798,0.06780840644540766,0.09171815683082102,1.6252139571073267,0.8888888888888888
955858,1,True,success,211.52564782907262,11.500000000669388,0.06096645632903228,0.11999325539325774,0.08860635047482095,3.23935563715854,0.8888888888888888
955972,1,False,off_path,-190.16654632736368,11.400000000663567,0.4454752754877946,1.0553423959571402,1.1213028828655114,20.128536923581166,1.0
956092,1,True,success,169.79876722098112,12.000000000698492,0.1135154346987331,0.2116671708769501,0.09862095008470015,5.429697813653351,0.8888888888888888
956215,1,False,goal_missed,-56.070771548716856,12.300000000715954,0.10873057198807126,0.2506211854005586,0.34551697636887213,2.189865672181755,0.8888888888888888
956331,1,True,success,209.5319026181243,11.600000000675209,0.043504217891688665,0.08011862333235305,0.08914723656606416,4.0047002553946776,1.0
956438,1,True,success,245.6400227260939,10.700000000622822,0.027247545425705597,0.06014953145648813,0.0957932798425372,1.2917137972055075,0.8888888888888888
956561,1,True,success,190.5098768434339,12.300000000715954,0.07975290095108373,0.1420233219286517,0.0850024071978711,3.431559775053652,0.8888888888888888
956686,1,False,goal_missed,-61.575254059368206,12.500000000727596,0.11755665794554603,0.28005781209228736,0.36487448592994043,3.1322184625100853,1.0
956828,1,False,goal_missed,-133.02517394247516,14.200000000826549,0.19467394907703914,0.3926713951336979,0.47853472709033223,5.773052084143323,0.8888888888888888
956934,1,True,success,244.0304811201517,10.600000000617001,0.01906244010778804,0.05189491331377868,0.09781719820095329,2.137499301512961,0.8888888888888888
957083,1,False,goal_missed,-200.7921113896611,14.900000000867294,0.26944264906371657,0.41808865243307763,0.47955270844413445,5.549640426116125,0.8888888888888888
957191,1,True,success,256.1677698238952,10.800000000628643,0.02233438000537339,0.051789563774444894,0.0971891997765117,1.0815502041623586,1.0
957327,1,False,goal_missed,-100.2781229682052,13.600000000791624,0.14727364048097136,0.31565820737783673,0.40192817581164814,6.144223988541742,1.0
957432,1,True,success,261.9528911722404,10.50000000061118,0.008891074369986665,0.015182712815333196,0.08212116425528262,0.3036190718876378,1.0
957548,1,True,success,215.1971117839673,11.600000000675209,0.02791471120343469,0.04802770528396146,0.09846204117924698,2.9498424000745795,1.0
957657,1,True,success,249.65820927291372,10.900000000634464,0.047687339449129514,0.0935275957021597,0.0886378584827776,3.139747340895176,1.0
957794,1,False,goal_missed,-137.4133394343992,13.700000000797445,0.19244422784398557,0.3502626324484384,0.4238005248238455,4.243516783960481,0.8888888888888888
957919,1,False,goal_missed,-52.389179155830476,12.500000000727596,0.09509016958411491,0.23292174426395024,0.3359309372470697,2.3511137257601966,1.0
958055,1,False,goal_missed,-168.36695171448747,13.600000000791624,0.2538625802790666,0.38552689471850793,0.443024305316192,6.076372163953048,0.8888888888888888
958160,1,True,success,259.82509699299794,10.50000000061118,0.022387613213881632,0.049134173415649705,0.09053604622990205,0.9312851353254671,1.0
958316,1,False,off_path,-526.5613995778648,15.60000000090804,0.46992057031485956,1.0153835076880158,2.750046377364961,36.768076071759715,0.4444444444444444
958441,1,False,goal_missed,-51.41073042324031,12.500000000727596,0.09069271916841136,0.22488977072007427,0.3263444996288866,1.568913160140921,1.0
958571,1,False,goal_missed,-123.29952084918814,13.0000000007567,0.19510743612855835,0.3084538186711888,0.3670295512782765,6.1128543823665025,1.0
958705,1,False,goal_missed,-161.23356330212818,13.400000000779983,0.25836009452681374,0.4676588558578559,0.3618362435024481,17.26527208736201,0.7777777777777778
958839,1,False,goal_missed,-107.07337862442022,13.400000000779983,0.15243677383092866,0.25631997777712956,0.3550899944904503,3.8710982997349,1.0
958984,1,False,off_path,-307.3699839679248,14.500000000844011,0.5429408259517274,1.014765038771831,1.0365453503654543,18.71667986060855,1.0
959139,1,False,off_path,-331.3638479077092,15.500000000902219,0.49830750967978926,1.0136131652489182,1.0580413366629675,21.25537106886313,1.0
959251,1,False,off_path,-184.73425049553092,11.200000000651926,0.45201915378589735,1.0833079206793435,1.1592834201209778,18.837356362285956,0.8888888888888888
959394,1,False,goal_missed,-385.59060465193073,14.30000000083237,0.5119319294066162,0.8353150027637612,0.8529171554483833,13.062614012735034,0.8888888888888888
959500,1,True,success,260.6093488227276,10.600000000617001,0.008564870008982449,0.02243913930635925,0.09305766726043932,0.7172479692128181,1.0
959613,1,True,success,220.99399222896855,11.300000000657747,0.04760759036484002,0.1099555458429737,0.08905521617248682,3.5636741772389215,1.0
959721,1,True,success,245.36420769142444,10.800000000628643,0.030684974074028256,0.07390603605774336,0.09511133624847333,1.335939475592713,0.8888888888888888
959856,1,False,goal_missed,-88.85932912711597,13.500000000785803,0.10193940160867229,0.24182901874217694,0.35101988367538345,7.5391190501501635,1.0
959987,1,False,goal_missed,-57.38959479282326,13.10000000076252,0.10311747347478985,0.22668109292013716,0.341508036403825,2.2483621251690753,1.0
960122,1,False,goal_missed,-92.2754612006672,13.500000000785803,0.1115153128189497,0.2210109046970637,0.3264105394490297,4.49437732091159,1.0
960229,1,True,success,247.39437161968638,10.700000000622822,0.015135154693937137,0.02563074157626385,0.09436373525808729,0.8529302685246674,0.8888888888888888
960371,1,False,goal_missed,-118.67659031006914,14.200000000826549,0.15810521040814265,0.30320965875255323,0.3860626048403146,4.680776168160109,1.0
960475,1,True,success,255.7782317954368,10.40000000060536,0.027135672935886916,0.07796293762026169,0.09949686654169612,2.4619714337631637,1.0
960622,1,False,goal_missed,-189.58763742312632,14.700000000855653,0.25911744988151564,0.5017512897899611,0.4669971733162666,16.570499821995398,0.8888888888888888
960752,1,False,goal_missed,-98.57712890150387,13.0000000007567,0.19686269795532127,0.3593147718071978,0.4294672279409209,5.674385748192065,1.0
960888,1,False,goal_missed,-90.57532207005418,13.600000000791624,0.11961258808572861,0.2291255465689567,0.33630133902166304,5.078608519657777,1.0
960994,1,True,success,259.2097603274488,10.600000000617001,0.0081595149430589,0.020732726599469647,0.0936238492244894,1.1976443688471958,1.0
961138,1,False,goal_missed,-102.50586995223043,14.40000000083819,0.12678747977836188,0.25426222803962856,0.31668678985519794,9.282758775529388,0.7777777777777778
961270,1,False,goal_missed,-142.1643391666513,13.200000000768341,0.27483092595066755,0.4877962339128614,0.535259562158319,7.8975281101939245,1.0
961415,1,False,goal_missed,-114.59283780957443,14.500000000844011,0.11361815020743873,0.22611282846946476,0.30874416879002525,12.948334334247729,0.8888888888888888
961522,1,True,success,258.8087591032996,10.700000000622822,0.020546106297127446,0.03444395292463612,0.09955995074283014,1.2439435728977868,1.0
961663,1,False,goal_missed,-129.26827461956566,14.100000000820728,0.16003045190152967,0.2775565128430815,0.3734261541579463,4.6861832110061705,0.7777777777777778
961791,1,False,goal_missed,-74.06095670399323,12.800000000745058,0.12311186382054676,0.24012632207009646,0.31601283472073194,9.413718787541258,0.8888888888888888
961902,1,True,success,209.8529313764902,11.100000000646105,0.036479768460265426,0.07767030191827533,0.09109027798617475,2.9882605645366804,0.8888888888888888
962008,1,True,success,247.47844271239356,10.600000000617001,0.02829225067715293,0.060320680800922816,0.09059200417099875,1.193254638844006,0.8888888888888888
962150,1,False,goal_missed,-90.23523081063422,14.200000000826549,0.12603019508075267,0.28911302781081116,0.3756227714935619,3.963177274108911,0.8888888888888888
962285,1,False,goal_missed,-65.85770406157863,13.500000000785803,0.1335943798310725,0.2754396880069276,0.37238098868388414,2.313042144827943,1.0
962426,1,False,goal_missed,-145.5440074473902,14.100000000820728,0.18661699486743014,0.3819867738786871,0.3089439199953314,11.705859376424518,0.8888888888888888
962538,1,True,success,245.87247118187798,11.200000000651926,0.04877711620257249,0.09783423331089891,0.09292443050122495,2.551386070128253,1.0
962678,1,False,goal_missed,-302.10773548823477,14.000000000814907,0.4117528187754553,0.7715292255433959,0.8013919098768715,13.81750799582444,1.0
962814,1,False,goal_missed,-66.58042793402956,13.600000000791624,0.11015346808148418,0.22139324550215217,0.31121833184842806,8.274191264751964,1.0
962938,1,True,success,193.91922512098722,12.400000000721775,0.07123099535930505,0.12814313643107758,0.0913277058841966,4.077400295363692,0.8888888888888888
963075,1,False,goal_missed,-80.44240173092399,13.700000000797445,0.12477178738659919,0.223436464082319,0.3128333723650322,11.612928228815319,1.0
963275,1,False,timeout,-336.8339195804437,20.000000001164153,0.26525277643081907,0.4457630981654199,0.1931128680935471,28.365485092184525,1.0
963382,1,True,success,247.75767369461911,10.700000000622822,0.026067819728471935,0.05317554096195003,0.08390838609050714,1.6979788539280254,0.8888888888888888
963519,1,False,goal_missed,-100.04747095411872,13.700000000797445,0.11825000159554755,0.20360777877644354,0.30700070773410687,11.187241094719525,1.0
963627,1,True,success,255.2067807673128,10.800000000628643,0.02208280451718446,0.06243673494686304,0.09355263174815347,1.9587688442548459,1.0
963755,1,True,success,119.95467676519145,12.800000000745058,0.21761531544679658,0.42548238009377526,0.07446909432047769,12.322803251960325,1.0
963886,1,False,goal_missed,-54.163830461257575,13.10000000076252,0.08616097318839153,0.19512826483700713,0.3079921195144533,5.302221820083143,1.0
964040,1,False,goal_missed,-133.48109152436513,15.400000000896398,0.17845778812437618,0.2566048390916209,0.3583209486769702,3.5735963129848214,0.8888888888888888
964149,1,True,success,259.2525297250346,10.900000000634464,0.00735067210272745,0.013812424436343422,0.09292641025787823,0.5260701709621164,1.0
964272,1,True,success,208.90500971400763,12.300000000715954,0.05993752753004243,0.0976707130686106,0.09593305074455637,5.0629658924642085,1.0
964400,1,False,off_path,-225.59071919165,12.800000000745058,0.47540229968712744,1.0135589859378291,1.0301524416081134,18.85744826645725,1.0
964541,1,False,goal_missed,-101.14816502505592,14.100000000820728,0.1285911250403612,0.2446236798446683,0.320459361696774,8.556277899917376,1.0
964672,1,False,goal_missed,-52.531378573918076,13.10000000076252,0.09146343043030516,0.21664421241727558,0.3308265611316543,2.3747887057726187,0.8888888888888888
964790,1,True,success,193.84580101948058,11.80000000068685,0.08222459536929454,0.15411270109829506,0.08972971400463797,4.517962244983759,0.8888888888888888
964917,1,False,goal_missed,-51.65219713024128,12.700000000739237,0.09210909394785878,0.22439494464597406,0.32375258213298025,1.5239777121171323,1.0
965059,1,False,goal_missed,-114.98454644743259,14.200000000826549,0.1291865178833435,0.22117811159598022,0.329254920123324,8.302742354800634,1.0
965198,1,False,goal_missed,-125.99731174792382,13.900000000809086,0.2066606668455351,0.3627838715590066,0.332507481259155,14.74723352596318,1.0
965398,1,False,timeout,-225.42528405340565,20.000000001164153,0.09107334985398136,0.14894171138648682,0.26243557341407303,5.829567814556062,0.8888888888888888
965504,1,True,success,255.35441111624644,10.600000000617001,0.022924635629053294,0.05796719247888295,0.08253065316441295,2.510339598174684,1.0
965622,1,True,success,200.09743255306458,11.80000000068685,0.06180099962172528,0.1240249103700592,0.09538694242116494,3.881060760620343,0.8888888888888888
965766,1,False,goal_missed,-113.58126829432545,14.40000000083819,0.16938362404992757,0.2858485798551072,0.374510992738494,3.9627604238776906,1.0
965873,1,True,success,258.69612148830186,10.700000000622822,0.0261330134475672,0.054064428974360874,0.09996257582051125,1.5357467814262902,1.0
966026,1,False,goal_missed,-316.371485461473,15.300000000890577,0.3762968808406947,0.649059156234678,0.3043862433848873,20.61199500025573,0.7777777777777778
966131,1,True,success,249.04394926533698,10.50000000061118,0.015770251346549944,0.03218953857407768,0.08913472530509899,1.3100818670852683,0.8888888888888888
966272,1,False,goal_missed,-105.97710606306032,14.100000000820728,0.1340840460896026,0.24462086807064098,0.33290470965034435,7.885794853680597,1.0
966378,1,True,success,248.87074786383414,10.600000000617001,0.011376061247588626,0.02605671967874789,0.09509240389158796,0.5322064090091316,0.8888888888888888
966513,1,False,goal_missed,-279.07382195091867,13.500000000785803,0.3905570776112726,0.6926827605430242,0.3211344754028359,15.471454641014295,0.5555555555555556
966656,1,False,goal_missed,-141.6916299444714,14.30000000083237,0.22625386501182812,0.38866421113846944,0.33754050426510585,15.726584005060147,0.8888888888888888
966738,1,False,off_path,-224.77377603365647,8.200000000477303,0.4957938905108369,1.1191887401211524,2.754353654001818,29.255983794214806,0.4444444444444444
966845,1,True,success,258.28049741152404,10.700000000622822,0.023234508188660616,0.06250998476257924,0.09831827457850222,1.3700621085540412,1.0
966993,1,False,goal_missed,-120.21868198728802,14.800000000861473,0.1381130446353564,0.2506823000050853,0.3145351061360552,8.79250668761326,1.0
967101,1,True,success,257.8226737179947,10.800000000628643,0.019883093849661113,0.05396347844380238,0.09480585185928463,1.8259128814403598,1.0
967246,1,False,goal_missed,-119.70849402917793,14.500000000844011,0.12587836624870055,0.21446638395088236,0.31676846613161164,8.865032464685562,1.0
967352,1,True,success,259.06523678266734,10.600000000617001,0.026423834332444458,0.06161246184753314,0.09300994834579904,1.0126137243404882,1.0
967497,1,False,goal_missed,-139.28983556310232,14.500000000844011,0.18682663445615866,0.3287022305184138,0.4032399596177602,11.157156915572113,0.8888888888888888
967605,1,True,success,255.53382864893163,10.800000000628643,0.04118316978172569,0.06487615173203537,0.09176482793934579,0.8266483743394992,1.0
967738,1,False,goal_missed,-125.29711454306324,13.300000000774162,0.18929583174010683,0.3742428159380646,0.44495196641804496,7.289187359517609,1.0
967848,1,True,success,256.70396224580924,11.000000000640284,0.03578114192876023,0.07333912885360798,0.09085207175840548,1.126823127880315,1.0
967991,1,False,goal_missed,-222.1307748168842,14.30000000083237,0.31006479189128117,0.5705237211359857,0.4015812861597919,17.22245409377725,1.0
968101,1,True,success,239.40911525023037,11.000000000640284,0.0538630920900916,0.09539821771388078,0.0962139495088038,1.265966506971271,0.8888888888888888
968244,1,False,goal_missed,-131.5453424544363,14.30000000083237,0.18847502701640448,0.315414674150426,0.39730734906265963,6.5529749598440805,0.8888888888888888
968375,1,False,goal_missed,-63.30874135632896,13.10000000076252,0.10878854719729367,0.2177780602103817,0.32426991278778083,5.092409512243766,1.0
968520,1,False,goal_missed,-99.77470740437936,14.500000000844011,0.10453407348448984,0.21145314254063222,0.3281349557609501,4.522986634249443,1.0
968630,1,True,success,258.2659380900267,11.000000000640284,0.024841275148087736,0.05706928057214923,0.09213682081663081,1.0260622378055753,1.0
968781,1,False,goal_missed,-124.64653439432655,15.100000000878936,0.1422143610098161,0.25016408220265646,0.3141047187880202,7.15386867597879,1.0
968893,1,True,success,248.78426920418033,11.200000000651926,0.05438366792214888,0.10007025871270152,0.09936842023729836,3.0940015154095453,1.0
969039,1,False,goal_missed,-95.63940152313376,14.600000000849832,0.09969968135248196,0.22028082381162953,0.3285205046824095,3.0303546413075924,1.0
969170,1,False,goal_missed,-65.84454405585674,13.10000000076252,0.12244067450662817,0.24329861103424757,0.3412851468196098,4.388679365565072,1.0
969324,1,False,off_path,-311.9131047054084,15.400000000896398,0.4268550228880096,1.0240918853151215,1.1224976910453113,28.69989438169594,0.8888888888888888
969432,1,True,success,257.1855352871158,10.800000000628643,0.02673269371555614,0.046616114405375046,0.08685071711658188,0.9999642562164615,1.0
969554,1,True,success,175.4848278511814,12.200000000710133,0.1152806818597792,0.2075131322270897,0.08793492387354734,5.458711175238756,0.8888888888888888
969665,1,True,success,255.94829110685814,11.100000000646105,0.030116555911989917,0.05103475579324318,0.09351334535746819,0.8804584466905868,1.0
969785,1,True,success,214.89433547324276,12.000000000698492,0.03678405530472572,0.0729870099764941,0.09737324110756347,3.0895902237559993,1.0
969896,1,True,success,242.86852292601992,11.100000000646105,0.032522912309006925,0.07989959295418331,0.09238703896695724,1.7487518425003623,0.8888888888888888
970017,1,True,success,203.37435625868193,12.100000000704313,0.04789521141975096,0.09037713210868789,0.09768435721999849,4.136821032339173,0.8888888888888888
970134,1,True,success,230.02085504859414,11.70000000068103,0.04439200510529427,0.08244653058321239,0.09878689317631237,3.9240859441066247,0.8888888888888888
970248,1,True,success,226.4346980273447,11.400000000663567,0.03386427312878358,0.07037269408101574,0.09472254660894697,2.5100764606712596,1.0
970377,1,False,goal_missed,-78.58337164420807,12.900000000750879,0.14742728505970307,0.2633845235881564,0.34783197937346116,6.114125004009576,1.0
970497,1,True,success,202.78748314270388,12.000000000698492,0.05910897042434369,0.11294481852555521,0.08775921964551771,3.1134849978239245,0.8888888888888888
970635,1,False,goal_missed,-66.4620002246879,13.800000000803266,0.13330255856470183,0.29335131470154147,0.3885058479966397,3.1885941403352405,0.8888888888888888
970779,1,False,goal_missed,-108.6468184239639,14.40000000083819,0.12229053354725977,0.248674941303003,0.34540390168766055,3.6124883679941657,1.0
970889,1,True,success,258.54785413890477,11.000000000640284,0.02188969115112127,0.034867841654034906,0.09115102326934532,0.5643103395246943,1.0
971035,1,False,goal_missed,-116.1467316786611,14.600000000849832,0.11579974775021108,0.22093864190750462,0.3101268547934366,11.015778242129954,0.8888888888888888
971143,1,True,success,243.90668430091478,10.800000000628643,0.07345096378609374,0.1298184631573536,0.09423701305182622,2.8161198269564154,1.0
971261,1,True,success,219.91578399227285,11.80000000068685,0.04104669944695032,0.06897581734968963,0.09937053580169894,3.453034601814878,1.0
971369,1,True,success,260.5024026667164,10.800000000628643,0.009624795121364216,0.019488361161666527,0.08691618136069063,1.284678318361547,1.0
971511,1,False,goal_missed,-179.4662966619215,14.200000000826549,0.23957172257466217,0.3905252995921545,0.3274237403389543,8.002255714215174,0.8888888888888888
971626,1,True,success,219.485115218646,11.500000000669388,0.07605336969713855,0.15781996520322034,0.0927476291641718,4.866016608170007,0.8888888888888888
971775,1,False,goal_missed,-152.18780351243691,14.900000000867294,0.18192454694828739,0.3137221176486187,0.32522631826060655,13.320900721045502,1.0
971884,1,True,success,242.92603181566182,10.900000000634464,0.016831481430028473,0.044255883323788485,0.09807000299406073,2.0010481629859806,0.8888888888888888
972022,1,False,goal_missed,-219.36701832939934,13.800000000803266,0.31105610570436315,0.5056143838990564,0.39176973363852136,11.053642523766168,0.7777777777777778
972127,1,True,success,248.84574163169253,10.50000000061118,0.014935217558587876,0.03294490269787397,0.09001276568721299,1.0740317974431024,0.8888888888888888
972249,1,True,success,190.6160754227907,12.200000000710133,0.05760373776854645,0.09756069818034149,0.08378839084347554,4.5570999908625955,0.8888888888888888
972363,1,True,success,240.27272775713828,11.400000000663567,0.05379402050771697,0.10654476399180683,0.09698881010813286,2.391252194610853,1.0
972506,1,False,goal_missed,-104.73280803288058,14.30000000083237,0.12747156770896198,0.2165442870960861,0.3338461571420816,3.153518854705993,1.0
972616,1,True,success,256.71009967152287,11.000000000640284,0.01919441152833559,0.04111065930311301,0.09236669781593856,0.834875066413096,1.0
972751,1,False,goal_missed,-204.75115375573012,13.500000000785803,0.30112267112157176,0.4810456624204779,0.4776301492087953,8.872451467213045,0.8888888888888888
972889,1,False,goal_missed,-68.45665116151956,13.800000000803266,0.10199028391500546,0.20961319272081683,0.30515573678649655,9.638941116565032,1.0
973030,1,False,goal_missed,-89.6910305741005,14.100000000820728,0.11373397100486862,0.25505138309468767,0.3620658251116795,3.8429164843857997,1.0
973143,1,True,success,254.03617008944246,11.300000000657747,0.033533657877455464,0.08713765576502182,0.09682496571384935,2.3295155003028145,1.0
973293,1,False,goal_missed,-130.3780207439141,15.000000000873115,0.14289124763623123,0.22366559469345118,0.3085850756744718,10.35433520533081,0.7777777777777778
973422,1,False,goal_missed,-52.61702349945383,12.900000000750879,0.09112945625931476,0.22708832107241061,0.3233848746302117,1.5944398826560724,0.8888888888888888
973542,1,True,success,219.63208215213334,12.000000000698492,0.04289263374801259,0.08285350911845407,0.08788466742503007,2.1266713886664954,1.0
973651,1,True,success,260.4625374824,10.900000000634464,0.013865013849468937,0.02662198463536038,0.0817756545770767,0.6776046588681612,1.0
973787,1,False,goal_missed,-93.39444194827702,13.600000000791624,0.109934548729819,0.25495048245458535,0.36969279484969036,6.827603481471378,1.0
973894,1,True,success,257.94671405352375,10.700000000622822,0.009836892680327603,0.020831119727001336,0.09283499122186695,0.6395100812390994,1.0
974046,1,False,goal_missed,-173.31754575679224,15.200000000884756,0.18719507627013696,0.426563852033673,0.31579857365993147,16.93315686897093,1.0
974154,1,True,success,256.78157312765404,10.800000000628643,0.03156173964489647,0.05887755388077717,0.08684944269179218,1.4924708837300893,1.0
974270,1,True,success,216.6618563108498,11.600000000675209,0.07651067209148822,0.1398804936916322,0.09775780942283858,4.1228534515807596,1.0
974401,1,False,goal_missed,-78.64271126848851,13.10000000076252,0.15442069881137485,0.3072492650470144,0.37335969694497984,5.269105537427367,1.0
974537,1,False,goal_missed,-107.1344715528399,13.600000000791624,0.1485597280032622,0.26043198039465953,0.35144685052373803,3.654915290685819,1.0
974646,1,True,success,245.37554084350177,10.900000000634464,0.027822587834595725,0.06818176787471332,0.09609992743695549,1.2597658991965408,0.8888888888888888
974790,1,False,goal_missed,-107.99059862478948,14.40000000083819,0.11326755206668591,0.2517542488547431,0.3615615670822846,6.007239247851851,1.0
974919,1,False,goal_missed,-48.938530012719305,12.900000000750879,0.08628325770493195,0.2283660964411691,0.3321174555590331,1.6608494192276237,0.8888888888888888
975056,1,False,goal_missed,-88.06488236453731,13.700000000797445,0.12057630182220579,0.24750599153065225,0.357969727808569,5.110250271246892,0.8888888888888888
975195,1,False,goal_missed,-64.15687841458416,13.900000000809086,0.122060954499683,0.23734740673846752,0.3429979536855062,1.9075181094347673,1.0
975345,1,False,goal_missed,-153.1861159480304,15.000000000873115,0.1696922608033916,0.28706381263191433,0.30440731789586944,11.254184187878353,1.0
975471,1,False,off_path,-222.45143160978603,12.600000000733417,0.47612291985486616,1.0242786246143658,1.0651126022165678,18.630533714683434,0.8888888888888888
975593,1,True,success,206.8762854136058,12.200000000710133,0.06872103267469393,0.10107664321770578,0.09495563181035949,2.9588733759821046,1.0
975743,1,False,off_path,-326.5783663635005,15.000000000873115,0.5505383984811116,1.0110596541668166,1.027120361850668,20.45035056078376,1.0
975861,1,True,success,207.8377792058048,11.80000000068685,0.046770600098470144,0.08405546470394565,0.09772866046632186,4.048090496620096,0.8888888888888888
976005,1,False,goal_missed,-159.4299554086361,14.40000000083819,0.2314986569671837,0.43082927658667775,0.3156997160951737,19.717427434251306,0.7777777777777778
976161,1,False,goal_missed,-357.8389689543716,15.60000000090804,0.5062852163825421,0.9981227340813794,1.0625528217227225,17.70050028346771,1.0
976270,1,True,success,258.31188901249556,10.900000000634464,0.011771245748665992,0.02888935045329451,0.0826278514069301,0.7775930539048382,1.0
976411,1,False,goal_missed,-105.4837294918367,14.100000000820728,0.11899691347085029,0.22027380641158922,0.33579762350433523,4.680225888552067,1.0
976547,1,False,goal_missed,-86.8511154391919,13.600000000791624,0.13200748826821282,0.2239079020691297,0.3082151098719703,13.37221359668091,1.0
976682,1,False,goal_missed,-82.99139081927484,13.500000000785803,0.09052428488320113,0.21244528234368326,0.3250423714421471,3.288335371031765,1.0
976794,1,True,success,255.81774623716944,11.200000000651926,0.017178602378842663,0.04225647327299029,0.09462879109700553,1.4807493831076708,1.0
976930,1,False,goal_missed,-79.15269451892155,13.600000000791624,0.08518936215739017,0.20321374761222058,0.32723536031752853,2.4171645046847963,0.8888888888888888
977048,1,True,success,231.5438077389029,11.80000000068685,0.04401093501624012,0.08044836404995225,0.08472055527874153,4.702800206123667,0.8888888888888888
977217,1,False,wrong_direction,-212.91966150019704,16.90000000098371,0.12214456390384304,0.2326796605170178,0.23795411047208959,34.088474975061736,1.0
977349,1,False,goal_missed,-56.831523546922114,13.200000000768341,0.09174352465884289,0.21653957805946897,0.3115535177963287,8.07164471470086,1.0
977495,1,False,goal_missed,-97.24929315178554,14.600000000849832,0.08510516682463522,0.2001120810307627,0.3121019989486318,9.337978422806634,0.8888888888888888
977608,1,True,success,245.94610820815078,11.300000000657747,0.04676932461418492,0.09731217003012123,0.09344513399468508,2.2652114014102063,1.0
977729,1,True,success,197.8861379582804,12.100000000704313,0.06596093310178149,0.15678176789228088,0.09677915871127958,5.85534410114878,1.0
977837,1,True,success,252.79750800673474,10.800000000628643,0.04418105922624589,0.08589768105451001,0.08593190305381049,1.8737685300168234,1.0
977985,1,False,goal_missed,-166.62530667970296,14.800000000861473,0.21616471547287835,0.34638694464755815,0.3131598373837755,8.529047266587087,0.8888888888888888
978099,1,True,success,245.59751343747945,11.400000000663567,0.053179177208096756,0.10619089631702014,0.099886872957815,2.001501779119126,1.0
978217,1,True,success,225.2114301913764,11.80000000068685,0.02765947878031545,0.06430655488129589,0.08987122568939906,2.957184374835126,1.0
978375,1,False,goal_missed,-329.98254239249275,15.800000000919681,0.42240479561526734,0.774367954026015,0.5908854403934249,21.427293484185967,1.0
978497,1,True,success,199.15416380203723,12.200000000710133,0.0895534895115055,0.1655720872381162,0.09945283567110187,4.8045735448423565,1.0
978640,1,False,goal_missed,-179.4094607482987,14.30000000083237,0.2781732469424073,0.4890991732744194,0.36225423145782937,17.740949358830925,0.8888888888888888
978762,1,True,success,196.29487150664616,12.200000000710133,0.04456618464853042,0.0908640505687095,0.086987231732561,3.2672400585676287,0.8888888888888888
978889,1,False,off_path,-221.62090700790154,12.700000000739237,0.46786911672650927,1.0213814415468754,1.0518874882807603,18.96286863804851,1.0
979032,1,False,goal_missed,-127.50325491236622,14.30000000083237,0.15404421197234008,0.2661767895423917,0.32511129872594663,11.998915661048946,1.0
979156,1,False,off_path,-203.10118812371377,12.400000000721775,0.4440509827858971,1.0264548708655943,1.0769408132649927,18.606104277485112,1.0
979281,1,True,success,213.2353140292838,12.500000000727596,0.034298710009153965,0.05751918567370318,0.09959481836760664,3.9043771332759687,1.0
979413,1,False,goal_missed,-67.59265770914112,13.200000000768341,0.12848947675627878,0.25865305155582363,0.367860319073046,3.7293812421454544,0.8888888888888888
979560,1,False,goal_missed,-120.72655664682173,14.700000000855653,0.09490938047658427,0.19772374729953962,0.30703085112879364,9.63061032441221,0.8888888888888888
979713,1,False,goal_missed,-119.8632411081374,15.300000000890577,0.14409414170408216,0.27445356207619,0.3211568034826007,17.836760707529542,0.8888888888888888
979913,1,False,timeout,-190.2398815725809,20.000000001164153,0.2016153072885511,0.277438142644788,0.28264489384435815,8.890010164723808,0.8888888888888888
980024,1,True,success,240.43587059117112,11.100000000646105,0.039150452943714414,0.0814694400468757,0.09127547461968946,1.871210725242849,0.8888888888888888
980173,1,False,goal_missed,-252.04011633756704,14.900000000867294,0.3332626502129871,0.6109263062394278,0.6722366203012856,11.022338637982669,1.0
980302,1,False,goal_missed,-56.35753213825442,12.900000000750879,0.09003694282045184,0.2166446362658065,0.3131395615422083,6.221345134752754,1.0
980437,1,False,goal_missed,-100.35331712711462,13.500000000785803,0.11488930246605868,0.24511226852516613,0.36430654017168235,8.263353971262145,0.8888888888888888
980544,1,True,success,258.0827810010377,10.700000000622822,0.020022222777403648,0.04498167429092434,0.09276910298771783,1.4417832818099106,1.0
980679,1,False,goal_missed,-86.47726163020091,13.500000000785803,0.11392467753268869,0.24134939844164544,0.3518640401284832,4.3724748391986905,1.0
980785,1,True,success,246.4616868571985,10.600000000617001,0.02443889195778869,0.0381519800513682,0.08763979837462177,1.4862016923201253,0.8888888888888888
980929,1,False,goal_missed,-106.99687916207685,14.40000000083819,0.12439651349689354,0.2618350537053178,0.36351775538431386,6.878824372262653,1.0
981052,1,False,off_path,-191.10727149344484,12.300000000715954,0.43093471920673393,1.0726599241445243,1.1614913757818792,19.243022808403197,0.7777777777777778
981200,1,False,goal_missed,-170.12095186722507,14.800000000861473,0.19026632476090913,0.43655478065943865,0.5447654414760973,17.802723550642508,1.0
981309,1,True,success,247.8094033905134,10.900000000634464,0.007635842121855617,0.020002672855832772,0.08272613281566353,0.62230491490544,0.8888888888888888
981465,1,False,goal_missed,-218.80553170048773,15.60000000090804,0.31061551889604355,0.6316417411125258,0.6821611681768827,13.30482627904081,1.0
981575,1,True,success,242.4764690293743,11.000000000640284,0.03999602360369938,0.05975676084687228,0.08642062372928669,1.5651485955830586,0.8888888888888888
981696,1,True,success,161.07447843858787,12.100000000704313,0.15487205259996192,0.31529674850067135,0.09688185165555716,8.325238387863362,0.8888888888888888
981824,1,False,goal_missed,-74.17659798464524,12.800000000745058,0.1477759687589542,0.2760497677031687,0.36908022576427363,3.9620023452631483,1.0
981942,1,True,success,216.6465770867049,11.80000000068685,0.06337155586694117,0.09150767840217017,0.09584547432672015,2.167483944447583,1.0
982070,1,False,goal_missed,-71.14069008780564,12.800000000745058,0.1367510127817793,0.2843558030661357,0.3658678356588974,4.318791368427897,1.0
982270,1,False,timeout,-202.47115059019762,20.000000001164153,0.05209147026234289,0.10214598805868158,0.1974184748211188,3.716717294059097,1.0
982379,1,True,success,259.8937752242361,10.900000000634464,0.011280637401033414,0.024480875954620545,0.09714121961589292,0.717644291494497,1.0
982519,1,False,goal_missed,-110.80359504225385,14.000000000814907,0.1472702929571195,0.2730012049118223,0.3741951369520958,3.9458499501559947,0.8888888888888888
982629,1,True,success,257.7877815830244,11.000000000640284,0.023934002312880464,0.04512759327562049,0.09457446631707074,1.2057511426791432,1.0
982740,1,True,success,193.02155485487555,11.100000000646105,0.15670899533405233,0.27556217814313555,0.09819968532215582,6.623321019251767,1.0
982848,1,True,success,257.83101063436396,10.800000000628643,0.01643440486022837,0.04265531587593334,0.0847969396786364,1.805019589148279,1.0
982968,1,True,success,175.909898757939,12.000000000698492,0.11104800069074598,0.21332850538083142,0.08986933672922709,6.561909244528678,0.8888888888888888
983078,1,True,success,259.56835183179703,11.000000000640284,0.00939953532244963,0.021194282788184762,0.08632472432655044,1.1670169701271955,1.0
983278,1,False,timeout,-240.7500160968453,20.000000001164153,0.020354588690589523,0.03371705256675151,0.18636939883198314,3.566382823099729,1.0
983390,1,True,success,257.88969310599225,11.200000000651926,0.005331558264991803,0.009646805957523192,0.09092341915131012,0.4984794597808605,1.0
983511,1,True,success,202.77802073710703,12.100000000704313,0.06525379275991074,0.12325284499059928,0.0968689709994204,7.484788915800228,1.0
983652,1,False,goal_missed,-117.48068619189647,14.100000000820728,0.16844380977689388,0.3131013221978271,0.3131013221978271,16.648724852347,0.8888888888888888
983768,1,True,success,220.0505872106856,11.600000000675209,0.028958724175679226,0.04679044962252758,0.09881128238741944,2.0259536103881763,1.0
983897,1,False,goal_missed,-69.7351936662825,12.900000000750879,0.1260789886458226,0.2440675590541905,0.3466793083324193,4.947597354647254,1.0
984045,1,False,goal_missed,-161.29677227625416,14.800000000861473,0.2030892314863439,0.36674708023635466,0.32355550652371107,15.244792675335258,1.0
984156,1,True,success,251.68021945884317,11.100000000646105,0.0621098590050265,0.0950772886321224,0.09028526380295643,1.5542474787821599,1.0
984277,1,True,success,176.35283282273676,12.100000000704313,0.12559900147857866,0.2619331888684495,0.09667465487213338,10.69637676971653,1.0
984409,1,False,goal_missed,-78.04189608912546,13.200000000768341,0.1605125264961021,0.3156351032784675,0.4006041844806066,4.242879530920566,1.0
984526,1,True,success,158.1824423646079,11.70000000068103,0.18231149949711015,0.3299131742058421,0.09677788707142373,8.291976005048012,1.0
984640,1,True,success,254.10443660376248,11.400000000663567,0.033728473690711226,0.07476053922456034,0.08837155202636755,1.4092914035655615,1.0
984791,1,False,goal_missed,-142.99940047331472,15.100000000878936,0.13659612884707842,0.22147495207806653,0.34256347837701695,17.089440787944827,1.0
984921,1,False,goal_missed,-105.26492105197681,13.0000000007567,0.20390715449511732,0.3544565803914888,0.4117181737466552,7.031503458516932,0.8888888888888888
985064,1,False,goal_missed,-105.74829043288969,14.30000000083237,0.13334392230734354,0.24598777976303962,0.35955304849392367,3.4964579405491256,0.7777777777777778
985176,1,True,success,257.73963537619954,11.200000000651926,0.010282620576115694,0.027048993723186508,0.08846787886591417,0.7873227945776393,1.0
985314,1,False,goal_missed,-85.41070871934348,13.800000000803266,0.08844118979815513,0.1996921250655032,0.32147422111889146,4.78857733083713,1.0
985428,1,True,success,253.02514153103834,11.400000000663567,0.03290880467949491,0.06920378895767808,0.09563389876287216,1.308709403355326,1.0
985539,1,False,wrong_direction,-193.62193670700702,11.100000000646105,0.17772492810233728,0.5013347254906199,1.5146208805345243,37.17297238521201,0.7777777777777778
985739,1,False,timeout,-580.6731420882346,20.000000001164153,0.6335003759492586,0.9727037574190758,0.979432116048513,20.90833603734858,1.0
985869,1,True,success,179.876724675465,13.0000000007567,0.09867703957792287,0.17030469994088576,0.08282549847483466,5.5278745498137285,0.8888888888888888
985982,1,True,success,257.11566615915183,11.300000000657747,0.01614542778008691,0.04298756998196233,0.08663634421860704,1.1696715208551178,1.0
986132,1,False,goal_missed,-127.58028715794735,15.000000000873115,0.09342726017709096,0.2098477082155399,0.30669090938976806,10.971302319783035,1.0
986275,1,False,goal_missed,-146.96602247317418,14.30000000083237,0.26748150525139175,0.47432983106590726,0.5370069851510024,4.875542290659134,1.0
986402,1,True,success,161.8906603848538,12.700000000739237,0.13772868197029606,0.25017622261336747,0.09941596402349728,7.475299644940552,1.0
986514,1,True,success,246.16145525033983,11.200000000651926,0.013148990265274454,0.025603620590846674,0.0924143088991683,0.7591460926153596,0.8888888888888888
986662,1,False,goal_missed,-113.19639707818685,14.800000000861473,0.16829464356891696,0.3747975379359044,0.46410455065995687,5.626220536277918,0.8888888888888888
986776,1,True,success,240.38728397165465,11.400000000663567,0.057108090303273344,0.11313817228823644,0.09141265182789618,3.304702051781649,1.0
986896,1,True,success,203.16972725046935,12.000000000698492,0.06747274404554159,0.13120016975235432,0.08301990193553863,5.702505910704865,1.0
987042,1,False,goal_missed,-112.96279004996781,14.600000000849832,0.21927982409480967,0.40686467789484115,0.47282839141495664,4.1548932934308445,1.0
987171,1,True,success,203.737020687544,12.900000000750879,0.041473219374435426,0.06984032368861133,0.09065442167340773,3.784168817943228,1.0
987285,1,True,success,245.88684989008283,11.400000000663567,0.00980092136576141,0.02339397836191014,0.08852003107294931,1.2979949915220548,0.8888888888888888
987411,1,True,success,195.046571334127,12.600000000733417,0.07405332146398104,0.14324847409783184,0.08481890596268683,5.448098206942655,1.0
987524,1,True,success,244.82489954054958,11.300000000657747,0.01798221766231106,0.042385961633420906,0.0993940405498028,0.8518262115719537,0.8888888888888888
987669,1,False,goal_missed,-122.68206791476149,14.500000000844011,0.16515837199529737,0.3453650653840545,0.43568867538694284,5.2680845727682515,0.8888888888888888
987780,1,True,success,246.21349666818514,11.100000000646105,0.015757741778079117,0.032500750868505096,0.09901361245885042,0.7397240486662489,0.8888888888888888
987909,1,False,off_path,-268.42570394737004,12.900000000750879,0.4198127297938035,1.173837890966281,1.5501554344518553,32.071851959899455,0.8888888888888888
988023,1,True,success,256.73145623567063,11.400000000663567,0.015454582261713309,0.02382400446739192,0.08648413628664976,0.8519747496400729,1.0
988185,1,False,goal_missed,-200.18396977551822,16.200000000942964,0.20203006008463198,0.3659901959552379,0.33790180796757047,22.411912171324378,0.8888888888888888
988297,1,True,success,243.46003633037128,11.200000000651926,0.026663520677044524,0.05694443867586477,0.09859707604078385,0.972850235153839,0.8888888888888888
988441,1,False,goal_missed,-133.48719853871523,14.40000000083819,0.19002981046267944,0.31916486073119343,0.3723476306876917,7.886435189971827,0.8888888888888888
988582,1,False,goal_missed,-82.07413775660234,14.100000000820728,0.11288777580636784,0.21545519846703934,0.3095635548323494,13.493309735127292,1.0
988728,1,False,goal_missed,-101.13174784803032,14.600000000849832,0.10486861608522459,0.2200175004290073,0.3350674141306416,12.745626673948479,1.0
988851,1,False,off_path,-193.5017051291298,12.300000000715954,0.44166398353985387,1.097231084140298,1.2287244479061064,19.151880549327114,0.8888888888888888
988974,1,True,success,177.35776117568727,12.300000000715954,0.11382867241123672,0.19438285585853513,0.08286848430504264,5.234272389602763,0.8888888888888888
989089,1,True,success,231.65769058936124,11.500000000669388,0.05031672882048514,0.10279313051836825,0.0937332375238366,2.392955947994798,0.8888888888888888
989234,1,False,goal_missed,-157.08825082458497,14.500000000844011,0.19261668383682334,0.319447962169382,0.3134860005139445,9.05910514007451,1.0
989383,1,False,goal_missed,-336.58050311857977,14.900000000867294,0.5059401829821949,0.9322673549146128,0.8283442985901646,19.016288693939124,0.8888888888888888
989552,1,True,success,-14.798854037521778,16.90000000098371,0.24937997712858348,0.46529590292552725,0.08909760135005745,13.513133208873024,1.0
989688,1,False,goal_missed,-57.84218869994152,13.600000000791624,0.10567328103740348,0.2261743855120508,0.33976974469794324,1.167877138232886,1.0
989836,1,False,goal_missed,-204.9124058027832,14.800000000861473,0.2773957089531805,0.49189234342386273,0.539455808869056,9.530427970431367,0.8888888888888888
989970,1,False,goal_missed,-64.19437864821882,13.400000000779983,0.12331719365774257,0.2695582310064116,0.3640477450031282,3.286493542724118,1.0
990106,1,False,goal_missed,-78.34703445746757,13.600000000791624,0.10925753643684186,0.24087127683450438,0.3617225030647588,4.849328375897998,1.0
990240,1,False,goal_missed,-50.30798091906745,13.400000000779983,0.08391361751937573,0.2141210137747989,0.34443942790431464,3.2732711954571054,1.0
990378,1,False,goal_missed,-101.29877887794328,13.800000000803266,0.11699562962570248,0.21648941482559314,0.336034110357765,5.200893644593594,1.0
990511,1,False,goal_missed,-104.69625969966471,13.300000000774162,0.19544668783419197,0.33955154056485215,0.40466137488856174,7.752004235556157,0.8888888888888888
990633,1,True,success,186.02779596274183,12.200000000710133,0.09196779946672132,0.15601530135186414,0.0968561298271682,3.9238932411930443,0.8888888888888888
990744,1,True,success,256.07088261644145,11.100000000646105,0.01615157465815545,0.03373370829887591,0.08579639514210312,0.8919521131575434,1.0
990893,1,False,goal_missed,-188.11875859927687,14.900000000867294,0.24672866822985456,0.42525257085326856,0.4182360347006704,12.840552262552258,1.0
991007,1,True,success,254.36146793342851,11.400000000663567,0.03598995774519005,0.0707037602639037,0.08869513426982263,0.9893627848927719,1.0
991137,1,True,success,53.5430146758338,13.0000000007567,0.2787602672604905,0.5501330626499972,0.05629364983161802,16.210894063613495,0.6666666666666666
991250,1,True,success,257.1121045126979,11.300000000657747,0.022707110702998856,0.03827171519355639,0.08643171934786824,0.8182837424002921,1.0
991389,1,False,goal_missed,-104.61338012883992,13.900000000809086,0.14522997555353642,0.27322390008642183,0.3249856378257167,7.156197769677911,1.0
991505,1,True,success,255.61543236505523,11.600000000675209,0.021639284393145775,0.03854100235601571,0.08398177522845232,0.7887593063802213,1.0
991705,1,False,timeout,-308.8291490958305,20.000000001164153,0.02888726920706827,0.060367020622241176,0.2871136116683077,2.0765968871495257,1.0
991836,1,False,off_path,-236.1657634953719,13.10000000076252,0.47799908084226894,1.0119185392006023,1.0528756343896055,17.659646371015715,0.8888888888888888
991960,1,True,success,210.71099226422012,12.400000000721775,0.014170274481536555,0.02797575594283144,0.07918629009027331,2.1986986919163187,0.8888888888888888
992071,1,True,success,254.31268584046532,11.100000000646105,0.0464960155466988,0.09337501303249612,0.09825736257137511,1.4669067446006565,1.0
992220,1,False,goal_missed,-162.15533668745906,14.900000000867294,0.22061260138171682,0.4293298496966545,0.3857794219806174,10.575793680784304,1.0
992333,1,True,success,254.83758323467953,11.300000000657747,0.014880924371516956,0.03234436516245616,0.09343690493412718,1.0215992536430143,1.0
992533,1,False,timeout,-213.54692292296878,20.000000001164153,0.11883246528237552,0.19412055054537267,0.2602220818086183,7.837189213294383,1.0
992648,1,True,success,254.08475276570834,11.500000000669388,0.03522804376111471,0.08284505386366883,0.09476442563408842,1.5052184146112202,1.0
992791,1,False,goal_missed,-99.614459582358,14.30000000083237,0.11256520389881904,0.21533929961876452,0.3030867160531972,10.331066723435876,0.8888888888888888
992928,1,False,goal_missed,-60.23524862377227,13.700000000797445,0.10918170786790767,0.23654298572673718,0.3443037652166205,2.3759785027918454,1.0
993051,1,True,success,216.82208178756372,12.300000000715954,0.02800023925300355,0.057248424920199735,0.09531686476238214,2.5331431553803587,1.0
993164,1,True,success,256.20829252312626,11.300000000657747,0.0041869687269078465,0.010988805330072111,0.09871485417641264,0.4115038558656452,1.0
993307,1,False,goal_missed,-97.70209905756754,14.30000000083237,0.10437785446853982,0.2583038970569459,0.36159666245776123,5.524225186200527,1.0
993421,1,True,success,252.56517913572992,11.400000000663567,0.03814146039388928,0.08983805939347836,0.09800866641880675,1.7713501503223468,1.0
993540,1,True,success,180.68990340404093,11.900000000692671,0.12620737931410658,0.2191051083017196,0.0945208791666631,5.090637323661431,0.8888888888888888
993652,1,True,success,246.71662377023918,11.200000000651926,0.009238911628728865,0.02267264869015095,0.08361462892952068,0.7805166675351294,0.8888888888888888
993770,1,True,success,202.8219246462942,11.80000000068685,0.08364645991315134,0.14608257837282,0.09293869221141066,7.300497587761658,1.0
993882,1,True,success,256.59338673206236,11.200000000651926,0.020555114902171625,0.05421726709595226,0.09205248970727498,1.3177636075297345,1.0
994025,1,False,goal_missed,-90.7940498938838,14.30000000083237,0.10387349990711592,0.22130735349065114,0.33580264738213683,3.8718108068396813,1.0
994171,1,False,goal_missed,-124.13534475728358,14.600000000849832,0.16770676914371377,0.32373296543594643,0.3025547373578286,17.826951139484713,1.0
994314,1,False,goal_missed,-89.95047245939656,14.30000000083237,0.08870735997087811,0.20050790863927143,0.32067047020792144,9.953695470871,0.8888888888888888
994427,1,True,success,257.405828309528,11.300000000657747,0.012045088678165703,0.03026708712396881,0.08398254382279405,1.1093819598264716,1.0
994573,1,False,goal_missed,-141.89597726866424,14.600000000849832,0.17092248177565314,0.28938015957229657,0.3702014813594594,10.521305510963002,0.7777777777777778
994693,1,True,success,234.7587081917411,12.000000000698492,0.04354931364898471,0.08432396349260567,0.09266878935380392,2.3710968060104287,0.8888888888888888
994835,1,False,goal_missed,-85.47170136309813,14.200000000826549,0.0921073950373472,0.23318473938220205,0.3373443219442858,2.743050570786277,0.8888888888888888
994950,1,True,success,254.75722159255733,11.500000000669388,0.026853387024721287,0.05304451586653348,0.09221756182585052,1.474831667168079,1.0
995150,1,False,timeout,-133.09745438741479,20.000000001164153,0.08140749216178095,0.11442172475025099,0.20088936876475746,5.522128587873652,1.0
995311,1,False,off_path,-371.10524826594974,16.100000000937143,0.5771138610598526,1.0088432220369812,1.0350879465329978,19.989285252430538,0.8888888888888888
995437,1,True,success,215.30515133463174,12.600000000733417,0.02113852727125243,0.04366343371188291,0.07649163322712253,2.476095387003766,1.0
995570,1,False,goal_missed,-51.65417073765518,13.300000000774162,0.0813226658612463,0.1997132992197675,0.32292661511708287,2.660793958668462,1.0
995724,1,False,goal_missed,-187.3710918350864,15.400000000896398,0.21859538751475202,0.3515674270254189,0.31055851185264705,19.91510272870338,0.8888888888888888
995840,1,True,success,244.93309257942934,11.600000000675209,0.0476123250512451,0.10204119823509618,0.09658599973500441,1.8040119654339994,1.0
995968,1,True,success,169.67994133924566,12.800000000745058,0.11356955641540911,0.21453706714798718,0.09593667443936271,6.316704924143301,0.8888888888888888
996109,1,False,goal_missed,-90.75486027326227,14.100000000820728,0.13259691861483974,0.2301674717942157,0.30542298255633293,12.409811355223331,0.8888888888888888
996233,1,True,success,213.46041916438367,12.400000000721775,0.05554652082058215,0.1066654788382373,0.08289813940489586,3.083985294935837,1.0
996370,1,False,goal_missed,-71.55552629301913,13.700000000797445,0.11138688550565017,0.21254618412918652,0.30319001110955995,9.940338447030166,0.8888888888888888
996497,1,True,success,202.99365884008185,12.700000000739237,0.050632091406639636,0.10223065787892059,0.09665744595850431,4.0851648295569545,0.8888888888888888
996607,1,True,success,252.77948828145128,11.000000000640284,0.03409830137827835,0.06224237339885716,0.08999159060826242,2.0834491057082403,1.0
996737,1,True,success,196.94341400889556,13.0000000007567,0.047395834834922795,0.07578220860983649,0.08428514800892732,3.9469670310106615,0.8888888888888888
996873,1,False,goal_missed,-65.51500242644325,13.600000000791624,0.10274382930128215,0.2027266965955196,0.3044138396403219,8.581707776424789,0.8888888888888888
997073,1,False,timeout,-184.90215439784453,20.000000001164153,0.18110368617736794,0.35879230470591583,0.18535908064381507,14.854112996949578,0.7777777777777778
997194,1,True,success,244.85172571065064,12.100000000704313,0.03008670622993506,0.06861278550473625,0.08955864588179117,3.1585345611535636,1.0
997315,1,True,success,188.91797449589185,12.100000000704313,0.05296154452211591,0.0916677727581007,0.08866013243428067,4.607132332596597,0.8888888888888888
997425,1,True,success,244.98956288227262,11.000000000640284,0.023140824549247915,0.041666620664725595,0.092309383318454,0.8941739826015817,0.8888888888888888
997548,1,True,success,193.39404447775763,12.300000000715954,0.03354938154893152,0.06980691068402871,0.09449796001746681,4.816792894032154,0.8888888888888888
997701,1,False,goal_missed,-115.41597789317056,15.300000000890577,0.13201846608658246,0.24306858040394308,0.34906853629765244,19.54381473540363,1.0
997842,1,False,goal_missed,-117.32308788247002,14.100000000820728,0.15792953537772614,0.25735715514537794,0.31241503296088347,10.413980950014388,0.8888888888888888
997951,1,True,success,254.5555804166773,10.900000000634464,0.0373663890015843,0.06217471575963645,0.08751626780565946,1.4448798783305308,1.0
998071,1,True,success,206.25242858359402,12.000000000698492,0.057538686523042615,0.1153992791206311,0.09855742664843094,5.318303407981908,1.0
998185,1,True,success,251.5874476082074,11.400000000663567,0.04386752815602947,0.07657281347015381,0.09313607611433265,1.3428715487244618,1.0
998308,1,True,success,217.97597044675533,12.300000000715954,0.0424500008424186,0.08361437713822786,0.09903397299627566,4.575712399616637,1.0
998431,1,True,success,237.83740154599278,12.300000000715954,0.08947521414255838,0.142056429233874,0.09190377007642235,2.1892226198516522,1.0
998552,1,True,success,216.60594100029425,12.100000000704313,0.03983648839905256,0.07370370583055394,0.09503984861959096,2.3110853404120437,1.0
998718,1,False,off_path,-387.6578883590978,16.600000000966247,0.5830238727724775,1.0121612679109033,1.020949244666044,20.17453155353143,0.8888888888888888
998838,1,True,success,212.9970722939297,12.000000000698492,0.024705208217702525,0.06051511781337241,0.08733173153212946,2.5343425387457628,0.8888888888888888
998950,1,True,success,252.8801008139334,11.200000000651926,0.03439502092420684,0.078500117305864,0.09925711017162213,1.2944670757777048,1.0
999101,1,False,goal_missed,-124.37743260109684,15.100000000878936,0.12066398348456629,0.20155287207177883,0.3180289775123395,10.432074508758696,0.8888888888888888
999246,1,False,goal_missed,-135.37973835382545,14.500000000844011,0.19291442124167424,0.3718037877513744,0.30198785694772706,18.341976368119493,1.0
999391,1,False,goal_missed,-93.09947780586194,14.500000000844011,0.08838447791067687,0.21060555768383513,0.30099211464603015,8.939294462258808,0.8888888888888888
999527,1,False,goal_missed,-82.82029440904503,13.600000000791624,0.12533034811647698,0.21536654694770557,0.3127560136953728,11.65358702740987,1.0
999683,1,False,goal_missed,-138.13250274204583,15.60000000090804,0.12983021011982573,0.2185961058637918,0.3326993736755524,16.292215958055497,1.0
999792,1,True,success,256.3957334910859,10.900000000634464,0.03075067740886605,0.0784433489001884,0.08988755570820181,2.0038293125683793,1.0
999992,1,False,timeout,-133.15078573276125,20.000000001164153,0.13763601980863907,0.18224708351152605,0.18512365249386362,7.924505810370175,1.0
1000105,1,True,success,246.83399801275038,11.300000000657747,0.061335462200664985,0.10501260460427848,0.09830123355497729,1.5125424697580236,1.0
1000248,1,False,goal_missed,-161.4030812536439,14.30000000083237,0.21677995057753763,0.3936858456087827,0.3692798266709505,12.615081427332512,1.0
1000358,1,True,success,247.04257919859094,11.000000000640284,0.026652219627650534,0.06233263706968452,0.08280734258225945,1.6074307008907067,0.8888888888888888
1000496,1,False,goal_missed,-88.81001350250392,13.800000000803266,0.09398882302092006,0.23035312903247868,0.33169544453417893,3.2956969541124748,1.0
1000628,1,False,goal_missed,-65.95200689701431,13.200000000768341,0.11584310411523073,0.223563563689822,0.33717757661459974,4.230789155614506,0.8888888888888888
1000774,1,False,goal_missed,-138.57165956414616,14.600000000849832,0.16805182325707557,0.30771567416590606,0.3137008945954296,11.441233406001855,0.7777777777777778
1000914,1,False,goal_missed,-124.03866082331874,14.000000000814907,0.20040830208660054,0.36309879230914016,0.33095521831234437,14.215860884281948,0.7777777777777778
1001061,1,False,goal_missed,-143.37252284271315,14.700000000855653,0.16401848048913426,0.26919163222455733,0.3146152002568616,12.03809527027814,1.0
1001172,1,True,success,239.6345108075002,11.100000000646105,0.04257806063608645,0.08717640945827301,0.08796770836435586,1.5470678228828263,0.8888888888888888
1001289,1,True,success,218.04522879767939,11.70000000068103,0.08252052443346888,0.17171251682679187,0.0817729296214238,4.960693040438989,1.0
1001418,1,False,goal_missed,-68.97855064093466,12.900000000750879,0.1269856630543112,0.2613252781285608,0.3577766676009322,4.596306497870569,1.0
1001571,1,False,goal_missed,-339.07579609642835,15.300000000890577,0.40424348878372673,0.751376072719816,0.387907987846872,18.683981333597043,0.6666666666666666
