usage: train [-h] [--config CONFIG] [--timesteps TIMESTEPS] [--output OUTPUT]
             [--resume RESUME] [--checkpoint-every CHECKPOINT_EVERY]
             [--check-env] [--phase {1,2,3,4,5,6}] [--device {cpu,cuda,auto}]
             [--preflight-timeout PREFLIGHT_TIMEOUT]
train: error: unrecognized arguments: ...
[ros2run]: Process exited with failure 2
usage: train [-h] [--config CONFIG] [--timesteps TIMESTEPS] [--output OUTPUT]
             [--resume RESUME] [--checkpoint-every CHECKPOINT_EVERY]
             [--check-env] [--phase {1,2,3,4,5,6}] [--device {cpu,cuda,auto}]
             [--preflight-timeout PREFLIGHT_TIMEOUT]
train: error: argument --timesteps: invalid int value: 'REMAINING_STEPS'
[ros2run]: Process exited with failure 2
CUDA ready: NVIDIA GeForce RTX 4080
Running mandatory 12-point straight-line RL preflight...
PASS: 1 robot spawned and sensor graph is connected
PASS: 2 both wheel joints rotate under bounded v2 residual torque
PASS: 3 IMU publishes finite orientation, gyro, and acceleration
PASS: 4 left/right joint states are valid
PASS: 5 wheel odometry is valid
PASS: 6 laser scan is valid
PASS: 7 odom TF tree to base, sensors, and wheels is valid
PASS: 8 direct straight command has a controller subscriber
PASS: 9 fixed straight start and goal are configured
PASS: 10 angular velocity is fixed to zero; Nav2 is not required
PASS: 11 direct straight reference is observable by RL
PASS: 12 RL residual and lockstep interfaces physically control the world
Wrapping the env in a DummyVecEnv.
Bắt đầu train trên cuda; kết quả: /home/tuanmac/ninorobot/rl_runs/20260918-081253-287582
Logging to /home/tuanmac/ninorobot/rl_runs/20260918-081253-287582/tensorboard/PPO_0
[WARN] [1789694900.955403355] [nino_rl_interface]: EPISODE END: success | t=16.90s | heading_err=18.5deg | lateral=0.12m | v=0.02m/s | reference_valid=True | lidar_min=1.99m | roll=-0.0deg | pitch=-0.0deg
[WARN] [1789694928.492416289] [nino_rl_interface]: EPISODE END: timeout | t=20.00s | heading_err=-16.7deg | lateral=-0.28m | v=0.20m/s | reference_valid=True | lidar_min=1.60m | roll=-0.0deg | pitch=-0.0deg
[WARN] [1789694948.803304773] [nino_rl_interface]: EPISODE END: timeout | t=20.00s | heading_err=-5.6deg | lateral=0.27m | v=0.07m/s | reference_valid=True | lidar_min=1.96m | roll=0.0deg | pitch=-0.0deg
[WARN] [1789694970.955671647] [nino_rl_interface]: EPISODE END: success | t=18.20s | heading_err=17.4deg | lateral=0.54m | v=0.16m/s | reference_valid=True | lidar_min=1.43m | roll=-0.0deg | pitch=-0.0deg
[WARN] [1789694988.478769391] [nino_rl_interface]: EPISODE END: collision | t=12.60s | heading_err=5.8deg | lateral=-1.05m | v=0.54m/s | reference_valid=True | lidar_min=0.29m | roll=-0.0deg | pitch=-0.0deg
[WARN] [1789695008.267685350] [nino_rl_interface]: EPISODE END: collision | t=14.20s | heading_err=-3.1deg | lateral=-0.80m | v=0.03m/s | reference_valid=True | lidar_min=0.21m | roll=-0.0deg | pitch=-0.0deg
[WARN] [1789695028.670482972] [nino_rl_interface]: EPISODE END: timeout | t=20.00s | heading_err=-8.5deg | lateral=-0.27m | v=0.11m/s | reference_valid=True | lidar_min=1.38m | roll=-0.0deg | pitch=-0.0deg
[WARN] [1789695053.992963040] [nino_rl_interface]: EPISODE END: timeout | t=20.00s | heading_err=-3.4deg | lateral=-0.03m | v=0.03m/s | reference_valid=True | lidar_min=1.66m | roll=-0.0deg | pitch=-0.0deg
[WARN] [1789695072.361747617] [nino_rl_interface]: EPISODE END: timeout | t=20.00s | heading_err=-9.4deg | lateral=-0.38m | v=0.18m/s | reference_valid=True | lidar_min=1.21m | roll=-0.0deg | pitch=-0.0deg
[WARN] [1789695096.277849006] [nino_rl_interface]: EPISODE END: timeout | t=20.00s | heading_err=-32.6deg | lateral=-0.16m | v=0.12m/s | reference_valid=True | lidar_min=1.66m | roll=-0.0deg | pitch=-0.0deg
[WARN] [1789695297.079111512] [nino_rl_interface]: World-control response timed out, but /clock confirms all 25 requested physics steps completed
[WARN] [1789695873.397635808] [nino_rl_interface]: EPISODE END: success | t=17.20s | heading_err=9.1deg | lateral=0.15m | v=0.05m/s | reference_valid=True | lidar_min=1.43m | roll=0.0deg | pitch=-0.0deg
--------------------------------------------------
| episode/                           |           |
|    adaptive_terrain_features       | 1.55      |
|    endpoint_distance_m             | 0.568     |
|    final_progress_fraction         | 0.94      |
|    finished_within_target_time     | 0         |
|    heading_rmse_deg                | 9.26      |
|    max_path_deviation_m            | 0.424     |
|    max_tilt_deg                    | 4.58      |
|    mean_abs_lateral_error_m        | 0.183     |
|    mean_imu_angular_xy_rad_s       | 0.0293    |
|    next_adaptive_terrain_features  | 1.82      |
|    path_p95_m                      | 0.413     |
|    path_rmse_m                     | 0.236     |
|    peak_vertical_acceleration_m_s2 | 2.41      |
|    rms_path_deviation_m            | 0.233     |
|    rms_vertical_acceleration_m_s2  | 0.17      |
|    rms_wheel_slip                  | 0.127     |
|    rms_wheel_torque_nm             | 0.402     |
|    success                         | 0.273     |
|    time_seconds                    | 18.1      |
|    wrong_direction_failure         | 0         |
| reward_terms/                      |           |
|    attitude                        | 0         |
|    body_rate                       | -0.00112  |
|    effort                          | -0.000258 |
|    goal_braking                    | -0.0101   |
|    heading                         | -1.63     |
|    impact                          | -0.00155  |
|    lateral                         | -11.4     |
|    progress                        | 0.389     |
|    residual_effort                 | -0.000609 |
|    saturation                      | 0         |
|    slip                            | -0.0352   |
|    smoothness                      | -0.00714  |
|    stall                           | 0         |
|    success_heading                 | -0.0217   |
|    success_position                | -0.0221   |
|    terminal                        | 0.0468    |
|    time                            | -0.01     |
|    torque_rate                     | -0.000116 |
|    velocity                        | -0.00811  |
|    yaw_tracking                    | -0.018    |
| rollout/                           |           |
|    ep_len_mean                     | 193       |
|    ep_rew_mean                     | -2.56e+03 |
| time/                              |           |
|    fps                             | 1         |
|    iterations                      | 1         |
|    time_elapsed                    | 1779      |
|    total_timesteps                 | 71447     |
--------------------------------------------------
[WARN] [1789696228.650264681] [nino_rl_interface]: EPISODE END: timeout | t=20.00s | heading_err=9.1deg | lateral=0.36m | v=0.19m/s | reference_valid=True | lidar_min=1.61m | roll=-0.0deg | pitch=-0.0deg
[WARN] [1789696261.814350633] []: TF_OLD_DATA ignoring data from the past for frame caster_bracket_left_link at time 1.586000 according to authority default_authority
Possible reasons are listed at http://wiki.ros.org/tf/Errors%20explained
[WARN] [1789696261.814407637] []: TF_OLD_DATA ignoring data from the past for frame caster_left_wheel_link at time 1.586000 according to authority default_authority
Possible reasons are listed at http://wiki.ros.org/tf/Errors%20explained
[WARN] [1789696261.814424226] []: TF_OLD_DATA ignoring data from the past for frame caster_bracket_right_link at time 1.586000 according to authority default_authority
Possible reasons are listed at http://wiki.ros.org/tf/Errors%20explained
[WARN] [1789696261.814438087] []: TF_OLD_DATA ignoring data from the past for frame caster_right_wheel_link at time 1.586000 according to authority default_authority
Possible reasons are listed at http://wiki.ros.org/tf/Errors%20explained
[WARN] [1789696261.814452268] []: TF_OLD_DATA ignoring data from the past for frame left_wheel_link at time 1.586000 according to authority default_authority
Possible reasons are listed at http://wiki.ros.org/tf/Errors%20explained
[WARN] [1789696261.814466346] []: TF_OLD_DATA ignoring data from the past for frame right_wheel_link at time 1.586000 according to authority default_authority
Possible reasons are listed at http://wiki.ros.org/tf/Errors%20explained
[WARN] [1789696261.817437804] []: TF_OLD_DATA ignoring data from the past for frame left_wheel_link at time 1.582000 according to authority default_authority
Possible reasons are listed at http://wiki.ros.org/tf/Errors%20explained
[WARN] [1789696261.817499502] []: TF_OLD_DATA ignoring data from the past for frame right_wheel_link at time 1.582000 according to authority default_authority
Possible reasons are listed at http://wiki.ros.org/tf/Errors%20explained
[WARN] [1789696261.859427724] []: TF_OLD_DATA ignoring data from the past for frame left_wheel_link at time 1.594000 according to authority default_authority
Possible reasons are listed at http://wiki.ros.org/tf/Errors%20explained
[WARN] [1789696261.859458385] []: TF_OLD_DATA ignoring data from the past for frame right_wheel_link at time 1.594000 according to authority default_authority
Possible reasons are listed at http://wiki.ros.org/tf/Errors%20explained
[WARN] [1789696261.863284991] []: TF_OLD_DATA ignoring data from the past for frame caster_bracket_left_link at time 1.619000 according to authority default_authority
Possible reasons are listed at http://wiki.ros.org/tf/Errors%20explained
[WARN] [1789696261.863307999] []: TF_OLD_DATA ignoring data from the past for frame caster_left_wheel_link at time 1.619000 according to authority default_authority
Possible reasons are listed at http://wiki.ros.org/tf/Errors%20explained
[WARN] [1789696261.863321694] []: TF_OLD_DATA ignoring data from the past for frame caster_bracket_right_link at time 1.619000 according to authority default_authority
Possible reasons are listed at http://wiki.ros.org/tf/Errors%20explained
[WARN] [1789696261.863338066] []: TF_OLD_DATA ignoring data from the past for frame caster_right_wheel_link at time 1.619000 according to authority default_authority
Possible reasons are listed at http://wiki.ros.org/tf/Errors%20explained
[WARN] [1789696261.863350558] []: TF_OLD_DATA ignoring data from the past for frame left_wheel_link at time 1.619000 according to authority default_authority
Possible reasons are listed at http://wiki.ros.org/tf/Errors%20explained
[WARN] [1789696261.863362666] []: TF_OLD_DATA ignoring data from the past for frame right_wheel_link at time 1.619000 according to authority default_authority
Possible reasons are listed at http://wiki.ros.org/tf/Errors%20explained
[WARN] [1789696261.868544942] []: TF_OLD_DATA ignoring data from the past for frame caster_bracket_left_link at time 1.628000 according to authority default_authority
Possible reasons are listed at http://wiki.ros.org/tf/Errors%20explained
[WARN] [1789696261.868577117] []: TF_OLD_DATA ignoring data from the past for frame caster_left_wheel_link at time 1.628000 according to authority default_authority
Possible reasons are listed at http://wiki.ros.org/tf/Errors%20explained
[WARN] [1789696261.868629988] []: TF_OLD_DATA ignoring data from the past for frame caster_bracket_right_link at time 1.628000 according to authority default_authority
Possible reasons are listed at http://wiki.ros.org/tf/Errors%20explained
[WARN] [1789696261.868645832] []: TF_OLD_DATA ignoring data from the past for frame caster_right_wheel_link at time 1.628000 according to authority default_authority
Possible reasons are listed at http://wiki.ros.org/tf/Errors%20explained
[WARN] [1789696261.868658577] []: TF_OLD_DATA ignoring data from the past for frame left_wheel_link at time 1.628000 according to authority default_authority
Possible reasons are listed at http://wiki.ros.org/tf/Errors%20explained
[WARN] [1789696261.868670381] []: TF_OLD_DATA ignoring data from the past for frame right_wheel_link at time 1.628000 according to authority default_authority
Possible reasons are listed at http://wiki.ros.org/tf/Errors%20explained
[WARN] [1789696262.251486339] []: TF_OLD_DATA ignoring data from the past for frame caster_bracket_left_link at time 1.640000 according to authority default_authority
Possible reasons are listed at http://wiki.ros.org/tf/Errors%20explained
[WARN] [1789696262.251555359] []: TF_OLD_DATA ignoring data from the past for frame caster_left_wheel_link at time 1.640000 according to authority default_authority
Possible reasons are listed at http://wiki.ros.org/tf/Errors%20explained
[WARN] [1789696262.251595393] []: TF_OLD_DATA ignoring data from the past for frame caster_bracket_right_link at time 1.640000 according to authority default_authority
Possible reasons are listed at http://wiki.ros.org/tf/Errors%20explained
[WARN] [1789696262.251631890] []: TF_OLD_DATA ignoring data from the past for frame caster_right_wheel_link at time 1.640000 according to authority default_authority
Possible reasons are listed at http://wiki.ros.org/tf/Errors%20explained
[WARN] [1789696262.251667417] []: TF_OLD_DATA ignoring data from the past for frame left_wheel_link at time 1.640000 according to authority default_authority
Possible reasons are listed at http://wiki.ros.org/tf/Errors%20explained
[WARN] [1789696262.251703676] []: TF_OLD_DATA ignoring data from the past for frame right_wheel_link at time 1.640000 according to authority default_authority
Possible reasons are listed at http://wiki.ros.org/tf/Errors%20explained
[WARN] [1789696262.896991596] []: TF_OLD_DATA ignoring data from the past for frame caster_bracket_left_link at time 1.651000 according to authority default_authority
Possible reasons are listed at http://wiki.ros.org/tf/Errors%20explained
[WARN] [1789696262.897050146] []: TF_OLD_DATA ignoring data from the past for frame caster_left_wheel_link at time 1.651000 according to authority default_authority
Possible reasons are listed at http://wiki.ros.org/tf/Errors%20explained
[WARN] [1789696262.897081508] []: TF_OLD_DATA ignoring data from the past for frame caster_bracket_right_link at time 1.651000 according to authority default_authority
Possible reasons are listed at http://wiki.ros.org/tf/Errors%20explained
[WARN] [1789696262.897109067] []: TF_OLD_DATA ignoring data from the past for frame caster_right_wheel_link at time 1.651000 according to authority default_authority
Possible reasons are listed at http://wiki.ros.org/tf/Errors%20explained
[WARN] [1789696262.897136486] []: TF_OLD_DATA ignoring data from the past for frame left_wheel_link at time 1.651000 according to authority default_authority
Possible reasons are listed at http://wiki.ros.org/tf/Errors%20explained
[WARN] [1789696262.897187744] []: TF_OLD_DATA ignoring data from the past for frame right_wheel_link at time 1.651000 according to authority default_authority
Possible reasons are listed at http://wiki.ros.org/tf/Errors%20explained
[WARN] [1789696262.902244969] []: TF_OLD_DATA ignoring data from the past for frame left_wheel_link at time 1.640000 according to authority default_authority
Possible reasons are listed at http://wiki.ros.org/tf/Errors%20explained
[WARN] [1789696262.902293367] []: TF_OLD_DATA ignoring data from the past for frame right_wheel_link at time 1.640000 according to authority default_authority
Possible reasons are listed at http://wiki.ros.org/tf/Errors%20explained
[WARN] [1789696262.940239504] []: TF_OLD_DATA ignoring data from the past for frame caster_bracket_left_link at time 2.708000 according to authority default_authority
Possible reasons are listed at http://wiki.ros.org/tf/Errors%20explained
[WARN] [1789696262.940270135] []: TF_OLD_DATA ignoring data from the past for frame caster_left_wheel_link at time 2.708000 according to authority default_authority
Possible reasons are listed at http://wiki.ros.org/tf/Errors%20explained
[WARN] [1789696262.940286764] []: TF_OLD_DATA ignoring data from the past for frame caster_bracket_right_link at time 2.708000 according to authority default_authority
Possible reasons are listed at http://wiki.ros.org/tf/Errors%20explained
[WARN] [1789696262.940300906] []: TF_OLD_DATA ignoring data from the past for frame caster_right_wheel_link at time 2.708000 according to authority default_authority
Possible reasons are listed at http://wiki.ros.org/tf/Errors%20explained
[WARN] [1789696262.940315280] []: TF_OLD_DATA ignoring data from the past for frame left_wheel_link at time 2.708000 according to authority default_authority
Possible reasons are listed at http://wiki.ros.org/tf/Errors%20explained
[WARN] [1789696262.940328966] []: TF_OLD_DATA ignoring data from the past for frame right_wheel_link at time 2.708000 according to authority default_authority
Possible reasons are listed at http://wiki.ros.org/tf/Errors%20explained
[WARN] [1789696262.945246877] []: TF_OLD_DATA ignoring data from the past for frame left_wheel_link at time 2.708000 according to authority default_authority
Possible reasons are listed at http://wiki.ros.org/tf/Errors%20explained
[WARN] [1789696262.945280413] []: TF_OLD_DATA ignoring data from the past for frame right_wheel_link at time 2.708000 according to authority default_authority
Possible reasons are listed at http://wiki.ros.org/tf/Errors%20explained
[WARN] [1789696263.122398495] []: TF_OLD_DATA ignoring data from the past for frame left_wheel_link at time 2.719000 according to authority default_authority
Possible reasons are listed at http://wiki.ros.org/tf/Errors%20explained
[WARN] [1789696263.122427371] []: TF_OLD_DATA ignoring data from the past for frame right_wheel_link at time 2.719000 according to authority default_authority
Possible reasons are listed at http://wiki.ros.org/tf/Errors%20explained
[WARN] [1789696263.723647199] []: TF_OLD_DATA ignoring data from the past for frame caster_bracket_left_link at time 2.740000 according to authority default_authority
Possible reasons are listed at http://wiki.ros.org/tf/Errors%20explained
[WARN] [1789696263.723688236] []: TF_OLD_DATA ignoring data from the past for frame caster_left_wheel_link at time 2.740000 according to authority default_authority
Possible reasons are listed at http://wiki.ros.org/tf/Errors%20explained
[WARN] [1789696263.723710775] []: TF_OLD_DATA ignoring data from the past for frame caster_bracket_right_link at time 2.740000 according to authority default_authority
Possible reasons are listed at http://wiki.ros.org/tf/Errors%20explained
[WARN] [1789696263.723730557] []: TF_OLD_DATA ignoring data from the past for frame caster_right_wheel_link at time 2.740000 according to authority default_authority
Possible reasons are listed at http://wiki.ros.org/tf/Errors%20explained
[WARN] [1789696263.723749512] []: TF_OLD_DATA ignoring data from the past for frame left_wheel_link at time 2.740000 according to authority default_authority
Possible reasons are listed at http://wiki.ros.org/tf/Errors%20explained
[WARN] [1789696263.723769075] []: TF_OLD_DATA ignoring data from the past for frame right_wheel_link at time 2.740000 according to authority default_authority
Possible reasons are listed at http://wiki.ros.org/tf/Errors%20explained
[WARN] [1789696263.974846633] []: TF_OLD_DATA ignoring data from the past for frame left_wheel_link at time 2.740000 according to authority default_authority
Possible reasons are listed at http://wiki.ros.org/tf/Errors%20explained
[WARN] [1789696263.974915734] []: TF_OLD_DATA ignoring data from the past for frame right_wheel_link at time 2.740000 according to authority default_authority
Possible reasons are listed at http://wiki.ros.org/tf/Errors%20explained
[WARN] [1789696264.138819113] []: TF_OLD_DATA ignoring data from the past for frame caster_bracket_left_link at time 2.757000 according to authority default_authority
Possible reasons are listed at http://wiki.ros.org/tf/Errors%20explained
[WARN] [1789696264.138850513] []: TF_OLD_DATA ignoring data from the past for frame caster_left_wheel_link at time 2.757000 according to authority default_authority
Possible reasons are listed at http://wiki.ros.org/tf/Errors%20explained
[WARN] [1789696264.138866052] []: TF_OLD_DATA ignoring data from the past for frame caster_bracket_right_link at time 2.757000 according to authority default_authority
Possible reasons are listed at http://wiki.ros.org/tf/Errors%20explained
[WARN] [1789696264.138879353] []: TF_OLD_DATA ignoring data from the past for frame caster_right_wheel_link at time 2.757000 according to authority default_authority
Possible reasons are listed at http://wiki.ros.org/tf/Errors%20explained
[WARN] [1789696264.138892718] []: TF_OLD_DATA ignoring data from the past for frame left_wheel_link at time 2.757000 according to authority default_authority
Possible reasons are listed at http://wiki.ros.org/tf/Errors%20explained
[WARN] [1789696264.138905685] []: TF_OLD_DATA ignoring data from the past for frame right_wheel_link at time 2.757000 according to authority default_authority
Possible reasons are listed at http://wiki.ros.org/tf/Errors%20explained
[WARN] [1789696264.143098709] []: TF_OLD_DATA ignoring data from the past for frame caster_bracket_left_link at time 2.763000 according to authority default_authority
Possible reasons are listed at http://wiki.ros.org/tf/Errors%20explained
[WARN] [1789696264.143144988] []: TF_OLD_DATA ignoring data from the past for frame caster_left_wheel_link at time 2.763000 according to authority default_authority
Possible reasons are listed at http://wiki.ros.org/tf/Errors%20explained
[WARN] [1789696264.143183663] []: TF_OLD_DATA ignoring data from the past for frame caster_bracket_right_link at time 2.763000 according to authority default_authority
Possible reasons are listed at http://wiki.ros.org/tf/Errors%20explained
[WARN] [1789696264.143208437] []: TF_OLD_DATA ignoring data from the past for frame caster_right_wheel_link at time 2.763000 according to authority default_authority
Possible reasons are listed at http://wiki.ros.org/tf/Errors%20explained
[WARN] [1789696264.143263485] []: TF_OLD_DATA ignoring data from the past for frame left_wheel_link at time 2.763000 according to authority default_authority
Possible reasons are listed at http://wiki.ros.org/tf/Errors%20explained
[WARN] [1789696264.143289267] []: TF_OLD_DATA ignoring data from the past for frame right_wheel_link at time 2.763000 according to authority default_authority
Possible reasons are listed at http://wiki.ros.org/tf/Errors%20explained
[WARN] [1789696264.154509382] []: TF_OLD_DATA ignoring data from the past for frame left_wheel_link at time 2.763000 according to authority default_authority
Possible reasons are listed at http://wiki.ros.org/tf/Errors%20explained
[WARN] [1789696264.154535077] []: TF_OLD_DATA ignoring data from the past for frame right_wheel_link at time 2.763000 according to authority default_authority
Possible reasons are listed at http://wiki.ros.org/tf/Errors%20explained
[WARN] [1789696264.655253371] []: TF_OLD_DATA ignoring data from the past for frame left_wheel_link at time 2.773000 according to authority default_authority
Possible reasons are listed at http://wiki.ros.org/tf/Errors%20explained
[WARN] [1789696264.655290756] []: TF_OLD_DATA ignoring data from the past for frame right_wheel_link at time 2.773000 according to authority default_authority
Possible reasons are listed at http://wiki.ros.org/tf/Errors%20explained
[WARN] [1789696265.066217527] []: TF_OLD_DATA ignoring data from the past for frame left_wheel_link at time 2.793000 according to authority default_authority
Possible reasons are listed at http://wiki.ros.org/tf/Errors%20explained
[WARN] [1789696265.066288767] []: TF_OLD_DATA ignoring data from the past for frame right_wheel_link at time 2.793000 according to authority default_authority
Possible reasons are listed at http://wiki.ros.org/tf/Errors%20explained
[WARN] [1789696265.282512922] []: TF_OLD_DATA ignoring data from the past for frame caster_bracket_left_link at time 4.968000 according to authority default_authority
Possible reasons are listed at http://wiki.ros.org/tf/Errors%20explained
[WARN] [1789696265.282553023] []: TF_OLD_DATA ignoring data from the past for frame caster_left_wheel_link at time 4.968000 according to authority default_authority
Possible reasons are listed at http://wiki.ros.org/tf/Errors%20explained
[WARN] [1789696265.282572789] []: TF_OLD_DATA ignoring data from the past for frame caster_bracket_right_link at time 4.968000 according to authority default_authority
Possible reasons are listed at http://wiki.ros.org/tf/Errors%20explained
[WARN] [1789696265.282590927] []: TF_OLD_DATA ignoring data from the past for frame caster_right_wheel_link at time 4.968000 according to authority default_authority
Possible reasons are listed at http://wiki.ros.org/tf/Errors%20explained
[WARN] [1789696265.282609225] []: TF_OLD_DATA ignoring data from the past for frame left_wheel_link at time 4.968000 according to authority default_authority
Possible reasons are listed at http://wiki.ros.org/tf/Errors%20explained
[WARN] [1789696265.282626651] []: TF_OLD_DATA ignoring data from the past for frame right_wheel_link at time 4.968000 according to authority default_authority
Possible reasons are listed at http://wiki.ros.org/tf/Errors%20explained
[WARN] [1789696265.607406190] []: TF_OLD_DATA ignoring data from the past for frame caster_bracket_left_link at time 5.007000 according to authority default_authority
Possible reasons are listed at http://wiki.ros.org/tf/Errors%20explained
[WARN] [1789696265.607443356] []: TF_OLD_DATA ignoring data from the past for frame caster_left_wheel_link at time 5.007000 according to authority default_authority
Possible reasons are listed at http://wiki.ros.org/tf/Errors%20explained
[WARN] [1789696265.607459891] []: TF_OLD_DATA ignoring data from the past for frame caster_bracket_right_link at time 5.007000 according to authority default_authority
Possible reasons are listed at http://wiki.ros.org/tf/Errors%20explained
[WARN] [1789696265.607509913] []: TF_OLD_DATA ignoring data from the past for frame caster_right_wheel_link at time 5.007000 according to authority default_authority
Possible reasons are listed at http://wiki.ros.org/tf/Errors%20explained
[WARN] [1789696265.607524273] []: TF_OLD_DATA ignoring data from the past for frame left_wheel_link at time 5.007000 according to authority default_authority
Possible reasons are listed at http://wiki.ros.org/tf/Errors%20explained
[WARN] [1789696265.607538788] []: TF_OLD_DATA ignoring data from the past for frame right_wheel_link at time 5.007000 according to authority default_authority
Possible reasons are listed at http://wiki.ros.org/tf/Errors%20explained
[WARN] [1789696267.234638875] []: TF_OLD_DATA ignoring data from the past for frame caster_bracket_left_link at time 6.666000 according to authority default_authority
Possible reasons are listed at http://wiki.ros.org/tf/Errors%20explained
[WARN] [1789696267.234704386] []: TF_OLD_DATA ignoring data from the past for frame caster_left_wheel_link at time 6.666000 according to authority default_authority
Possible reasons are listed at http://wiki.ros.org/tf/Errors%20explained
[WARN] [1789696267.234734668] []: TF_OLD_DATA ignoring data from the past for frame caster_bracket_right_link at time 6.666000 according to authority default_authority
Possible reasons are listed at http://wiki.ros.org/tf/Errors%20explained
[WARN] [1789696267.234763230] []: TF_OLD_DATA ignoring data from the past for frame caster_right_wheel_link at time 6.666000 according to authority default_authority
Possible reasons are listed at http://wiki.ros.org/tf/Errors%20explained
[WARN] [1789696267.234790067] []: TF_OLD_DATA ignoring data from the past for frame left_wheel_link at time 6.666000 according to authority default_authority
Possible reasons are listed at http://wiki.ros.org/tf/Errors%20explained
[WARN] [1789696267.234817543] []: TF_OLD_DATA ignoring data from the past for frame right_wheel_link at time 6.666000 according to authority default_authority
Possible reasons are listed at http://wiki.ros.org/tf/Errors%20explained
[WARN] [1789696267.280765315] []: TF_OLD_DATA ignoring data from the past for frame left_wheel_link at time 6.997000 according to authority default_authority
Possible reasons are listed at http://wiki.ros.org/tf/Errors%20explained
[WARN] [1789696267.280805277] []: TF_OLD_DATA ignoring data from the past for frame right_wheel_link at time 6.997000 according to authority default_authority
Possible reasons are listed at http://wiki.ros.org/tf/Errors%20explained
[WARN] [1789696267.284859019] []: TF_OLD_DATA ignoring data from the past for frame left_wheel_link at time 7.002000 according to authority default_authority
Possible reasons are listed at http://wiki.ros.org/tf/Errors%20explained
[WARN] [1789696267.284883646] []: TF_OLD_DATA ignoring data from the past for frame right_wheel_link at time 7.002000 according to authority default_authority
Possible reasons are listed at http://wiki.ros.org/tf/Errors%20explained
[WARN] [1789696267.292178922] []: TF_OLD_DATA ignoring data from the past for frame caster_bracket_left_link at time 7.030000 according to authority default_authority
Possible reasons are listed at http://wiki.ros.org/tf/Errors%20explained
[WARN] [1789696267.292201716] []: TF_OLD_DATA ignoring data from the past for frame caster_left_wheel_link at time 7.030000 according to authority default_authority
Possible reasons are listed at http://wiki.ros.org/tf/Errors%20explained
[WARN] [1789696267.292214912] []: TF_OLD_DATA ignoring data from the past for frame caster_bracket_right_link at time 7.030000 according to authority default_authority
Possible reasons are listed at http://wiki.ros.org/tf/Errors%20explained
[WARN] [1789696267.292227285] []: TF_OLD_DATA ignoring data from the past for frame caster_right_wheel_link at time 7.030000 according to authority default_authority
Possible reasons are listed at http://wiki.ros.org/tf/Errors%20explained
[WARN] [1789696267.292238882] []: TF_OLD_DATA ignoring data from the past for frame left_wheel_link at time 7.030000 according to authority default_authority
Possible reasons are listed at http://wiki.ros.org/tf/Errors%20explained
[WARN] [1789696267.292274462] []: TF_OLD_DATA ignoring data from the past for frame right_wheel_link at time 7.030000 according to authority default_authority
Possible reasons are listed at http://wiki.ros.org/tf/Errors%20explained
[WARN] [1789696267.301600888] []: TF_OLD_DATA ignoring data from the past for frame left_wheel_link at time 7.027000 according to authority default_authority
Possible reasons are listed at http://wiki.ros.org/tf/Errors%20explained
[WARN] [1789696267.301623024] []: TF_OLD_DATA ignoring data from the past for frame right_wheel_link at time 7.027000 according to authority default_authority
Possible reasons are listed at http://wiki.ros.org/tf/Errors%20explained
[WARN] [1789696267.397681903] []: TF_OLD_DATA ignoring data from the past for frame caster_bracket_left_link at time 7.167000 according to authority default_authority
Possible reasons are listed at http://wiki.ros.org/tf/Errors%20explained
[WARN] [1789696267.397711388] []: TF_OLD_DATA ignoring data from the past for frame caster_left_wheel_link at time 7.167000 according to authority default_authority
Possible reasons are listed at http://wiki.ros.org/tf/Errors%20explained
[WARN] [1789696267.397725615] []: TF_OLD_DATA ignoring data from the past for frame caster_bracket_right_link at time 7.167000 according to authority default_authority
Possible reasons are listed at http://wiki.ros.org/tf/Errors%20explained
[WARN] [1789696267.397738597] []: TF_OLD_DATA ignoring data from the past for frame caster_right_wheel_link at time 7.167000 according to authority default_authority
Possible reasons are listed at http://wiki.ros.org/tf/Errors%20explained
[WARN] [1789696267.397751593] []: TF_OLD_DATA ignoring data from the past for frame left_wheel_link at time 7.167000 according to authority default_authority
Possible reasons are listed at http://wiki.ros.org/tf/Errors%20explained
[WARN] [1789696267.397763889] []: TF_OLD_DATA ignoring data from the past for frame right_wheel_link at time 7.167000 according to authority default_authority
Possible reasons are listed at http://wiki.ros.org/tf/Errors%20explained
[WARN] [1789696267.400390464] []: TF_OLD_DATA ignoring data from the past for frame left_wheel_link at time 7.167000 according to authority default_authority
Possible reasons are listed at http://wiki.ros.org/tf/Errors%20explained
[WARN] [1789696267.400412899] []: TF_OLD_DATA ignoring data from the past for frame right_wheel_link at time 7.167000 according to authority default_authority
Possible reasons are listed at http://wiki.ros.org/tf/Errors%20explained
[WARN] [1789696267.422092001] []: TF_OLD_DATA ignoring data from the past for frame caster_bracket_left_link at time 7.191000 according to authority default_authority
Possible reasons are listed at http://wiki.ros.org/tf/Errors%20explained
[WARN] [1789696267.422124693] []: TF_OLD_DATA ignoring data from the past for frame caster_left_wheel_link at time 7.191000 according to authority default_authority
Possible reasons are listed at http://wiki.ros.org/tf/Errors%20explained
[WARN] [1789696267.422139309] []: TF_OLD_DATA ignoring data from the past for frame caster_bracket_right_link at time 7.191000 according to authority default_authority
Possible reasons are listed at http://wiki.ros.org/tf/Errors%20explained
[WARN] [1789696267.422170372] []: TF_OLD_DATA ignoring data from the past for frame caster_right_wheel_link at time 7.191000 according to authority default_authority
Possible reasons are listed at http://wiki.ros.org/tf/Errors%20explained
[WARN] [1789696267.422183736] []: TF_OLD_DATA ignoring data from the past for frame left_wheel_link at time 7.191000 according to authority default_authority
Possible reasons are listed at http://wiki.ros.org/tf/Errors%20explained
[WARN] [1789696267.422196002] []: TF_OLD_DATA ignoring data from the past for frame right_wheel_link at time 7.191000 according to authority default_authority
Possible reasons are listed at http://wiki.ros.org/tf/Errors%20explained
[WARN] [1789696267.423236771] []: TF_OLD_DATA ignoring data from the past for frame left_wheel_link at time 7.191000 according to authority default_authority
Possible reasons are listed at http://wiki.ros.org/tf/Errors%20explained
[WARN] [1789696267.423258494] []: TF_OLD_DATA ignoring data from the past for frame right_wheel_link at time 7.191000 according to authority default_authority
Possible reasons are listed at http://wiki.ros.org/tf/Errors%20explained
[WARN] [1789696267.454934289] []: TF_OLD_DATA ignoring data from the past for frame caster_bracket_left_link at time 7.218000 according to authority default_authority
Possible reasons are listed at http://wiki.ros.org/tf/Errors%20explained
[WARN] [1789696267.454986199] []: TF_OLD_DATA ignoring data from the past for frame caster_left_wheel_link at time 7.218000 according to authority default_authority
Possible reasons are listed at http://wiki.ros.org/tf/Errors%20explained
[WARN] [1789696267.455014182] []: TF_OLD_DATA ignoring data from the past for frame caster_bracket_right_link at time 7.218000 according to authority default_authority
Possible reasons are listed at http://wiki.ros.org/tf/Errors%20explained
[WARN] [1789696267.455058402] []: TF_OLD_DATA ignoring data from the past for frame caster_right_wheel_link at time 7.218000 according to authority default_authority
Possible reasons are listed at http://wiki.ros.org/tf/Errors%20explained
[WARN] [1789696267.455086030] []: TF_OLD_DATA ignoring data from the past for frame left_wheel_link at time 7.218000 according to authority default_authority
Possible reasons are listed at http://wiki.ros.org/tf/Errors%20explained
[WARN] [1789696267.455113186] []: TF_OLD_DATA ignoring data from the past for frame right_wheel_link at time 7.218000 according to authority default_authority
Possible reasons are listed at http://wiki.ros.org/tf/Errors%20explained
[WARN] [1789696267.462080043] []: TF_OLD_DATA ignoring data from the past for frame caster_bracket_left_link at time 7.223000 according to authority default_authority
Possible reasons are listed at http://wiki.ros.org/tf/Errors%20explained
[WARN] [1789696267.462107488] []: TF_OLD_DATA ignoring data from the past for frame caster_left_wheel_link at time 7.223000 according to authority default_authority
Possible reasons are listed at http://wiki.ros.org/tf/Errors%20explained
[WARN] [1789696267.462121337] []: TF_OLD_DATA ignoring data from the past for frame caster_bracket_right_link at time 7.223000 according to authority default_authority
Possible reasons are listed at http://wiki.ros.org/tf/Errors%20explained
[WARN] [1789696267.462135058] []: TF_OLD_DATA ignoring data from the past for frame caster_right_wheel_link at time 7.223000 according to authority default_authority
Possible reasons are listed at http://wiki.ros.org/tf/Errors%20explained
[WARN] [1789696267.462147709] []: TF_OLD_DATA ignoring data from the past for frame left_wheel_link at time 7.223000 according to authority default_authority
Possible reasons are listed at http://wiki.ros.org/tf/Errors%20explained
[WARN] [1789696267.462181430] []: TF_OLD_DATA ignoring data from the past for frame right_wheel_link at time 7.223000 according to authority default_authority
Possible reasons are listed at http://wiki.ros.org/tf/Errors%20explained
[WARN] [1789696268.106463077] []: TF_OLD_DATA ignoring data from the past for frame left_wheel_link at time 7.223000 according to authority default_authority
Possible reasons are listed at http://wiki.ros.org/tf/Errors%20explained
[WARN] [1789696268.106519759] []: TF_OLD_DATA ignoring data from the past for frame right_wheel_link at time 7.223000 according to authority default_authority
Possible reasons are listed at http://wiki.ros.org/tf/Errors%20explained
[WARN] [1789696268.121092904] []: TF_OLD_DATA ignoring data from the past for frame caster_bracket_left_link at time 7.240000 according to authority default_authority
Possible reasons are listed at http://wiki.ros.org/tf/Errors%20explained
[WARN] [1789696268.121145710] []: TF_OLD_DATA ignoring data from the past for frame caster_left_wheel_link at time 7.240000 according to authority default_authority
Possible reasons are listed at http://wiki.ros.org/tf/Errors%20explained
[WARN] [1789696268.121183406] []: TF_OLD_DATA ignoring data from the past for frame caster_bracket_right_link at time 7.240000 according to authority default_authority
Possible reasons are listed at http://wiki.ros.org/tf/Errors%20explained
[WARN] [1789696268.121199125] []: TF_OLD_DATA ignoring data from the past for frame caster_right_wheel_link at time 7.240000 according to authority default_authority
Possible reasons are listed at http://wiki.ros.org/tf/Errors%20explained
[WARN] [1789696268.121214269] []: TF_OLD_DATA ignoring data from the past for frame left_wheel_link at time 7.240000 according to authority default_authority
Possible reasons are listed at http://wiki.ros.org/tf/Errors%20explained
[WARN] [1789696268.121245491] []: TF_OLD_DATA ignoring data from the past for frame right_wheel_link at time 7.240000 according to authority default_authority
Possible reasons are listed at http://wiki.ros.org/tf/Errors%20explained
[WARN] [1789696268.141379907] []: TF_OLD_DATA ignoring data from the past for frame left_wheel_link at time 7.243000 according to authority default_authority
Possible reasons are listed at http://wiki.ros.org/tf/Errors%20explained
[WARN] [1789696268.141408298] []: TF_OLD_DATA ignoring data from the past for frame right_wheel_link at time 7.243000 according to authority default_authority
Possible reasons are listed at http://wiki.ros.org/tf/Errors%20explained
[WARN] [1789696268.164737699] []: TF_OLD_DATA ignoring data from the past for frame left_wheel_link at time 7.256000 according to authority default_authority
Possible reasons are listed at http://wiki.ros.org/tf/Errors%20explained
[WARN] [1789696268.164778875] []: TF_OLD_DATA ignoring data from the past for frame right_wheel_link at time 7.256000 according to authority default_authority
Possible reasons are listed at http://wiki.ros.org/tf/Errors%20explained
[WARN] [1789696268.188247161] []: TF_OLD_DATA ignoring data from the past for frame left_wheel_link at time 7.288000 according to authority default_authority
Possible reasons are listed at http://wiki.ros.org/tf/Errors%20explained
[WARN] [1789696268.188271098] []: TF_OLD_DATA ignoring data from the past for frame right_wheel_link at time 7.288000 according to authority default_authority
Possible reasons are listed at http://wiki.ros.org/tf/Errors%20explained
[WARN] [1789696268.233502365] []: TF_OLD_DATA ignoring data from the past for frame caster_bracket_left_link at time 8.001000 according to authority default_authority
Possible reasons are listed at http://wiki.ros.org/tf/Errors%20explained
[WARN] [1789696268.233536940] []: TF_OLD_DATA ignoring data from the past for frame caster_left_wheel_link at time 8.001000 according to authority default_authority
Possible reasons are listed at http://wiki.ros.org/tf/Errors%20explained
[WARN] [1789696268.233555303] []: TF_OLD_DATA ignoring data from the past for frame caster_bracket_right_link at time 8.001000 according to authority default_authority
Possible reasons are listed at http://wiki.ros.org/tf/Errors%20explained
[WARN] [1789696268.233571605] []: TF_OLD_DATA ignoring data from the past for frame caster_right_wheel_link at time 8.001000 according to authority default_authority
Possible reasons are listed at http://wiki.ros.org/tf/Errors%20explained
[WARN] [1789696268.233587313] []: TF_OLD_DATA ignoring data from the past for frame left_wheel_link at time 8.001000 according to authority default_authority
Possible reasons are listed at http://wiki.ros.org/tf/Errors%20explained
[WARN] [1789696268.233602623] []: TF_OLD_DATA ignoring data from the past for frame right_wheel_link at time 8.001000 according to authority default_authority
Possible reasons are listed at http://wiki.ros.org/tf/Errors%20explained
[WARN] [1789696268.254880689] []: TF_OLD_DATA ignoring data from the past for frame left_wheel_link at time 8.009000 according to authority default_authority
Possible reasons are listed at http://wiki.ros.org/tf/Errors%20explained
[WARN] [1789696268.254937968] []: TF_OLD_DATA ignoring data from the past for frame right_wheel_link at time 8.009000 according to authority default_authority
Possible reasons are listed at http://wiki.ros.org/tf/Errors%20explained
[WARN] [1789696268.290855570] []: TF_OLD_DATA ignoring data from the past for frame caster_bracket_left_link at time 8.059000 according to authority default_authority
Possible reasons are listed at http://wiki.ros.org/tf/Errors%20explained
[WARN] [1789696268.290887109] []: TF_OLD_DATA ignoring data from the past for frame caster_left_wheel_link at time 8.059000 according to authority default_authority
Possible reasons are listed at http://wiki.ros.org/tf/Errors%20explained
[WARN] [1789696268.290904540] []: TF_OLD_DATA ignoring data from the past for frame caster_bracket_right_link at time 8.059000 according to authority default_authority
Possible reasons are listed at http://wiki.ros.org/tf/Errors%20explained
[WARN] [1789696268.290921074] []: TF_OLD_DATA ignoring data from the past for frame caster_right_wheel_link at time 8.059000 according to authority default_authority
Possible reasons are listed at http://wiki.ros.org/tf/Errors%20explained
[WARN] [1789696268.290937356] []: TF_OLD_DATA ignoring data from the past for frame left_wheel_link at time 8.059000 according to authority default_authority
Possible reasons are listed at http://wiki.ros.org/tf/Errors%20explained
[WARN] [1789696268.290952888] []: TF_OLD_DATA ignoring data from the past for frame right_wheel_link at time 8.059000 according to authority default_authority
Possible reasons are listed at http://wiki.ros.org/tf/Errors%20explained
[WARN] [1789696268.296759806] []: TF_OLD_DATA ignoring data from the past for frame caster_bracket_left_link at time 8.061000 according to authority default_authority
Possible reasons are listed at http://wiki.ros.org/tf/Errors%20explained
[WARN] [1789696268.296794914] []: TF_OLD_DATA ignoring data from the past for frame caster_left_wheel_link at time 8.061000 according to authority default_authority
Possible reasons are listed at http://wiki.ros.org/tf/Errors%20explained
[WARN] [1789696268.296810457] []: TF_OLD_DATA ignoring data from the past for frame caster_bracket_right_link at time 8.061000 according to authority default_authority
Possible reasons are listed at http://wiki.ros.org/tf/Errors%20explained
[WARN] [1789696268.296824625] []: TF_OLD_DATA ignoring data from the past for frame caster_right_wheel_link at time 8.061000 according to authority default_authority
Possible reasons are listed at http://wiki.ros.org/tf/Errors%20explained
[WARN] [1789696268.296837932] []: TF_OLD_DATA ignoring data from the past for frame left_wheel_link at time 8.061000 according to authority default_authority
Possible reasons are listed at http://wiki.ros.org/tf/Errors%20explained
[WARN] [1789696268.296851222] []: TF_OLD_DATA ignoring data from the past for frame right_wheel_link at time 8.061000 according to authority default_authority
Possible reasons are listed at http://wiki.ros.org/tf/Errors%20explained
[WARN] [1789696268.300457487] []: TF_OLD_DATA ignoring data from the past for frame caster_bracket_left_link at time 8.069000 according to authority default_authority
Possible reasons are listed at http://wiki.ros.org/tf/Errors%20explained
[WARN] [1789696268.300482653] []: TF_OLD_DATA ignoring data from the past for frame caster_left_wheel_link at time 8.069000 according to authority default_authority
Possible reasons are listed at http://wiki.ros.org/tf/Errors%20explained
[WARN] [1789696268.300496240] []: TF_OLD_DATA ignoring data from the past for frame caster_bracket_right_link at time 8.069000 according to authority default_authority
Possible reasons are listed at http://wiki.ros.org/tf/Errors%20explained
[WARN] [1789696268.300509294] []: TF_OLD_DATA ignoring data from the past for frame caster_right_wheel_link at time 8.069000 according to authority default_authority
Possible reasons are listed at http://wiki.ros.org/tf/Errors%20explained
[WARN] [1789696268.300557109] []: TF_OLD_DATA ignoring data from the past for frame left_wheel_link at time 8.069000 according to authority default_authority
Possible reasons are listed at http://wiki.ros.org/tf/Errors%20explained
[WARN] [1789696268.300570851] []: TF_OLD_DATA ignoring data from the past for frame right_wheel_link at time 8.069000 according to authority default_authority
Possible reasons are listed at http://wiki.ros.org/tf/Errors%20explained
[WARN] [1789696268.319181437] []: TF_OLD_DATA ignoring data from the past for frame caster_bracket_left_link at time 8.083000 according to authority default_authority
Possible reasons are listed at http://wiki.ros.org/tf/Errors%20explained
[WARN] [1789696268.319209764] []: TF_OLD_DATA ignoring data from the past for frame caster_left_wheel_link at time 8.083000 according to authority default_authority
Possible reasons are listed at http://wiki.ros.org/tf/Errors%20explained
[WARN] [1789696268.319225143] []: TF_OLD_DATA ignoring data from the past for frame caster_bracket_right_link at time 8.083000 according to authority default_authority
Possible reasons are listed at http://wiki.ros.org/tf/Errors%20explained
[WARN] [1789696268.319238670] []: TF_OLD_DATA ignoring data from the past for frame caster_right_wheel_link at time 8.083000 according to authority default_authority
Possible reasons are listed at http://wiki.ros.org/tf/Errors%20explained
[WARN] [1789696268.319256218] []: TF_OLD_DATA ignoring data from the past for frame left_wheel_link at time 8.083000 according to authority default_authority
Possible reasons are listed at http://wiki.ros.org/tf/Errors%20explained
[WARN] [1789696268.319268586] []: TF_OLD_DATA ignoring data from the past for frame right_wheel_link at time 8.083000 according to authority default_authority
Possible reasons are listed at http://wiki.ros.org/tf/Errors%20explained
[WARN] [1789696268.340311453] []: TF_OLD_DATA ignoring data from the past for frame caster_bracket_left_link at time 8.109000 according to authority default_authority
Possible reasons are listed at http://wiki.ros.org/tf/Errors%20explained
[WARN] [1789696268.340339878] []: TF_OLD_DATA ignoring data from the past for frame caster_left_wheel_link at time 8.109000 according to authority default_authority
Possible reasons are listed at http://wiki.ros.org/tf/Errors%20explained
[WARN] [1789696268.340354355] []: TF_OLD_DATA ignoring data from the past for frame caster_bracket_right_link at time 8.109000 according to authority default_authority
Possible reasons are listed at http://wiki.ros.org/tf/Errors%20explained
[WARN] [1789696268.340366961] []: TF_OLD_DATA ignoring data from the past for frame caster_right_wheel_link at time 8.109000 according to authority default_authority
Possible reasons are listed at http://wiki.ros.org/tf/Errors%20explained
[WARN] [1789696268.340378898] []: TF_OLD_DATA ignoring data from the past for frame left_wheel_link at time 8.109000 according to authority default_authority
Possible reasons are listed at http://wiki.ros.org/tf/Errors%20explained
[WARN] [1789696268.340390662] []: TF_OLD_DATA ignoring data from the past for frame right_wheel_link at time 8.109000 according to authority default_authority
Possible reasons are listed at http://wiki.ros.org/tf/Errors%20explained
[WARN] [1789696268.342502386] []: TF_OLD_DATA ignoring data from the past for frame left_wheel_link at time 8.109000 according to authority default_authority
Possible reasons are listed at http://wiki.ros.org/tf/Errors%20explained
[WARN] [1789696268.342524356] []: TF_OLD_DATA ignoring data from the past for frame right_wheel_link at time 8.109000 according to authority default_authority
Possible reasons are listed at http://wiki.ros.org/tf/Errors%20explained
[WARN] [1789696268.352463402] []: TF_OLD_DATA ignoring data from the past for frame caster_bracket_left_link at time 8.121000 according to authority default_authority
Possible reasons are listed at http://wiki.ros.org/tf/Errors%20explained
[WARN] [1789696268.352485768] []: TF_OLD_DATA ignoring data from the past for frame caster_left_wheel_link at time 8.121000 according to authority default_authority
Possible reasons are listed at http://wiki.ros.org/tf/Errors%20explained
[WARN] [1789696268.352515941] []: TF_OLD_DATA ignoring data from the past for frame caster_bracket_right_link at time 8.121000 according to authority default_authority
Possible reasons are listed at http://wiki.ros.org/tf/Errors%20explained
[WARN] [1789696268.352528635] []: TF_OLD_DATA ignoring data from the past for frame caster_right_wheel_link at time 8.121000 according to authority default_authority
Possible reasons are listed at http://wiki.ros.org/tf/Errors%20explained
[WARN] [1789696268.352550114] []: TF_OLD_DATA ignoring data from the past for frame left_wheel_link at time 8.121000 according to authority default_authority
Possible reasons are listed at http://wiki.ros.org/tf/Errors%20explained
[WARN] [1789696268.352560933] []: TF_OLD_DATA ignoring data from the past for frame right_wheel_link at time 8.121000 according to authority default_authority
Possible reasons are listed at http://wiki.ros.org/tf/Errors%20explained
[WARN] [1789696268.357021358] []: TF_OLD_DATA ignoring data from the past for frame caster_bracket_left_link at time 8.125000 according to authority default_authority
Possible reasons are listed at http://wiki.ros.org/tf/Errors%20explained
[WARN] [1789696268.357045460] []: TF_OLD_DATA ignoring data from the past for frame caster_left_wheel_link at time 8.125000 according to authority default_authority
Possible reasons are listed at http://wiki.ros.org/tf/Errors%20explained
[WARN] [1789696268.357058601] []: TF_OLD_DATA ignoring data from the past for frame caster_bracket_right_link at time 8.125000 according to authority default_authority
Possible reasons are listed at http://wiki.ros.org/tf/Errors%20explained
[WARN] [1789696268.357071215] []: TF_OLD_DATA ignoring data from the past for frame caster_right_wheel_link at time 8.125000 according to authority default_authority
Possible reasons are listed at http://wiki.ros.org/tf/Errors%20explained
[WARN] [1789696268.357083087] []: TF_OLD_DATA ignoring data from the past for frame left_wheel_link at time 8.125000 according to authority default_authority
Possible reasons are listed at http://wiki.ros.org/tf/Errors%20explained
[WARN] [1789696268.357094741] []: TF_OLD_DATA ignoring data from the past for frame right_wheel_link at time 8.125000 according to authority default_authority
Possible reasons are listed at http://wiki.ros.org/tf/Errors%20explained
[WARN] [1789696268.370760096] []: TF_OLD_DATA ignoring data from the past for frame left_wheel_link at time 8.125000 according to authority default_authority
Possible reasons are listed at http://wiki.ros.org/tf/Errors%20explained
[WARN] [1789696268.370784873] []: TF_OLD_DATA ignoring data from the past for frame right_wheel_link at time 8.125000 according to authority default_authority
Possible reasons are listed at http://wiki.ros.org/tf/Errors%20explained
[WARN] [1789696268.396882639] []: TF_OLD_DATA ignoring data from the past for frame caster_bracket_left_link at time 8.161000 according to authority default_authority
Possible reasons are listed at http://wiki.ros.org/tf/Errors%20explained
[WARN] [1789696268.396912588] []: TF_OLD_DATA ignoring data from the past for frame caster_left_wheel_link at time 8.161000 according to authority default_authority
Possible reasons are listed at http://wiki.ros.org/tf/Errors%20explained
[WARN] [1789696268.396928619] []: TF_OLD_DATA ignoring data from the past for frame caster_bracket_right_link at time 8.161000 according to authority default_authority
Possible reasons are listed at http://wiki.ros.org/tf/Errors%20explained
[WARN] [1789696268.396943432] []: TF_OLD_DATA ignoring data from the past for frame caster_right_wheel_link at time 8.161000 according to authority default_authority
Possible reasons are listed at http://wiki.ros.org/tf/Errors%20explained
[WARN] [1789696268.396980040] []: TF_OLD_DATA ignoring data from the past for frame left_wheel_link at time 8.161000 according to authority default_authority
Possible reasons are listed at http://wiki.ros.org/tf/Errors%20explained
[WARN] [1789696268.396994721] []: TF_OLD_DATA ignoring data from the past for frame right_wheel_link at time 8.161000 according to authority default_authority
Possible reasons are listed at http://wiki.ros.org/tf/Errors%20explained
[WARN] [1789696268.399382231] []: TF_OLD_DATA ignoring data from the past for frame caster_bracket_left_link at time 8.165000 according to authority default_authority
Possible reasons are listed at http://wiki.ros.org/tf/Errors%20explained
[WARN] [1789696268.399405739] []: TF_OLD_DATA ignoring data from the past for frame caster_left_wheel_link at time 8.165000 according to authority default_authority
Possible reasons are listed at http://wiki.ros.org/tf/Errors%20explained
[WARN] [1789696268.399418104] []: TF_OLD_DATA ignoring data from the past for frame caster_bracket_right_link at time 8.165000 according to authority default_authority
Possible reasons are listed at http://wiki.ros.org/tf/Errors%20explained
[WARN] [1789696268.399429370] []: TF_OLD_DATA ignoring data from the past for frame caster_right_wheel_link at time 8.165000 according to authority default_authority
Possible reasons are listed at http://wiki.ros.org/tf/Errors%20explained
[WARN] [1789696268.399440415] []: TF_OLD_DATA ignoring data from the past for frame left_wheel_link at time 8.165000 according to authority default_authority
Possible reasons are listed at http://wiki.ros.org/tf/Errors%20explained
[WARN] [1789696268.399450883] []: TF_OLD_DATA ignoring data from the past for frame right_wheel_link at time 8.165000 according to authority default_authority
Possible reasons are listed at http://wiki.ros.org/tf/Errors%20explained
[WARN] [1789696268.407263191] []: TF_OLD_DATA ignoring data from the past for frame caster_bracket_left_link at time 8.171000 according to authority default_authority
Possible reasons are listed at http://wiki.ros.org/tf/Errors%20explained
[WARN] [1789696268.407301488] []: TF_OLD_DATA ignoring data from the past for frame caster_left_wheel_link at time 8.171000 according to authority default_authority
Possible reasons are listed at http://wiki.ros.org/tf/Errors%20explained
[WARN] [1789696268.407322198] []: TF_OLD_DATA ignoring data from the past for frame caster_bracket_right_link at time 8.171000 according to authority default_authority
Possible reasons are listed at http://wiki.ros.org/tf/Errors%20explained
[WARN] [1789696268.407342256] []: TF_OLD_DATA ignoring data from the past for frame caster_right_wheel_link at time 8.171000 according to authority default_authority
Possible reasons are listed at http://wiki.ros.org/tf/Errors%20explained
[WARN] [1789696268.407384373] []: TF_OLD_DATA ignoring data from the past for frame left_wheel_link at time 8.171000 according to authority default_authority
Possible reasons are listed at http://wiki.ros.org/tf/Errors%20explained
[WARN] [1789696268.407402499] []: TF_OLD_DATA ignoring data from the past for frame right_wheel_link at time 8.171000 according to authority default_authority
Possible reasons are listed at http://wiki.ros.org/tf/Errors%20explained
[WARN] [1789696268.414326055] []: TF_OLD_DATA ignoring data from the past for frame left_wheel_link at time 8.161000 according to authority default_authority
Possible reasons are listed at http://wiki.ros.org/tf/Errors%20explained
[WARN] [1789696268.414357523] []: TF_OLD_DATA ignoring data from the past for frame right_wheel_link at time 8.161000 according to authority default_authority
Possible reasons are listed at http://wiki.ros.org/tf/Errors%20explained
[WARN] [1789696268.430594353] []: TF_OLD_DATA ignoring data from the past for frame left_wheel_link at time 8.171000 according to authority default_authority
Possible reasons are listed at http://wiki.ros.org/tf/Errors%20explained
[WARN] [1789696268.430624373] []: TF_OLD_DATA ignoring data from the past for frame right_wheel_link at time 8.171000 according to authority default_authority
Possible reasons are listed at http://wiki.ros.org/tf/Errors%20explained
[WARN] [1789696268.434788479] []: TF_OLD_DATA ignoring data from the past for frame caster_bracket_left_link at time 8.191000 according to authority default_authority
Possible reasons are listed at http://wiki.ros.org/tf/Errors%20explained
[WARN] [1789696268.434817563] []: TF_OLD_DATA ignoring data from the past for frame caster_left_wheel_link at time 8.191000 according to authority default_authority
Possible reasons are listed at http://wiki.ros.org/tf/Errors%20explained
[WARN] [1789696268.434833605] []: TF_OLD_DATA ignoring data from the past for frame caster_bracket_right_link at time 8.191000 according to authority default_authority
Possible reasons are listed at http://wiki.ros.org/tf/Errors%20explained
[WARN] [1789696268.434866123] []: TF_OLD_DATA ignoring data from the past for frame caster_right_wheel_link at time 8.191000 according to authority default_authority
Possible reasons are listed at http://wiki.ros.org/tf/Errors%20explained
[WARN] [1789696268.434881632] []: TF_OLD_DATA ignoring data from the past for frame left_wheel_link at time 8.191000 according to authority default_authority
Possible reasons are listed at http://wiki.ros.org/tf/Errors%20explained
[WARN] [1789696268.434905974] []: TF_OLD_DATA ignoring data from the past for frame right_wheel_link at time 8.191000 according to authority default_authority
Possible reasons are listed at http://wiki.ros.org/tf/Errors%20explained
[WARN] [1789696268.476632831] []: TF_OLD_DATA ignoring data from the past for frame caster_bracket_left_link at time 8.246000 according to authority default_authority
Possible reasons are listed at http://wiki.ros.org/tf/Errors%20explained
[WARN] [1789696268.476661592] []: TF_OLD_DATA ignoring data from the past for frame caster_left_wheel_link at time 8.246000 according to authority default_authority
Possible reasons are listed at http://wiki.ros.org/tf/Errors%20explained
[WARN] [1789696268.476675768] []: TF_OLD_DATA ignoring data from the past for frame caster_bracket_right_link at time 8.246000 according to authority default_authority
Possible reasons are listed at http://wiki.ros.org/tf/Errors%20explained
[WARN] [1789696268.476688298] []: TF_OLD_DATA ignoring data from the past for frame caster_right_wheel_link at time 8.246000 according to authority default_authority
Possible reasons are listed at http://wiki.ros.org/tf/Errors%20explained
[WARN] [1789696268.476699969] []: TF_OLD_DATA ignoring data from the past for frame left_wheel_link at time 8.246000 according to authority default_authority
Possible reasons are listed at http://wiki.ros.org/tf/Errors%20explained
[WARN] [1789696268.476730140] []: TF_OLD_DATA ignoring data from the past for frame right_wheel_link at time 8.246000 according to authority default_authority
Possible reasons are listed at http://wiki.ros.org/tf/Errors%20explained
[WARN] [1789696268.491606986] []: TF_OLD_DATA ignoring data from the past for frame caster_bracket_left_link at time 8.260000 according to authority default_authority
Possible reasons are listed at http://wiki.ros.org/tf/Errors%20explained
[WARN] [1789696268.491635680] []: TF_OLD_DATA ignoring data from the past for frame caster_left_wheel_link at time 8.260000 according to authority default_authority
Possible reasons are listed at http://wiki.ros.org/tf/Errors%20explained
[WARN] [1789696268.491650916] []: TF_OLD_DATA ignoring data from the past for frame caster_bracket_right_link at time 8.260000 according to authority default_authority
Possible reasons are listed at http://wiki.ros.org/tf/Errors%20explained
[WARN] [1789696268.491681477] []: TF_OLD_DATA ignoring data from the past for frame caster_right_wheel_link at time 8.260000 according to authority default_authority
Possible reasons are listed at http://wiki.ros.org/tf/Errors%20explained
[WARN] [1789696268.491695912] []: TF_OLD_DATA ignoring data from the past for frame left_wheel_link at time 8.260000 according to authority default_authority
Possible reasons are listed at http://wiki.ros.org/tf/Errors%20explained
[WARN] [1789696268.491710340] []: TF_OLD_DATA ignoring data from the past for frame right_wheel_link at time 8.260000 according to authority default_authority
Possible reasons are listed at http://wiki.ros.org/tf/Errors%20explained
[WARN] [1789696268.507757068] []: TF_OLD_DATA ignoring data from the past for frame caster_bracket_left_link at time 8.274000 according to authority default_authority
Possible reasons are listed at http://wiki.ros.org/tf/Errors%20explained
[WARN] [1789696268.507787471] []: TF_OLD_DATA ignoring data from the past for frame caster_left_wheel_link at time 8.274000 according to authority default_authority
Possible reasons are listed at http://wiki.ros.org/tf/Errors%20explained
[WARN] [1789696268.507803969] []: TF_OLD_DATA ignoring data from the past for frame caster_bracket_right_link at time 8.274000 according to authority default_authority
Possible reasons are listed at http://wiki.ros.org/tf/Errors%20explained
[WARN] [1789696268.507818956] []: TF_OLD_DATA ignoring data from the past for frame caster_right_wheel_link at time 8.274000 according to authority default_authority
Possible reasons are listed at http://wiki.ros.org/tf/Errors%20explained
[WARN] [1789696268.507832958] []: TF_OLD_DATA ignoring data from the past for frame left_wheel_link at time 8.274000 according to authority default_authority
Possible reasons are listed at http://wiki.ros.org/tf/Errors%20explained
[WARN] [1789696268.507847918] []: TF_OLD_DATA ignoring data from the past for frame right_wheel_link at time 8.274000 according to authority default_authority
Possible reasons are listed at http://wiki.ros.org/tf/Errors%20explained
[WARN] [1789696268.525820945] []: TF_OLD_DATA ignoring data from the past for frame caster_bracket_left_link at time 8.292000 according to authority default_authority
Possible reasons are listed at http://wiki.ros.org/tf/Errors%20explained
[WARN] [1789696268.525848459] []: TF_OLD_DATA ignoring data from the past for frame caster_left_wheel_link at time 8.292000 according to authority default_authority
Possible reasons are listed at http://wiki.ros.org/tf/Errors%20explained
[WARN] [1789696268.525864988] []: TF_OLD_DATA ignoring data from the past for frame caster_bracket_right_link at time 8.292000 according to authority default_authority
Possible reasons are listed at http://wiki.ros.org/tf/Errors%20explained
[WARN] [1789696268.525879587] []: TF_OLD_DATA ignoring data from the past for frame caster_right_wheel_link at time 8.292000 according to authority default_authority
Possible reasons are listed at http://wiki.ros.org/tf/Errors%20explained
[WARN] [1789696268.525912877] []: TF_OLD_DATA ignoring data from the past for frame left_wheel_link at time 8.292000 according to authority default_authority
Possible reasons are listed at http://wiki.ros.org/tf/Errors%20explained
[WARN] [1789696268.525930408] []: TF_OLD_DATA ignoring data from the past for frame right_wheel_link at time 8.292000 according to authority default_authority
Possible reasons are listed at http://wiki.ros.org/tf/Errors%20explained
[WARN] [1789696268.527680273] []: TF_OLD_DATA ignoring data from the past for frame left_wheel_link at time 8.294000 according to authority default_authority
Possible reasons are listed at http://wiki.ros.org/tf/Errors%20explained
[WARN] [1789696268.527707123] []: TF_OLD_DATA ignoring data from the past for frame right_wheel_link at time 8.294000 according to authority default_authority
Possible reasons are listed at http://wiki.ros.org/tf/Errors%20explained
[WARN] [1789696268.539648086] []: TF_OLD_DATA ignoring data from the past for frame caster_bracket_left_link at time 8.306000 according to authority default_authority
Possible reasons are listed at http://wiki.ros.org/tf/Errors%20explained
[WARN] [1789696268.539683191] []: TF_OLD_DATA ignoring data from the past for frame caster_left_wheel_link at time 8.306000 according to authority default_authority
Possible reasons are listed at http://wiki.ros.org/tf/Errors%20explained
[WARN] [1789696268.539700823] []: TF_OLD_DATA ignoring data from the past for frame caster_bracket_right_link at time 8.306000 according to authority default_authority
Possible reasons are listed at http://wiki.ros.org/tf/Errors%20explained
[WARN] [1789696268.539716892] []: TF_OLD_DATA ignoring data from the past for frame caster_right_wheel_link at time 8.306000 according to authority default_authority
Possible reasons are listed at http://wiki.ros.org/tf/Errors%20explained
[WARN] [1789696268.539732713] []: TF_OLD_DATA ignoring data from the past for frame left_wheel_link at time 8.306000 according to authority default_authority
Possible reasons are listed at http://wiki.ros.org/tf/Errors%20explained
[WARN] [1789696268.539750228] []: TF_OLD_DATA ignoring data from the past for frame right_wheel_link at time 8.306000 according to authority default_authority
Possible reasons are listed at http://wiki.ros.org/tf/Errors%20explained
[WARN] [1789696268.550331875] []: TF_OLD_DATA ignoring data from the past for frame caster_bracket_left_link at time 8.312000 according to authority default_authority
Possible reasons are listed at http://wiki.ros.org/tf/Errors%20explained
[WARN] [1789696268.550362368] []: TF_OLD_DATA ignoring data from the past for frame caster_left_wheel_link at time 8.312000 according to authority default_authority
Possible reasons are listed at http://wiki.ros.org/tf/Errors%20explained
[WARN] [1789696268.550378683] []: TF_OLD_DATA ignoring data from the past for frame caster_bracket_right_link at time 8.312000 according to authority default_authority
Possible reasons are listed at http://wiki.ros.org/tf/Errors%20explained
[WARN] [1789696268.550394739] []: TF_OLD_DATA ignoring data from the past for frame caster_right_wheel_link at time 8.312000 according to authority default_authority
Possible reasons are listed at http://wiki.ros.org/tf/Errors%20explained
[WARN] [1789696268.550409471] []: TF_OLD_DATA ignoring data from the past for frame left_wheel_link at time 8.312000 according to authority default_authority
Possible reasons are listed at http://wiki.ros.org/tf/Errors%20explained
[WARN] [1789696268.550424126] []: TF_OLD_DATA ignoring data from the past for frame right_wheel_link at time 8.312000 according to authority default_authority
Possible reasons are listed at http://wiki.ros.org/tf/Errors%20explained
[WARN] [1789696268.559971667] []: TF_OLD_DATA ignoring data from the past for frame left_wheel_link at time 8.306000 according to authority default_authority
Possible reasons are listed at http://wiki.ros.org/tf/Errors%20explained
[WARN] [1789696268.560006519] []: TF_OLD_DATA ignoring data from the past for frame right_wheel_link at time 8.306000 according to authority default_authority
Possible reasons are listed at http://wiki.ros.org/tf/Errors%20explained
[WARN] [1789696268.571592000] []: TF_OLD_DATA ignoring data from the past for frame left_wheel_link at time 8.312000 according to authority default_authority
Possible reasons are listed at http://wiki.ros.org/tf/Errors%20explained
[WARN] [1789696268.571615736] []: TF_OLD_DATA ignoring data from the past for frame right_wheel_link at time 8.312000 according to authority default_authority
Possible reasons are listed at http://wiki.ros.org/tf/Errors%20explained
[WARN] [1789696268.682463941] []: TF_OLD_DATA ignoring data from the past for frame caster_bracket_left_link at time 8.336000 according to authority default_authority
Possible reasons are listed at http://wiki.ros.org/tf/Errors%20explained
[WARN] [1789696268.682540520] []: TF_OLD_DATA ignoring data from the past for frame caster_left_wheel_link at time 8.336000 according to authority default_authority
Possible reasons are listed at http://wiki.ros.org/tf/Errors%20explained
[WARN] [1789696268.682580047] []: TF_OLD_DATA ignoring data from the past for frame caster_bracket_right_link at time 8.336000 according to authority default_authority
Possible reasons are listed at http://wiki.ros.org/tf/Errors%20explained
[WARN] [1789696268.682617214] []: TF_OLD_DATA ignoring data from the past for frame caster_right_wheel_link at time 8.336000 according to authority default_authority
Possible reasons are listed at http://wiki.ros.org/tf/Errors%20explained
[WARN] [1789696268.682651723] []: TF_OLD_DATA ignoring data from the past for frame left_wheel_link at time 8.336000 according to authority default_authority
Possible reasons are listed at http://wiki.ros.org/tf/Errors%20explained
[WARN] [1789696268.682699073] []: TF_OLD_DATA ignoring data from the past for frame right_wheel_link at time 8.336000 according to authority default_authority
Possible reasons are listed at http://wiki.ros.org/tf/Errors%20explained
[WARN] [1789696268.690997700] []: TF_OLD_DATA ignoring data from the past for frame caster_bracket_left_link at time 8.342000 according to authority default_authority
Possible reasons are listed at http://wiki.ros.org/tf/Errors%20explained
[WARN] [1789696268.691022721] []: TF_OLD_DATA ignoring data from the past for frame caster_left_wheel_link at time 8.342000 according to authority default_authority
Possible reasons are listed at http://wiki.ros.org/tf/Errors%20explained
[WARN] [1789696268.691036191] []: TF_OLD_DATA ignoring data from the past for frame caster_bracket_right_link at time 8.342000 according to authority default_authority
Possible reasons are listed at http://wiki.ros.org/tf/Errors%20explained
[WARN] [1789696268.691065593] []: TF_OLD_DATA ignoring data from the past for frame caster_right_wheel_link at time 8.342000 according to authority default_authority
Possible reasons are listed at http://wiki.ros.org/tf/Errors%20explained
[WARN] [1789696268.691078359] []: TF_OLD_DATA ignoring data from the past for frame left_wheel_link at time 8.342000 according to authority default_authority
Possible reasons are listed at http://wiki.ros.org/tf/Errors%20explained
[WARN] [1789696268.691091503] []: TF_OLD_DATA ignoring data from the past for frame right_wheel_link at time 8.342000 according to authority default_authority
Possible reasons are listed at http://wiki.ros.org/tf/Errors%20explained
[WARN] [1789696268.694924382] []: TF_OLD_DATA ignoring data from the past for frame left_wheel_link at time 8.336000 according to authority default_authority
Possible reasons are listed at http://wiki.ros.org/tf/Errors%20explained
[WARN] [1789696268.694950808] []: TF_OLD_DATA ignoring data from the past for frame right_wheel_link at time 8.336000 according to authority default_authority
Possible reasons are listed at http://wiki.ros.org/tf/Errors%20explained
[WARN] [1789696268.717999155] []: TF_OLD_DATA ignoring data from the past for frame caster_bracket_left_link at time 8.487000 according to authority default_authority
Possible reasons are listed at http://wiki.ros.org/tf/Errors%20explained
[WARN] [1789696268.718044521] []: TF_OLD_DATA ignoring data from the past for frame caster_left_wheel_link at time 8.487000 according to authority default_authority
Possible reasons are listed at http://wiki.ros.org/tf/Errors%20explained
[WARN] [1789696268.718061843] []: TF_OLD_DATA ignoring data from the past for frame caster_bracket_right_link at time 8.487000 according to authority default_authority
Possible reasons are listed at http://wiki.ros.org/tf/Errors%20explained
[WARN] [1789696268.718076614] []: TF_OLD_DATA ignoring data from the past for frame caster_right_wheel_link at time 8.487000 according to authority default_authority
Possible reasons are listed at http://wiki.ros.org/tf/Errors%20explained
[WARN] [1789696268.718091732] []: TF_OLD_DATA ignoring data from the past for frame left_wheel_link at time 8.487000 according to authority default_authority
Possible reasons are listed at http://wiki.ros.org/tf/Errors%20explained
[WARN] [1789696268.718108363] []: TF_OLD_DATA ignoring data from the past for frame right_wheel_link at time 8.487000 according to authority default_authority
Possible reasons are listed at http://wiki.ros.org/tf/Errors%20explained
[WARN] [1789696268.741603774] []: TF_OLD_DATA ignoring data from the past for frame caster_bracket_left_link at time 8.497000 according to authority default_authority
Possible reasons are listed at http://wiki.ros.org/tf/Errors%20explained
[WARN] [1789696268.741650015] []: TF_OLD_DATA ignoring data from the past for frame caster_left_wheel_link at time 8.497000 according to authority default_authority
Possible reasons are listed at http://wiki.ros.org/tf/Errors%20explained
[WARN] [1789696268.741683207] []: TF_OLD_DATA ignoring data from the past for frame caster_bracket_right_link at time 8.497000 according to authority default_authority
Possible reasons are listed at http://wiki.ros.org/tf/Errors%20explained
[WARN] [1789696268.741715468] []: TF_OLD_DATA ignoring data from the past for frame caster_right_wheel_link at time 8.497000 according to authority default_authority
Possible reasons are listed at http://wiki.ros.org/tf/Errors%20explained
[WARN] [1789696268.741747936] []: TF_OLD_DATA ignoring data from the past for frame left_wheel_link at time 8.497000 according to authority default_authority
Possible reasons are listed at http://wiki.ros.org/tf/Errors%20explained
[WARN] [1789696268.741780215] []: TF_OLD_DATA ignoring data from the past for frame right_wheel_link at time 8.497000 according to authority default_authority
Possible reasons are listed at http://wiki.ros.org/tf/Errors%20explained
[WARN] [1789696268.759001578] []: TF_OLD_DATA ignoring data from the past for frame left_wheel_link at time 8.497000 according to authority default_authority
Possible reasons are listed at http://wiki.ros.org/tf/Errors%20explained
[WARN] [1789696268.759024744] []: TF_OLD_DATA ignoring data from the past for frame right_wheel_link at time 8.497000 according to authority default_authority
Possible reasons are listed at http://wiki.ros.org/tf/Errors%20explained
[WARN] [1789696268.762028446] []: TF_OLD_DATA ignoring data from the past for frame caster_bracket_left_link at time 8.513000 according to authority default_authority
Possible reasons are listed at http://wiki.ros.org/tf/Errors%20explained
[WARN] [1789696268.762052270] []: TF_OLD_DATA ignoring data from the past for frame caster_left_wheel_link at time 8.513000 according to authority default_authority
Possible reasons are listed at http://wiki.ros.org/tf/Errors%20explained
[WARN] [1789696268.762066602] []: TF_OLD_DATA ignoring data from the past for frame caster_bracket_right_link at time 8.513000 according to authority default_authority
Possible reasons are listed at http://wiki.ros.org/tf/Errors%20explained
[WARN] [1789696268.762080308] []: TF_OLD_DATA ignoring data from the past for frame caster_right_wheel_link at time 8.513000 according to authority default_authority
Possible reasons are listed at http://wiki.ros.org/tf/Errors%20explained
[WARN] [1789696268.762093644] []: TF_OLD_DATA ignoring data from the past for frame left_wheel_link at time 8.513000 according to authority default_authority
Possible reasons are listed at http://wiki.ros.org/tf/Errors%20explained
[WARN] [1789696268.762122630] []: TF_OLD_DATA ignoring data from the past for frame right_wheel_link at time 8.513000 according to authority default_authority
Possible reasons are listed at http://wiki.ros.org/tf/Errors%20explained
[WARN] [1789696268.771973463] []: TF_OLD_DATA ignoring data from the past for frame caster_bracket_left_link at time 8.525000 according to authority default_authority
Possible reasons are listed at http://wiki.ros.org/tf/Errors%20explained
[WARN] [1789696268.772006883] []: TF_OLD_DATA ignoring data from the past for frame caster_left_wheel_link at time 8.525000 according to authority default_authority
Possible reasons are listed at http://wiki.ros.org/tf/Errors%20explained
[WARN] [1789696268.772024044] []: TF_OLD_DATA ignoring data from the past for frame caster_bracket_right_link at time 8.525000 according to authority default_authority
Possible reasons are listed at http://wiki.ros.org/tf/Errors%20explained
[WARN] [1789696268.772039708] []: TF_OLD_DATA ignoring data from the past for frame caster_right_wheel_link at time 8.525000 according to authority default_authority
Possible reasons are listed at http://wiki.ros.org/tf/Errors%20explained
[WARN] [1789696268.772057448] []: TF_OLD_DATA ignoring data from the past for frame left_wheel_link at time 8.525000 according to authority default_authority
Possible reasons are listed at http://wiki.ros.org/tf/Errors%20explained
[WARN] [1789696268.772073117] []: TF_OLD_DATA ignoring data from the past for frame right_wheel_link at time 8.525000 according to authority default_authority
Possible reasons are listed at http://wiki.ros.org/tf/Errors%20explained
[WARN] [1789696268.776107314] []: TF_OLD_DATA ignoring data from the past for frame left_wheel_link at time 8.513000 according to authority default_authority
Possible reasons are listed at http://wiki.ros.org/tf/Errors%20explained
[WARN] [1789696268.776137928] []: TF_OLD_DATA ignoring data from the past for frame right_wheel_link at time 8.513000 according to authority default_authority
Possible reasons are listed at http://wiki.ros.org/tf/Errors%20explained
[WARN] [1789696268.790391217] []: TF_OLD_DATA ignoring data from the past for frame left_wheel_link at time 8.527000 according to authority default_authority
Possible reasons are listed at http://wiki.ros.org/tf/Errors%20explained
[WARN] [1789696268.790451860] []: TF_OLD_DATA ignoring data from the past for frame right_wheel_link at time 8.527000 according to authority default_authority
Possible reasons are listed at http://wiki.ros.org/tf/Errors%20explained
[WARN] [1789696268.794939285] []: TF_OLD_DATA ignoring data from the past for frame caster_bracket_left_link at time 8.544000 according to authority default_authority
Possible reasons are listed at http://wiki.ros.org/tf/Errors%20explained
[WARN] [1789696268.794986100] []: TF_OLD_DATA ignoring data from the past for frame caster_left_wheel_link at time 8.544000 according to authority default_authority
Possible reasons are listed at http://wiki.ros.org/tf/Errors%20explained
[WARN] [1789696268.795015911] []: TF_OLD_DATA ignoring data from the past for frame caster_bracket_right_link at time 8.544000 according to authority default_authority
Possible reasons are listed at http://wiki.ros.org/tf/Errors%20explained
[WARN] [1789696268.795043927] []: TF_OLD_DATA ignoring data from the past for frame caster_right_wheel_link at time 8.544000 according to authority default_authority
Possible reasons are listed at http://wiki.ros.org/tf/Errors%20explained
[WARN] [1789696268.795069151] []: TF_OLD_DATA ignoring data from the past for frame left_wheel_link at time 8.544000 according to authority default_authority
Possible reasons are listed at http://wiki.ros.org/tf/Errors%20explained
[WARN] [1789696268.795094713] []: TF_OLD_DATA ignoring data from the past for frame right_wheel_link at time 8.544000 according to authority default_authority
Possible reasons are listed at http://wiki.ros.org/tf/Errors%20explained
[WARN] [1789696268.799991349] []: TF_OLD_DATA ignoring data from the past for frame left_wheel_link at time 8.544000 according to authority default_authority
Possible reasons are listed at http://wiki.ros.org/tf/Errors%20explained
[WARN] [1789696268.800012987] []: TF_OLD_DATA ignoring data from the past for frame right_wheel_link at time 8.544000 according to authority default_authority
Possible reasons are listed at http://wiki.ros.org/tf/Errors%20explained
[WARN] [1789696268.832222794] []: TF_OLD_DATA ignoring data from the past for frame caster_bracket_left_link at time 8.600000 according to authority default_authority
Possible reasons are listed at http://wiki.ros.org/tf/Errors%20explained
[WARN] [1789696268.832252644] []: TF_OLD_DATA ignoring data from the past for frame caster_left_wheel_link at time 8.600000 according to authority default_authority
Possible reasons are listed at http://wiki.ros.org/tf/Errors%20explained
[WARN] [1789696268.832268618] []: TF_OLD_DATA ignoring data from the past for frame caster_bracket_right_link at time 8.600000 according to authority default_authority
Possible reasons are listed at http://wiki.ros.org/tf/Errors%20explained
[WARN] [1789696268.832283497] []: TF_OLD_DATA ignoring data from the past for frame caster_right_wheel_link at time 8.600000 according to authority default_authority
Possible reasons are listed at http://wiki.ros.org/tf/Errors%20explained
[WARN] [1789696268.832298960] []: TF_OLD_DATA ignoring data from the past for frame left_wheel_link at time 8.600000 according to authority default_authority
Possible reasons are listed at http://wiki.ros.org/tf/Errors%20explained
[WARN] [1789696268.832313965] []: TF_OLD_DATA ignoring data from the past for frame right_wheel_link at time 8.600000 according to authority default_authority
Possible reasons are listed at http://wiki.ros.org/tf/Errors%20explained
[WARN] [1789696268.889905821] []: TF_OLD_DATA ignoring data from the past for frame caster_bracket_left_link at time 8.615000 according to authority default_authority
Possible reasons are listed at http://wiki.ros.org/tf/Errors%20explained
[WARN] [1789696268.889944110] []: TF_OLD_DATA ignoring data from the past for frame caster_left_wheel_link at time 8.615000 according to authority default_authority
Possible reasons are listed at http://wiki.ros.org/tf/Errors%20explained
[WARN] [1789696268.889961723] []: TF_OLD_DATA ignoring data from the past for frame caster_bracket_right_link at time 8.615000 according to authority default_authority
Possible reasons are listed at http://wiki.ros.org/tf/Errors%20explained
[WARN] [1789696268.889980175] []: TF_OLD_DATA ignoring data from the past for frame caster_right_wheel_link at time 8.615000 according to authority default_authority
Possible reasons are listed at http://wiki.ros.org/tf/Errors%20explained
[WARN] [1789696268.889996753] []: TF_OLD_DATA ignoring data from the past for frame left_wheel_link at time 8.615000 according to authority default_authority
Possible reasons are listed at http://wiki.ros.org/tf/Errors%20explained
[WARN] [1789696268.890012730] []: TF_OLD_DATA ignoring data from the past for frame right_wheel_link at time 8.615000 according to authority default_authority
Possible reasons are listed at http://wiki.ros.org/tf/Errors%20explained
[WARN] [1789696268.914212462] []: TF_OLD_DATA ignoring data from the past for frame caster_bracket_left_link at time 8.631000 according to authority default_authority
Possible reasons are listed at http://wiki.ros.org/tf/Errors%20explained
[WARN] [1789696268.914239845] []: TF_OLD_DATA ignoring data from the past for frame caster_left_wheel_link at time 8.631000 according to authority default_authority
Possible reasons are listed at http://wiki.ros.org/tf/Errors%20explained
[WARN] [1789696268.914254458] []: TF_OLD_DATA ignoring data from the past for frame caster_bracket_right_link at time 8.631000 according to authority default_authority
Possible reasons are listed at http://wiki.ros.org/tf/Errors%20explained
[WARN] [1789696268.914288142] []: TF_OLD_DATA ignoring data from the past for frame caster_right_wheel_link at time 8.631000 according to authority default_authority
Possible reasons are listed at http://wiki.ros.org/tf/Errors%20explained
[WARN] [1789696268.914301423] []: TF_OLD_DATA ignoring data from the past for frame left_wheel_link at time 8.631000 according to authority default_authority
Possible reasons are listed at http://wiki.ros.org/tf/Errors%20explained
[WARN] [1789696268.914313724] []: TF_OLD_DATA ignoring data from the past for frame right_wheel_link at time 8.631000 according to authority default_authority
Possible reasons are listed at http://wiki.ros.org/tf/Errors%20explained
[WARN] [1789696268.915854285] []: TF_OLD_DATA ignoring data from the past for frame left_wheel_link at time 8.620000 according to authority default_authority
Possible reasons are listed at http://wiki.ros.org/tf/Errors%20explained
[WARN] [1789696268.915879918] []: TF_OLD_DATA ignoring data from the past for frame right_wheel_link at time 8.620000 according to authority default_authority
Possible reasons are listed at http://wiki.ros.org/tf/Errors%20explained
[WARN] [1789696268.919504244] []: TF_OLD_DATA ignoring data from the past for frame left_wheel_link at time 8.626000 according to authority default_authority
Possible reasons are listed at http://wiki.ros.org/tf/Errors%20explained
[WARN] [1789696268.919530579] []: TF_OLD_DATA ignoring data from the past for frame right_wheel_link at time 8.626000 according to authority default_authority
Possible reasons are listed at http://wiki.ros.org/tf/Errors%20explained
[WARN] [1789696268.926737267] []: TF_OLD_DATA ignoring data from the past for frame left_wheel_link at time 8.634000 according to authority default_authority
Possible reasons are listed at http://wiki.ros.org/tf/Errors%20explained
[WARN] [1789696268.926769925] []: TF_OLD_DATA ignoring data from the past for frame right_wheel_link at time 8.634000 according to authority default_authority
Possible reasons are listed at http://wiki.ros.org/tf/Errors%20explained
[WARN] [1789696268.934574595] []: TF_OLD_DATA ignoring data from the past for frame caster_bracket_left_link at time 8.654000 according to authority default_authority
Possible reasons are listed at http://wiki.ros.org/tf/Errors%20explained
[WARN] [1789696268.934599900] []: TF_OLD_DATA ignoring data from the past for frame caster_left_wheel_link at time 8.654000 according to authority default_authority
Possible reasons are listed at http://wiki.ros.org/tf/Errors%20explained
[WARN] [1789696268.934613585] []: TF_OLD_DATA ignoring data from the past for frame caster_bracket_right_link at time 8.654000 according to authority default_authority
Possible reasons are listed at http://wiki.ros.org/tf/Errors%20explained
[WARN] [1789696268.934626613] []: TF_OLD_DATA ignoring data from the past for frame caster_right_wheel_link at time 8.654000 according to authority default_authority
Possible reasons are listed at http://wiki.ros.org/tf/Errors%20explained
[WARN] [1789696268.934639121] []: TF_OLD_DATA ignoring data from the past for frame left_wheel_link at time 8.654000 according to authority default_authority
Possible reasons are listed at http://wiki.ros.org/tf/Errors%20explained
[WARN] [1789696268.934651669] []: TF_OLD_DATA ignoring data from the past for frame right_wheel_link at time 8.654000 according to authority default_authority
Possible reasons are listed at http://wiki.ros.org/tf/Errors%20explained
[WARN] [1789696268.948840351] []: TF_OLD_DATA ignoring data from the past for frame caster_bracket_left_link at time 8.674000 according to authority default_authority
Possible reasons are listed at http://wiki.ros.org/tf/Errors%20explained
[WARN] [1789696268.948867214] []: TF_OLD_DATA ignoring data from the past for frame caster_left_wheel_link at time 8.674000 according to authority default_authority
Possible reasons are listed at http://wiki.ros.org/tf/Errors%20explained
[WARN] [1789696268.948881669] []: TF_OLD_DATA ignoring data from the past for frame caster_bracket_right_link at time 8.674000 according to authority default_authority
Possible reasons are listed at http://wiki.ros.org/tf/Errors%20explained
[WARN] [1789696268.948911560] []: TF_OLD_DATA ignoring data from the past for frame caster_right_wheel_link at time 8.674000 according to authority default_authority
Possible reasons are listed at http://wiki.ros.org/tf/Errors%20explained
[WARN] [1789696268.948925094] []: TF_OLD_DATA ignoring data from the past for frame left_wheel_link at time 8.674000 according to authority default_authority
Possible reasons are listed at http://wiki.ros.org/tf/Errors%20explained
[WARN] [1789696268.948937446] []: TF_OLD_DATA ignoring data from the past for frame right_wheel_link at time 8.674000 according to authority default_authority
Possible reasons are listed at http://wiki.ros.org/tf/Errors%20explained
[WARN] [1789696268.953243148] []: TF_OLD_DATA ignoring data from the past for frame caster_bracket_left_link at time 8.680000 according to authority default_authority
Possible reasons are listed at http://wiki.ros.org/tf/Errors%20explained
[WARN] [1789696268.953278952] []: TF_OLD_DATA ignoring data from the past for frame caster_left_wheel_link at time 8.680000 according to authority default_authority
Possible reasons are listed at http://wiki.ros.org/tf/Errors%20explained
[WARN] [1789696268.953293344] []: TF_OLD_DATA ignoring data from the past for frame caster_bracket_right_link at time 8.680000 according to authority default_authority
Possible reasons are listed at http://wiki.ros.org/tf/Errors%20explained
[WARN] [1789696268.953307150] []: TF_OLD_DATA ignoring data from the past for frame caster_right_wheel_link at time 8.680000 according to authority default_authority
Possible reasons are listed at http://wiki.ros.org/tf/Errors%20explained
[WARN] [1789696268.953320874] []: TF_OLD_DATA ignoring data from the past for frame left_wheel_link at time 8.680000 according to authority default_authority
Possible reasons are listed at http://wiki.ros.org/tf/Errors%20explained
[WARN] [1789696268.953334574] []: TF_OLD_DATA ignoring data from the past for frame right_wheel_link at time 8.680000 according to authority default_authority
Possible reasons are listed at http://wiki.ros.org/tf/Errors%20explained
[WARN] [1789696268.959909441] []: TF_OLD_DATA ignoring data from the past for frame left_wheel_link at time 8.676000 according to authority default_authority
Possible reasons are listed at http://wiki.ros.org/tf/Errors%20explained
[WARN] [1789696268.959933809] []: TF_OLD_DATA ignoring data from the past for frame right_wheel_link at time 8.676000 according to authority default_authority
Possible reasons are listed at http://wiki.ros.org/tf/Errors%20explained
[WARN] [1789696268.977979521] []: TF_OLD_DATA ignoring data from the past for frame caster_bracket_left_link at time 8.746000 according to authority default_authority
Possible reasons are listed at http://wiki.ros.org/tf/Errors%20explained
[WARN] [1789696268.978007456] []: TF_OLD_DATA ignoring data from the past for frame caster_left_wheel_link at time 8.746000 according to authority default_authority
Possible reasons are listed at http://wiki.ros.org/tf/Errors%20explained
[WARN] [1789696268.978023430] []: TF_OLD_DATA ignoring data from the past for frame caster_bracket_right_link at time 8.746000 according to authority default_authority
Possible reasons are listed at http://wiki.ros.org/tf/Errors%20explained
[WARN] [1789696268.978055679] []: TF_OLD_DATA ignoring data from the past for frame caster_right_wheel_link at time 8.746000 according to authority default_authority
Possible reasons are listed at http://wiki.ros.org/tf/Errors%20explained
[WARN] [1789696268.978070768] []: TF_OLD_DATA ignoring data from the past for frame left_wheel_link at time 8.746000 according to authority default_authority
Possible reasons are listed at http://wiki.ros.org/tf/Errors%20explained
[WARN] [1789696268.978087418] []: TF_OLD_DATA ignoring data from the past for frame right_wheel_link at time 8.746000 according to authority default_authority
Possible reasons are listed at http://wiki.ros.org/tf/Errors%20explained
[WARN] [1789696268.997033373] []: TF_OLD_DATA ignoring data from the past for frame caster_bracket_left_link at time 8.762000 according to authority default_authority
Possible reasons are listed at http://wiki.ros.org/tf/Errors%20explained
[WARN] [1789696268.997078519] []: TF_OLD_DATA ignoring data from the past for frame caster_left_wheel_link at time 8.762000 according to authority default_authority
Possible reasons are listed at http://wiki.ros.org/tf/Errors%20explained
[WARN] [1789696268.997122391] []: TF_OLD_DATA ignoring data from the past for frame caster_bracket_right_link at time 8.762000 according to authority default_authority
Possible reasons are listed at http://wiki.ros.org/tf/Errors%20explained
[WARN] [1789696268.997184313] []: TF_OLD_DATA ignoring data from the past for frame caster_right_wheel_link at time 8.762000 according to authority default_authority
Possible reasons are listed at http://wiki.ros.org/tf/Errors%20explained
[WARN] [1789696268.997210428] []: TF_OLD_DATA ignoring data from the past for frame left_wheel_link at time 8.762000 according to authority default_authority
Possible reasons are listed at http://wiki.ros.org/tf/Errors%20explained
[WARN] [1789696268.997233105] []: TF_OLD_DATA ignoring data from the past for frame right_wheel_link at time 8.762000 according to authority default_authority
Possible reasons are listed at http://wiki.ros.org/tf/Errors%20explained
[WARN] [1789696269.006036243] []: TF_OLD_DATA ignoring data from the past for frame caster_bracket_left_link at time 8.770000 according to authority default_authority
Possible reasons are listed at http://wiki.ros.org/tf/Errors%20explained
[WARN] [1789696269.006070723] []: TF_OLD_DATA ignoring data from the past for frame caster_left_wheel_link at time 8.770000 according to authority default_authority
Possible reasons are listed at http://wiki.ros.org/tf/Errors%20explained
[WARN] [1789696269.006090957] []: TF_OLD_DATA ignoring data from the past for frame caster_bracket_right_link at time 8.770000 according to authority default_authority
Possible reasons are listed at http://wiki.ros.org/tf/Errors%20explained
[WARN] [1789696269.006109778] []: TF_OLD_DATA ignoring data from the past for frame caster_right_wheel_link at time 8.770000 according to authority default_authority
Possible reasons are listed at http://wiki.ros.org/tf/Errors%20explained
[WARN] [1789696269.006127352] []: TF_OLD_DATA ignoring data from the past for frame left_wheel_link at time 8.770000 according to authority default_authority
Possible reasons are listed at http://wiki.ros.org/tf/Errors%20explained
[WARN] [1789696269.006144364] []: TF_OLD_DATA ignoring data from the past for frame right_wheel_link at time 8.770000 according to authority default_authority
Possible reasons are listed at http://wiki.ros.org/tf/Errors%20explained
[WARN] [1789696269.009378403] [nino_rl_interface]: EPISODE END: wrong_direction | t=12.20s | heading_err=-159.0deg | lateral=0.60m | v=0.01m/s | reference_valid=True | lidar_min=1.12m | roll=0.0deg | pitch=0.0deg
[WARN] [1789696269.010768377] []: TF_OLD_DATA ignoring data from the past for frame left_wheel_link at time 8.762000 according to authority default_authority
Possible reasons are listed at http://wiki.ros.org/tf/Errors%20explained
[WARN] [1789696269.010796060] []: TF_OLD_DATA ignoring data from the past for frame right_wheel_link at time 8.762000 according to authority default_authority
Possible reasons are listed at http://wiki.ros.org/tf/Errors%20explained
[WARN] [1789696269.032639369] []: TF_OLD_DATA ignoring data from the past for frame caster_bracket_left_link at time 8.772000 according to authority default_authority
Possible reasons are listed at http://wiki.ros.org/tf/Errors%20explained
[WARN] [1789696269.032726607] []: TF_OLD_DATA ignoring data from the past for frame caster_left_wheel_link at time 8.772000 according to authority default_authority
Possible reasons are listed at http://wiki.ros.org/tf/Errors%20explained
[WARN] [1789696269.032765324] []: TF_OLD_DATA ignoring data from the past for frame caster_bracket_right_link at time 8.772000 according to authority default_authority
Possible reasons are listed at http://wiki.ros.org/tf/Errors%20explained
[WARN] [1789696269.032844226] []: TF_OLD_DATA ignoring data from the past for frame caster_right_wheel_link at time 8.772000 according to authority default_authority
Possible reasons are listed at http://wiki.ros.org/tf/Errors%20explained
[WARN] [1789696269.032887668] []: TF_OLD_DATA ignoring data from the past for frame left_wheel_link at time 8.772000 according to authority default_authority
Possible reasons are listed at http://wiki.ros.org/tf/Errors%20explained
[WARN] [1789696269.032921653] []: TF_OLD_DATA ignoring data from the past for frame right_wheel_link at time 8.772000 according to authority default_authority
Possible reasons are listed at http://wiki.ros.org/tf/Errors%20explained
[WARN] [1789696269.055429577] []: TF_OLD_DATA ignoring data from the past for frame left_wheel_link at time 8.772000 according to authority default_authority
Possible reasons are listed at http://wiki.ros.org/tf/Errors%20explained
[WARN] [1789696269.055452804] []: TF_OLD_DATA ignoring data from the past for frame right_wheel_link at time 8.772000 according to authority default_authority
Possible reasons are listed at http://wiki.ros.org/tf/Errors%20explained
[WARN] [1789696269.066002742] []: TF_OLD_DATA ignoring data from the past for frame caster_bracket_left_link at time 8.806000 according to authority default_authority
Possible reasons are listed at http://wiki.ros.org/tf/Errors%20explained
[WARN] [1789696269.066030242] []: TF_OLD_DATA ignoring data from the past for frame caster_left_wheel_link at time 8.806000 according to authority default_authority
Possible reasons are listed at http://wiki.ros.org/tf/Errors%20explained
[WARN] [1789696269.066045561] []: TF_OLD_DATA ignoring data from the past for frame caster_bracket_right_link at time 8.806000 according to authority default_authority
Possible reasons are listed at http://wiki.ros.org/tf/Errors%20explained
[WARN] [1789696269.066060559] []: TF_OLD_DATA ignoring data from the past for frame caster_right_wheel_link at time 8.806000 according to authority default_authority
Possible reasons are listed at http://wiki.ros.org/tf/Errors%20explained
[WARN] [1789696269.066091716] []: TF_OLD_DATA ignoring data from the past for frame left_wheel_link at time 8.806000 according to authority default_authority
Possible reasons are listed at http://wiki.ros.org/tf/Errors%20explained
[WARN] [1789696269.066105916] []: TF_OLD_DATA ignoring data from the past for frame right_wheel_link at time 8.806000 according to authority default_authority
Possible reasons are listed at http://wiki.ros.org/tf/Errors%20explained
[WARN] [1789696269.068252493] []: TF_OLD_DATA ignoring data from the past for frame caster_bracket_left_link at time 8.813000 according to authority default_authority
Possible reasons are listed at http://wiki.ros.org/tf/Errors%20explained
[WARN] [1789696269.068275573] []: TF_OLD_DATA ignoring data from the past for frame caster_left_wheel_link at time 8.813000 according to authority default_authority
Possible reasons are listed at http://wiki.ros.org/tf/Errors%20explained
[WARN] [1789696269.068287872] []: TF_OLD_DATA ignoring data from the past for frame caster_bracket_right_link at time 8.813000 according to authority default_authority
Possible reasons are listed at http://wiki.ros.org/tf/Errors%20explained
[WARN] [1789696269.068316540] []: TF_OLD_DATA ignoring data from the past for frame caster_right_wheel_link at time 8.813000 according to authority default_authority
Possible reasons are listed at http://wiki.ros.org/tf/Errors%20explained
[WARN] [1789696269.068329724] []: TF_OLD_DATA ignoring data from the past for frame left_wheel_link at time 8.813000 according to authority default_authority
Possible reasons are listed at http://wiki.ros.org/tf/Errors%20explained
[WARN] [1789696269.068359927] []: TF_OLD_DATA ignoring data from the past for frame right_wheel_link at time 8.813000 according to authority default_authority
Possible reasons are listed at http://wiki.ros.org/tf/Errors%20explained
[WARN] [1789696269.075008870] []: TF_OLD_DATA ignoring data from the past for frame caster_bracket_left_link at time 8.834000 according to authority default_authority
Possible reasons are listed at http://wiki.ros.org/tf/Errors%20explained
[WARN] [1789696269.075031973] []: TF_OLD_DATA ignoring data from the past for frame caster_left_wheel_link at time 8.834000 according to authority default_authority
Possible reasons are listed at http://wiki.ros.org/tf/Errors%20explained
[WARN] [1789696269.075045557] []: TF_OLD_DATA ignoring data from the past for frame caster_bracket_right_link at time 8.834000 according to authority default_authority
Possible reasons are listed at http://wiki.ros.org/tf/Errors%20explained
[WARN] [1789696269.075058282] []: TF_OLD_DATA ignoring data from the past for frame caster_right_wheel_link at time 8.834000 according to authority default_authority
Possible reasons are listed at http://wiki.ros.org/tf/Errors%20explained
[WARN] [1789696269.075070997] []: TF_OLD_DATA ignoring data from the past for frame left_wheel_link at time 8.834000 according to authority default_authority
Possible reasons are listed at http://wiki.ros.org/tf/Errors%20explained
[WARN] [1789696269.075083450] []: TF_OLD_DATA ignoring data from the past for frame right_wheel_link at time 8.834000 according to authority default_authority
Possible reasons are listed at http://wiki.ros.org/tf/Errors%20explained
[WARN] [1789696269.078226519] []: TF_OLD_DATA ignoring data from the past for frame caster_bracket_left_link at time 8.840000 according to authority default_authority
Possible reasons are listed at http://wiki.ros.org/tf/Errors%20explained
[WARN] [1789696269.078250845] []: TF_OLD_DATA ignoring data from the past for frame caster_left_wheel_link at time 8.840000 according to authority default_authority
Possible reasons are listed at http://wiki.ros.org/tf/Errors%20explained
[WARN] [1789696269.078264969] []: TF_OLD_DATA ignoring data from the past for frame caster_bracket_right_link at time 8.840000 according to authority default_authority
Possible reasons are listed at http://wiki.ros.org/tf/Errors%20explained
[WARN] [1789696269.078278115] []: TF_OLD_DATA ignoring data from the past for frame caster_right_wheel_link at time 8.840000 according to authority default_authority
Possible reasons are listed at http://wiki.ros.org/tf/Errors%20explained
[WARN] [1789696269.078293492] []: TF_OLD_DATA ignoring data from the past for frame left_wheel_link at time 8.840000 according to authority default_authority
Possible reasons are listed at http://wiki.ros.org/tf/Errors%20explained
[WARN] [1789696269.078305789] []: TF_OLD_DATA ignoring data from the past for frame right_wheel_link at time 8.840000 according to authority default_authority
Possible reasons are listed at http://wiki.ros.org/tf/Errors%20explained
[WARN] [1789696269.079469544] []: TF_OLD_DATA ignoring data from the past for frame left_wheel_link at time 8.840000 according to authority default_authority
Possible reasons are listed at http://wiki.ros.org/tf/Errors%20explained
[WARN] [1789696269.079489517] []: TF_OLD_DATA ignoring data from the past for frame right_wheel_link at time 8.840000 according to authority default_authority
Possible reasons are listed at http://wiki.ros.org/tf/Errors%20explained
[WARN] [1789696269.163214502] []: TF_OLD_DATA ignoring data from the past for frame caster_bracket_left_link at time 8.929000 according to authority default_authority
Possible reasons are listed at http://wiki.ros.org/tf/Errors%20explained
[WARN] [1789696269.163283582] []: TF_OLD_DATA ignoring data from the past for frame caster_left_wheel_link at time 8.929000 according to authority default_authority
Possible reasons are listed at http://wiki.ros.org/tf/Errors%20explained
[WARN] [1789696269.163327872] []: TF_OLD_DATA ignoring data from the past for frame caster_bracket_right_link at time 8.929000 according to authority default_authority
Possible reasons are listed at http://wiki.ros.org/tf/Errors%20explained
[WARN] [1789696269.163423570] []: TF_OLD_DATA ignoring data from the past for frame caster_right_wheel_link at time 8.929000 according to authority default_authority
Possible reasons are listed at http://wiki.ros.org/tf/Errors%20explained
[WARN] [1789696269.163462109] []: TF_OLD_DATA ignoring data from the past for frame left_wheel_link at time 8.929000 according to authority default_authority
Possible reasons are listed at http://wiki.ros.org/tf/Errors%20explained
[WARN] [1789696269.163497130] []: TF_OLD_DATA ignoring data from the past for frame right_wheel_link at time 8.929000 according to authority default_authority
Possible reasons are listed at http://wiki.ros.org/tf/Errors%20explained
[WARN] [1789696269.175990894] []: TF_OLD_DATA ignoring data from the past for frame caster_bracket_left_link at time 8.933000 according to authority default_authority
Possible reasons are listed at http://wiki.ros.org/tf/Errors%20explained
[WARN] [1789696269.176017910] []: TF_OLD_DATA ignoring data from the past for frame caster_left_wheel_link at time 8.933000 according to authority default_authority
Possible reasons are listed at http://wiki.ros.org/tf/Errors%20explained
[WARN] [1789696269.176032882] []: TF_OLD_DATA ignoring data from the past for frame caster_bracket_right_link at time 8.933000 according to authority default_authority
Possible reasons are listed at http://wiki.ros.org/tf/Errors%20explained
[WARN] [1789696269.176047774] []: TF_OLD_DATA ignoring data from the past for frame caster_right_wheel_link at time 8.933000 according to authority default_authority
Possible reasons are listed at http://wiki.ros.org/tf/Errors%20explained
[WARN] [1789696269.176078978] []: TF_OLD_DATA ignoring data from the past for frame left_wheel_link at time 8.933000 according to authority default_authority
Possible reasons are listed at http://wiki.ros.org/tf/Errors%20explained
[WARN] [1789696269.176093282] []: TF_OLD_DATA ignoring data from the past for frame right_wheel_link at time 8.933000 according to authority default_authority
Possible reasons are listed at http://wiki.ros.org/tf/Errors%20explained
[WARN] [1789696269.178532150] []: TF_OLD_DATA ignoring data from the past for frame left_wheel_link at time 8.929000 according to authority default_authority
Possible reasons are listed at http://wiki.ros.org/tf/Errors%20explained
[WARN] [1789696269.178557934] []: TF_OLD_DATA ignoring data from the past for frame right_wheel_link at time 8.929000 according to authority default_authority
Possible reasons are listed at http://wiki.ros.org/tf/Errors%20explained
[WARN] [1789696269.182658818] []: TF_OLD_DATA ignoring data from the past for frame left_wheel_link at time 8.935000 according to authority default_authority
Possible reasons are listed at http://wiki.ros.org/tf/Errors%20explained
[WARN] [1789696269.182682429] []: TF_OLD_DATA ignoring data from the past for frame right_wheel_link at time 8.935000 according to authority default_authority
Possible reasons are listed at http://wiki.ros.org/tf/Errors%20explained
[WARN] [1789696269.196218647] []: TF_OLD_DATA ignoring data from the past for frame left_wheel_link at time 8.951000 according to authority default_authority
Possible reasons are listed at http://wiki.ros.org/tf/Errors%20explained
[WARN] [1789696269.196248473] []: TF_OLD_DATA ignoring data from the past for frame right_wheel_link at time 8.951000 according to authority default_authority
Possible reasons are listed at http://wiki.ros.org/tf/Errors%20explained
[WARN] [1789696269.197794476] []: TF_OLD_DATA ignoring data from the past for frame caster_bracket_left_link at time 8.965000 according to authority default_authority
Possible reasons are listed at http://wiki.ros.org/tf/Errors%20explained
[WARN] [1789696269.197822316] []: TF_OLD_DATA ignoring data from the past for frame caster_left_wheel_link at time 8.965000 according to authority default_authority
Possible reasons are listed at http://wiki.ros.org/tf/Errors%20explained
[WARN] [1789696269.197837928] []: TF_OLD_DATA ignoring data from the past for frame caster_bracket_right_link at time 8.965000 according to authority default_authority
Possible reasons are listed at http://wiki.ros.org/tf/Errors%20explained
[WARN] [1789696269.197868843] []: TF_OLD_DATA ignoring data from the past for frame caster_right_wheel_link at time 8.965000 according to authority default_authority
Possible reasons are listed at http://wiki.ros.org/tf/Errors%20explained
[WARN] [1789696269.197882736] []: TF_OLD_DATA ignoring data from the past for frame left_wheel_link at time 8.965000 according to authority default_authority
Possible reasons are listed at http://wiki.ros.org/tf/Errors%20explained
[WARN] [1789696269.197895879] []: TF_OLD_DATA ignoring data from the past for frame right_wheel_link at time 8.965000 according to authority default_authority
Possible reasons are listed at http://wiki.ros.org/tf/Errors%20explained
[WARN] [1789696269.202882379] []: TF_OLD_DATA ignoring data from the past for frame caster_bracket_left_link at time 8.969000 according to authority default_authority
Possible reasons are listed at http://wiki.ros.org/tf/Errors%20explained
[WARN] [1789696269.202906101] []: TF_OLD_DATA ignoring data from the past for frame caster_left_wheel_link at time 8.969000 according to authority default_authority
Possible reasons are listed at http://wiki.ros.org/tf/Errors%20explained
[WARN] [1789696269.202919989] []: TF_OLD_DATA ignoring data from the past for frame caster_bracket_right_link at time 8.969000 according to authority default_authority
Possible reasons are listed at http://wiki.ros.org/tf/Errors%20explained
[WARN] [1789696269.202932798] []: TF_OLD_DATA ignoring data from the past for frame caster_right_wheel_link at time 8.969000 according to authority default_authority
Possible reasons are listed at http://wiki.ros.org/tf/Errors%20explained
[WARN] [1789696269.202944875] []: TF_OLD_DATA ignoring data from the past for frame left_wheel_link at time 8.969000 according to authority default_authority
Possible reasons are listed at http://wiki.ros.org/tf/Errors%20explained
[WARN] [1789696269.202956760] []: TF_OLD_DATA ignoring data from the past for frame right_wheel_link at time 8.969000 according to authority default_authority
Possible reasons are listed at http://wiki.ros.org/tf/Errors%20explained
[WARN] [1789696269.209085293] []: TF_OLD_DATA ignoring data from the past for frame caster_bracket_left_link at time 8.970000 according to authority default_authority
Possible reasons are listed at http://wiki.ros.org/tf/Errors%20explained
[WARN] [1789696269.209111651] []: TF_OLD_DATA ignoring data from the past for frame caster_left_wheel_link at time 8.970000 according to authority default_authority
Possible reasons are listed at http://wiki.ros.org/tf/Errors%20explained
[WARN] [1789696269.209126844] []: TF_OLD_DATA ignoring data from the past for frame caster_bracket_right_link at time 8.970000 according to authority default_authority
Possible reasons are listed at http://wiki.ros.org/tf/Errors%20explained
[WARN] [1789696269.209168468] []: TF_OLD_DATA ignoring data from the past for frame caster_right_wheel_link at time 8.970000 according to authority default_authority
Possible reasons are listed at http://wiki.ros.org/tf/Errors%20explained
[WARN] [1789696269.209183823] []: TF_OLD_DATA ignoring data from the past for frame left_wheel_link at time 8.970000 according to authority default_authority
Possible reasons are listed at http://wiki.ros.org/tf/Errors%20explained
[WARN] [1789696269.209198127] []: TF_OLD_DATA ignoring data from the past for frame right_wheel_link at time 8.970000 according to authority default_authority
Possible reasons are listed at http://wiki.ros.org/tf/Errors%20explained
[WARN] [1789696269.218937743] []: TF_OLD_DATA ignoring data from the past for frame caster_bracket_left_link at time 8.981000 according to authority default_authority
Possible reasons are listed at http://wiki.ros.org/tf/Errors%20explained
[WARN] [1789696269.218962424] []: TF_OLD_DATA ignoring data from the past for frame caster_left_wheel_link at time 8.981000 according to authority default_authority
Possible reasons are listed at http://wiki.ros.org/tf/Errors%20explained
[WARN] [1789696269.219007154] []: TF_OLD_DATA ignoring data from the past for frame caster_bracket_right_link at time 8.981000 according to authority default_authority
Possible reasons are listed at http://wiki.ros.org/tf/Errors%20explained
[WARN] [1789696269.219039068] []: TF_OLD_DATA ignoring data from the past for frame caster_right_wheel_link at time 8.981000 according to authority default_authority
Possible reasons are listed at http://wiki.ros.org/tf/Errors%20explained
[WARN] [1789696269.219053582] []: TF_OLD_DATA ignoring data from the past for frame left_wheel_link at time 8.981000 according to authority default_authority
Possible reasons are listed at http://wiki.ros.org/tf/Errors%20explained
[WARN] [1789696269.219067746] []: TF_OLD_DATA ignoring data from the past for frame right_wheel_link at time 8.981000 according to authority default_authority
Possible reasons are listed at http://wiki.ros.org/tf/Errors%20explained
[WARN] [1789696269.222796068] []: TF_OLD_DATA ignoring data from the past for frame caster_bracket_left_link at time 8.991000 according to authority default_authority
Possible reasons are listed at http://wiki.ros.org/tf/Errors%20explained
[WARN] [1789696269.222827164] []: TF_OLD_DATA ignoring data from the past for frame caster_left_wheel_link at time 8.991000 according to authority default_authority
Possible reasons are listed at http://wiki.ros.org/tf/Errors%20explained
[WARN] [1789696269.222844769] []: TF_OLD_DATA ignoring data from the past for frame caster_bracket_right_link at time 8.991000 according to authority default_authority
Possible reasons are listed at http://wiki.ros.org/tf/Errors%20explained
[WARN] [1789696269.222861164] []: TF_OLD_DATA ignoring data from the past for frame caster_right_wheel_link at time 8.991000 according to authority default_authority
Possible reasons are listed at http://wiki.ros.org/tf/Errors%20explained
[WARN] [1789696269.222876146] []: TF_OLD_DATA ignoring data from the past for frame left_wheel_link at time 8.991000 according to authority default_authority
Possible reasons are listed at http://wiki.ros.org/tf/Errors%20explained
[WARN] [1789696269.222890952] []: TF_OLD_DATA ignoring data from the past for frame right_wheel_link at time 8.991000 according to authority default_authority
Possible reasons are listed at http://wiki.ros.org/tf/Errors%20explained
[WARN] [1789696269.277503827] []: TF_OLD_DATA ignoring data from the past for frame caster_bracket_left_link at time 8.995000 according to authority default_authority
Possible reasons are listed at http://wiki.ros.org/tf/Errors%20explained
[WARN] [1789696269.277533914] []: TF_OLD_DATA ignoring data from the past for frame caster_left_wheel_link at time 8.995000 according to authority default_authority
Possible reasons are listed at http://wiki.ros.org/tf/Errors%20explained
[WARN] [1789696269.277550846] []: TF_OLD_DATA ignoring data from the past for frame caster_bracket_right_link at time 8.995000 according to authority default_authority
Possible reasons are listed at http://wiki.ros.org/tf/Errors%20explained
[WARN] [1789696269.277567437] []: TF_OLD_DATA ignoring data from the past for frame caster_right_wheel_link at time 8.995000 according to authority default_authority
Possible reasons are listed at http://wiki.ros.org/tf/Errors%20explained
[WARN] [1789696269.277582893] []: TF_OLD_DATA ignoring data from the past for frame left_wheel_link at time 8.995000 according to authority default_authority
Possible reasons are listed at http://wiki.ros.org/tf/Errors%20explained
[WARN] [1789696269.277598249] []: TF_OLD_DATA ignoring data from the past for frame right_wheel_link at time 8.995000 according to authority default_authority
Possible reasons are listed at http://wiki.ros.org/tf/Errors%20explained
[WARN] [1789696269.286840566] []: TF_OLD_DATA ignoring data from the past for frame left_wheel_link at time 8.997000 according to authority default_authority
Possible reasons are listed at http://wiki.ros.org/tf/Errors%20explained
[WARN] [1789696269.286887974] []: TF_OLD_DATA ignoring data from the past for frame right_wheel_link at time 8.997000 according to authority default_authority
Possible reasons are listed at http://wiki.ros.org/tf/Errors%20explained
[WARN] [1789696269.288762000] []: TF_OLD_DATA ignoring data from the past for frame caster_bracket_left_link at time 9.013000 according to authority default_authority
Possible reasons are listed at http://wiki.ros.org/tf/Errors%20explained
[WARN] [1789696269.288783822] []: TF_OLD_DATA ignoring data from the past for frame caster_left_wheel_link at time 9.013000 according to authority default_authority
Possible reasons are listed at http://wiki.ros.org/tf/Errors%20explained
[WARN] [1789696269.288799736] []: TF_OLD_DATA ignoring data from the past for frame caster_bracket_right_link at time 9.013000 according to authority default_authority
Possible reasons are listed at http://wiki.ros.org/tf/Errors%20explained
[WARN] [1789696269.288815065] []: TF_OLD_DATA ignoring data from the past for frame caster_right_wheel_link at time 9.013000 according to authority default_authority
Possible reasons are listed at http://wiki.ros.org/tf/Errors%20explained
[WARN] [1789696269.288830110] []: TF_OLD_DATA ignoring data from the past for frame left_wheel_link at time 9.013000 according to authority default_authority
Possible reasons are listed at http://wiki.ros.org/tf/Errors%20explained
[WARN] [1789696269.288844259] []: TF_OLD_DATA ignoring data from the past for frame right_wheel_link at time 9.013000 according to authority default_authority
Possible reasons are listed at http://wiki.ros.org/tf/Errors%20explained
[WARN] [1789696269.292234303] []: TF_OLD_DATA ignoring data from the past for frame left_wheel_link at time 9.003000 according to authority default_authority
Possible reasons are listed at http://wiki.ros.org/tf/Errors%20explained
[WARN] [1789696269.292258054] []: TF_OLD_DATA ignoring data from the past for frame right_wheel_link at time 9.003000 according to authority default_authority
Possible reasons are listed at http://wiki.ros.org/tf/Errors%20explained
[WARN] [1789696269.294840276] []: TF_OLD_DATA ignoring data from the past for frame caster_bracket_left_link at time 9.018000 according to authority default_authority
Possible reasons are listed at http://wiki.ros.org/tf/Errors%20explained
[WARN] [1789696269.294861657] []: TF_OLD_DATA ignoring data from the past for frame caster_left_wheel_link at time 9.018000 according to authority default_authority
Possible reasons are listed at http://wiki.ros.org/tf/Errors%20explained
[WARN] [1789696269.294874752] []: TF_OLD_DATA ignoring data from the past for frame caster_bracket_right_link at time 9.018000 according to authority default_authority
Possible reasons are listed at http://wiki.ros.org/tf/Errors%20explained
[WARN] [1789696269.294887473] []: TF_OLD_DATA ignoring data from the past for frame caster_right_wheel_link at time 9.018000 according to authority default_authority
Possible reasons are listed at http://wiki.ros.org/tf/Errors%20explained
[WARN] [1789696269.294899103] []: TF_OLD_DATA ignoring data from the past for frame left_wheel_link at time 9.018000 according to authority default_authority
Possible reasons are listed at http://wiki.ros.org/tf/Errors%20explained
[WARN] [1789696269.294911044] []: TF_OLD_DATA ignoring data from the past for frame right_wheel_link at time 9.018000 according to authority default_authority
Possible reasons are listed at http://wiki.ros.org/tf/Errors%20explained
[WARN] [1789696269.299245382] []: TF_OLD_DATA ignoring data from the past for frame caster_bracket_left_link at time 9.024000 according to authority default_authority
Possible reasons are listed at http://wiki.ros.org/tf/Errors%20explained
[WARN] [1789696269.299280378] []: TF_OLD_DATA ignoring data from the past for frame caster_left_wheel_link at time 9.024000 according to authority default_authority
Possible reasons are listed at http://wiki.ros.org/tf/Errors%20explained
[WARN] [1789696269.299301149] []: TF_OLD_DATA ignoring data from the past for frame caster_bracket_right_link at time 9.024000 according to authority default_authority
Possible reasons are listed at http://wiki.ros.org/tf/Errors%20explained
[WARN] [1789696269.299344055] []: TF_OLD_DATA ignoring data from the past for frame caster_right_wheel_link at time 9.024000 according to authority default_authority
Possible reasons are listed at http://wiki.ros.org/tf/Errors%20explained
[WARN] [1789696269.299362325] []: TF_OLD_DATA ignoring data from the past for frame left_wheel_link at time 9.024000 according to authority default_authority
Possible reasons are listed at http://wiki.ros.org/tf/Errors%20explained
[WARN] [1789696269.299380020] []: TF_OLD_DATA ignoring data from the past for frame right_wheel_link at time 9.024000 according to authority default_authority
Possible reasons are listed at http://wiki.ros.org/tf/Errors%20explained
[WARN] [1789696269.313713018] []: TF_OLD_DATA ignoring data from the past for frame left_wheel_link at time 9.018000 according to authority default_authority
Possible reasons are listed at http://wiki.ros.org/tf/Errors%20explained
[WARN] [1789696269.313779689] []: TF_OLD_DATA ignoring data from the past for frame right_wheel_link at time 9.018000 according to authority default_authority
Possible reasons are listed at http://wiki.ros.org/tf/Errors%20explained
[WARN] [1789696269.315349757] []: TF_OLD_DATA ignoring data from the past for frame caster_bracket_left_link at time 9.037000 according to authority default_authority
Possible reasons are listed at http://wiki.ros.org/tf/Errors%20explained
[WARN] [1789696269.315374110] []: TF_OLD_DATA ignoring data from the past for frame caster_left_wheel_link at time 9.037000 according to authority default_authority
Possible reasons are listed at http://wiki.ros.org/tf/Errors%20explained
[WARN] [1789696269.315387438] []: TF_OLD_DATA ignoring data from the past for frame caster_bracket_right_link at time 9.037000 according to authority default_authority
Possible reasons are listed at http://wiki.ros.org/tf/Errors%20explained
[WARN] [1789696269.315400471] []: TF_OLD_DATA ignoring data from the past for frame caster_right_wheel_link at time 9.037000 according to authority default_authority
Possible reasons are listed at http://wiki.ros.org/tf/Errors%20explained
[WARN] [1789696269.315413203] []: TF_OLD_DATA ignoring data from the past for frame left_wheel_link at time 9.037000 according to authority default_authority
Possible reasons are listed at http://wiki.ros.org/tf/Errors%20explained
[WARN] [1789696269.315425201] []: TF_OLD_DATA ignoring data from the past for frame right_wheel_link at time 9.037000 according to authority default_authority
Possible reasons are listed at http://wiki.ros.org/tf/Errors%20explained
[WARN] [1789696269.316760966] []: TF_OLD_DATA ignoring data from the past for frame left_wheel_link at time 9.024000 according to authority default_authority
Possible reasons are listed at http://wiki.ros.org/tf/Errors%20explained
[WARN] [1789696269.316781568] []: TF_OLD_DATA ignoring data from the past for frame right_wheel_link at time 9.024000 according to authority default_authority
Possible reasons are listed at http://wiki.ros.org/tf/Errors%20explained
[WARN] [1789696269.336522326] []: TF_OLD_DATA ignoring data from the past for frame caster_bracket_left_link at time 9.063000 according to authority default_authority
Possible reasons are listed at http://wiki.ros.org/tf/Errors%20explained
[WARN] [1789696269.336545889] []: TF_OLD_DATA ignoring data from the past for frame caster_left_wheel_link at time 9.063000 according to authority default_authority
Possible reasons are listed at http://wiki.ros.org/tf/Errors%20explained
[WARN] [1789696269.336558420] []: TF_OLD_DATA ignoring data from the past for frame caster_bracket_right_link at time 9.063000 according to authority default_authority
Possible reasons are listed at http://wiki.ros.org/tf/Errors%20explained
[WARN] [1789696269.336570848] []: TF_OLD_DATA ignoring data from the past for frame caster_right_wheel_link at time 9.063000 according to authority default_authority
Possible reasons are listed at http://wiki.ros.org/tf/Errors%20explained
[WARN] [1789696269.336634571] []: TF_OLD_DATA ignoring data from the past for frame left_wheel_link at time 9.063000 according to authority default_authority
Possible reasons are listed at http://wiki.ros.org/tf/Errors%20explained
[WARN] [1789696269.336647197] []: TF_OLD_DATA ignoring data from the past for frame right_wheel_link at time 9.063000 according to authority default_authority
Possible reasons are listed at http://wiki.ros.org/tf/Errors%20explained
[WARN] [1789696269.344638423] []: TF_OLD_DATA ignoring data from the past for frame caster_bracket_left_link at time 9.071000 according to authority default_authority
Possible reasons are listed at http://wiki.ros.org/tf/Errors%20explained
[WARN] [1789696269.344666415] []: TF_OLD_DATA ignoring data from the past for frame caster_left_wheel_link at time 9.071000 according to authority default_authority
Possible reasons are listed at http://wiki.ros.org/tf/Errors%20explained
[WARN] [1789696269.344683171] []: TF_OLD_DATA ignoring data from the past for frame caster_bracket_right_link at time 9.071000 according to authority default_authority
Possible reasons are listed at http://wiki.ros.org/tf/Errors%20explained
[WARN] [1789696269.344698894] []: TF_OLD_DATA ignoring data from the past for frame caster_right_wheel_link at time 9.071000 according to authority default_authority
Possible reasons are listed at http://wiki.ros.org/tf/Errors%20explained
[WARN] [1789696269.344712988] []: TF_OLD_DATA ignoring data from the past for frame left_wheel_link at time 9.071000 according to authority default_authority
Possible reasons are listed at http://wiki.ros.org/tf/Errors%20explained
[WARN] [1789696269.344727195] []: TF_OLD_DATA ignoring data from the past for frame right_wheel_link at time 9.071000 according to authority default_authority
Possible reasons are listed at http://wiki.ros.org/tf/Errors%20explained
[WARN] [1789696269.354656397] []: TF_OLD_DATA ignoring data from the past for frame caster_bracket_left_link at time 9.083000 according to authority default_authority
Possible reasons are listed at http://wiki.ros.org/tf/Errors%20explained
[WARN] [1789696269.354681011] []: TF_OLD_DATA ignoring data from the past for frame caster_left_wheel_link at time 9.083000 according to authority default_authority
Possible reasons are listed at http://wiki.ros.org/tf/Errors%20explained
[WARN] [1789696269.354694674] []: TF_OLD_DATA ignoring data from the past for frame caster_bracket_right_link at time 9.083000 according to authority default_authority
Possible reasons are listed at http://wiki.ros.org/tf/Errors%20explained
[WARN] [1789696269.354706607] []: TF_OLD_DATA ignoring data from the past for frame caster_right_wheel_link at time 9.083000 according to authority default_authority
Possible reasons are listed at http://wiki.ros.org/tf/Errors%20explained
[WARN] [1789696269.354718686] []: TF_OLD_DATA ignoring data from the past for frame left_wheel_link at time 9.083000 according to authority default_authority
Possible reasons are listed at http://wiki.ros.org/tf/Errors%20explained
[WARN] [1789696269.354731558] []: TF_OLD_DATA ignoring data from the past for frame right_wheel_link at time 9.083000 according to authority default_authority
Possible reasons are listed at http://wiki.ros.org/tf/Errors%20explained
[WARN] [1789696269.358096127] []: TF_OLD_DATA ignoring data from the past for frame caster_bracket_left_link at time 9.093000 according to authority default_authority
Possible reasons are listed at http://wiki.ros.org/tf/Errors%20explained
[WARN] [1789696269.358118114] []: TF_OLD_DATA ignoring data from the past for frame caster_left_wheel_link at time 9.093000 according to authority default_authority
Possible reasons are listed at http://wiki.ros.org/tf/Errors%20explained
[WARN] [1789696269.358131142] []: TF_OLD_DATA ignoring data from the past for frame caster_bracket_right_link at time 9.093000 according to authority default_authority
Possible reasons are listed at http://wiki.ros.org/tf/Errors%20explained
[WARN] [1789696269.358172812] []: TF_OLD_DATA ignoring data from the past for frame caster_right_wheel_link at time 9.093000 according to authority default_authority
Possible reasons are listed at http://wiki.ros.org/tf/Errors%20explained
[WARN] [1789696269.358185817] []: TF_OLD_DATA ignoring data from the past for frame left_wheel_link at time 9.093000 according to authority default_authority
Possible reasons are listed at http://wiki.ros.org/tf/Errors%20explained
[WARN] [1789696269.358196835] []: TF_OLD_DATA ignoring data from the past for frame right_wheel_link at time 9.093000 according to authority default_authority
Possible reasons are listed at http://wiki.ros.org/tf/Errors%20explained
[WARN] [1789696269.366820237] []: TF_OLD_DATA ignoring data from the past for frame caster_bracket_left_link at time 9.105000 according to authority default_authority
Possible reasons are listed at http://wiki.ros.org/tf/Errors%20explained
[WARN] [1789696269.366876318] []: TF_OLD_DATA ignoring data from the past for frame caster_left_wheel_link at time 9.105000 according to authority default_authority
Possible reasons are listed at http://wiki.ros.org/tf/Errors%20explained
[WARN] [1789696269.366913934] []: TF_OLD_DATA ignoring data from the past for frame caster_bracket_right_link at time 9.105000 according to authority default_authority
Possible reasons are listed at http://wiki.ros.org/tf/Errors%20explained
[WARN] [1789696269.366949120] []: TF_OLD_DATA ignoring data from the past for frame caster_right_wheel_link at time 9.105000 according to authority default_authority
Possible reasons are listed at http://wiki.ros.org/tf/Errors%20explained
[WARN] [1789696269.366984017] []: TF_OLD_DATA ignoring data from the past for frame left_wheel_link at time 9.105000 according to authority default_authority
Possible reasons are listed at http://wiki.ros.org/tf/Errors%20explained
[WARN] [1789696269.367018747] []: TF_OLD_DATA ignoring data from the past for frame right_wheel_link at time 9.105000 according to authority default_authority
Possible reasons are listed at http://wiki.ros.org/tf/Errors%20explained
[WARN] [1789696269.373128678] []: TF_OLD_DATA ignoring data from the past for frame left_wheel_link at time 9.095000 according to authority default_authority
Possible reasons are listed at http://wiki.ros.org/tf/Errors%20explained
[WARN] [1789696269.373167287] []: TF_OLD_DATA ignoring data from the past for frame right_wheel_link at time 9.095000 according to authority default_authority
Possible reasons are listed at http://wiki.ros.org/tf/Errors%20explained
[WARN] [1789696269.378142132] []: TF_OLD_DATA ignoring data from the past for frame left_wheel_link at time 9.105000 according to authority default_authority
Possible reasons are listed at http://wiki.ros.org/tf/Errors%20explained
[WARN] [1789696269.378173564] []: TF_OLD_DATA ignoring data from the past for frame right_wheel_link at time 9.105000 according to authority default_authority
Possible reasons are listed at http://wiki.ros.org/tf/Errors%20explained
[WARN] [1789696269.381869310] []: TF_OLD_DATA ignoring data from the past for frame caster_bracket_left_link at time 9.127000 according to authority default_authority
Possible reasons are listed at http://wiki.ros.org/tf/Errors%20explained
[WARN] [1789696269.381893745] []: TF_OLD_DATA ignoring data from the past for frame caster_left_wheel_link at time 9.127000 according to authority default_authority
Possible reasons are listed at http://wiki.ros.org/tf/Errors%20explained
[WARN] [1789696269.381907944] []: TF_OLD_DATA ignoring data from the past for frame caster_bracket_right_link at time 9.127000 according to authority default_authority
Possible reasons are listed at http://wiki.ros.org/tf/Errors%20explained
[WARN] [1789696269.381921333] []: TF_OLD_DATA ignoring data from the past for frame caster_right_wheel_link at time 9.127000 according to authority default_authority
Possible reasons are listed at http://wiki.ros.org/tf/Errors%20explained
[WARN] [1789696269.381934109] []: TF_OLD_DATA ignoring data from the past for frame left_wheel_link at time 9.127000 according to authority default_authority
Possible reasons are listed at http://wiki.ros.org/tf/Errors%20explained
[WARN] [1789696269.381963288] []: TF_OLD_DATA ignoring data from the past for frame right_wheel_link at time 9.127000 according to authority default_authority
Possible reasons are listed at http://wiki.ros.org/tf/Errors%20explained
[WARN] [1789696269.410855059] []: TF_OLD_DATA ignoring data from the past for frame caster_bracket_left_link at time 9.161000 according to authority default_authority
Possible reasons are listed at http://wiki.ros.org/tf/Errors%20explained
[WARN] [1789696269.410881702] []: TF_OLD_DATA ignoring data from the past for frame caster_left_wheel_link at time 9.161000 according to authority default_authority
Possible reasons are listed at http://wiki.ros.org/tf/Errors%20explained
[WARN] [1789696269.410896606] []: TF_OLD_DATA ignoring data from the past for frame caster_bracket_right_link at time 9.161000 according to authority default_authority
Possible reasons are listed at http://wiki.ros.org/tf/Errors%20explained
[WARN] [1789696269.410910261] []: TF_OLD_DATA ignoring data from the past for frame caster_right_wheel_link at time 9.161000 according to authority default_authority
Possible reasons are listed at http://wiki.ros.org/tf/Errors%20explained
[WARN] [1789696269.410923650] []: TF_OLD_DATA ignoring data from the past for frame left_wheel_link at time 9.161000 according to authority default_authority
Possible reasons are listed at http://wiki.ros.org/tf/Errors%20explained
[WARN] [1789696269.410937206] []: TF_OLD_DATA ignoring data from the past for frame right_wheel_link at time 9.161000 according to authority default_authority
Possible reasons are listed at http://wiki.ros.org/tf/Errors%20explained
[WARN] [1789696269.415984212] []: TF_OLD_DATA ignoring data from the past for frame caster_bracket_left_link at time 9.165000 according to authority default_authority
Possible reasons are listed at http://wiki.ros.org/tf/Errors%20explained
[WARN] [1789696269.416004421] []: TF_OLD_DATA ignoring data from the past for frame caster_left_wheel_link at time 9.165000 according to authority default_authority
Possible reasons are listed at http://wiki.ros.org/tf/Errors%20explained
[WARN] [1789696269.416016005] []: TF_OLD_DATA ignoring data from the past for frame caster_bracket_right_link at time 9.165000 according to authority default_authority
Possible reasons are listed at http://wiki.ros.org/tf/Errors%20explained
[WARN] [1789696269.416027219] []: TF_OLD_DATA ignoring data from the past for frame caster_right_wheel_link at time 9.165000 according to authority default_authority
Possible reasons are listed at http://wiki.ros.org/tf/Errors%20explained
[WARN] [1789696269.416037395] []: TF_OLD_DATA ignoring data from the past for frame left_wheel_link at time 9.165000 according to authority default_authority
Possible reasons are listed at http://wiki.ros.org/tf/Errors%20explained
[WARN] [1789696269.416047435] []: TF_OLD_DATA ignoring data from the past for frame right_wheel_link at time 9.165000 according to authority default_authority
Possible reasons are listed at http://wiki.ros.org/tf/Errors%20explained
[WARN] [1789696269.416981445] []: TF_OLD_DATA ignoring data from the past for frame left_wheel_link at time 9.161000 according to authority default_authority
Possible reasons are listed at http://wiki.ros.org/tf/Errors%20explained
[WARN] [1789696269.417002548] []: TF_OLD_DATA ignoring data from the past for frame right_wheel_link at time 9.161000 according to authority default_authority
Possible reasons are listed at http://wiki.ros.org/tf/Errors%20explained
[WARN] [1789696269.421496000] []: TF_OLD_DATA ignoring data from the past for frame caster_bracket_left_link at time 9.187000 according to authority default_authority
Possible reasons are listed at http://wiki.ros.org/tf/Errors%20explained
[WARN] [1789696269.421522073] []: TF_OLD_DATA ignoring data from the past for frame caster_left_wheel_link at time 9.187000 according to authority default_authority
Possible reasons are listed at http://wiki.ros.org/tf/Errors%20explained
[WARN] [1789696269.421552385] []: TF_OLD_DATA ignoring data from the past for frame caster_bracket_right_link at time 9.187000 according to authority default_authority
Possible reasons are listed at http://wiki.ros.org/tf/Errors%20explained
[WARN] [1789696269.421565951] []: TF_OLD_DATA ignoring data from the past for frame caster_right_wheel_link at time 9.187000 according to authority default_authority
Possible reasons are listed at http://wiki.ros.org/tf/Errors%20explained
[WARN] [1789696269.421578283] []: TF_OLD_DATA ignoring data from the past for frame left_wheel_link at time 9.187000 according to authority default_authority
Possible reasons are listed at http://wiki.ros.org/tf/Errors%20explained
[WARN] [1789696269.421590653] []: TF_OLD_DATA ignoring data from the past for frame right_wheel_link at time 9.187000 according to authority default_authority
Possible reasons are listed at http://wiki.ros.org/tf/Errors%20explained
[WARN] [1789696269.424144775] []: TF_OLD_DATA ignoring data from the past for frame left_wheel_link at time 9.189000 according to authority default_authority
Possible reasons are listed at http://wiki.ros.org/tf/Errors%20explained
[WARN] [1789696269.424179965] []: TF_OLD_DATA ignoring data from the past for frame right_wheel_link at time 9.189000 according to authority default_authority
Possible reasons are listed at http://wiki.ros.org/tf/Errors%20explained
[WARN] [1789696269.430957305] []: TF_OLD_DATA ignoring data from the past for frame left_wheel_link at time 9.199000 according to authority default_authority
Possible reasons are listed at http://wiki.ros.org/tf/Errors%20explained
[WARN] [1789696269.430986047] []: TF_OLD_DATA ignoring data from the past for frame right_wheel_link at time 9.199000 according to authority default_authority
Possible reasons are listed at http://wiki.ros.org/tf/Errors%20explained
[WARN] [1789696269.450948542] []: TF_OLD_DATA ignoring data from the past for frame left_wheel_link at time 9.218000 according to authority default_authority
Possible reasons are listed at http://wiki.ros.org/tf/Errors%20explained
[WARN] [1789696269.450975309] []: TF_OLD_DATA ignoring data from the past for frame right_wheel_link at time 9.218000 according to authority default_authority
Possible reasons are listed at http://wiki.ros.org/tf/Errors%20explained
[WARN] [1789696269.452339090] []: TF_OLD_DATA ignoring data from the past for frame caster_bracket_left_link at time 9.221000 according to authority default_authority
Possible reasons are listed at http://wiki.ros.org/tf/Errors%20explained
[WARN] [1789696269.452359284] []: TF_OLD_DATA ignoring data from the past for frame caster_left_wheel_link at time 9.221000 according to authority default_authority
Possible reasons are listed at http://wiki.ros.org/tf/Errors%20explained
[WARN] [1789696269.452373192] []: TF_OLD_DATA ignoring data from the past for frame caster_bracket_right_link at time 9.221000 according to authority default_authority
Possible reasons are listed at http://wiki.ros.org/tf/Errors%20explained
[WARN] [1789696269.452386108] []: TF_OLD_DATA ignoring data from the past for frame caster_right_wheel_link at time 9.221000 according to authority default_authority
Possible reasons are listed at http://wiki.ros.org/tf/Errors%20explained
[WARN] [1789696269.452399313] []: TF_OLD_DATA ignoring data from the past for frame left_wheel_link at time 9.221000 according to authority default_authority
Possible reasons are listed at http://wiki.ros.org/tf/Errors%20explained
[WARN] [1789696269.452413778] []: TF_OLD_DATA ignoring data from the past for frame right_wheel_link at time 9.221000 according to authority default_authority
Possible reasons are listed at http://wiki.ros.org/tf/Errors%20explained
[WARN] [1789696269.456296562] []: TF_OLD_DATA ignoring data from the past for frame caster_bracket_left_link at time 9.225000 according to authority default_authority
Possible reasons are listed at http://wiki.ros.org/tf/Errors%20explained
[WARN] [1789696269.456335042] []: TF_OLD_DATA ignoring data from the past for frame caster_left_wheel_link at time 9.225000 according to authority default_authority
Possible reasons are listed at http://wiki.ros.org/tf/Errors%20explained
[WARN] [1789696269.456350690] []: TF_OLD_DATA ignoring data from the past for frame caster_bracket_right_link at time 9.225000 according to authority default_authority
Possible reasons are listed at http://wiki.ros.org/tf/Errors%20explained
[WARN] [1789696269.456363767] []: TF_OLD_DATA ignoring data from the past for frame caster_right_wheel_link at time 9.225000 according to authority default_authority
Possible reasons are listed at http://wiki.ros.org/tf/Errors%20explained
[WARN] [1789696269.456375738] []: TF_OLD_DATA ignoring data from the past for frame left_wheel_link at time 9.225000 according to authority default_authority
Possible reasons are listed at http://wiki.ros.org/tf/Errors%20explained
[WARN] [1789696269.456387192] []: TF_OLD_DATA ignoring data from the past for frame right_wheel_link at time 9.225000 according to authority default_authority
Possible reasons are listed at http://wiki.ros.org/tf/Errors%20explained
[WARN] [1789696269.458410947] []: TF_OLD_DATA ignoring data from the past for frame left_wheel_link at time 9.227000 according to authority default_authority
Possible reasons are listed at http://wiki.ros.org/tf/Errors%20explained
[WARN] [1789696269.458437011] []: TF_OLD_DATA ignoring data from the past for frame right_wheel_link at time 9.227000 according to authority default_authority
Possible reasons are listed at http://wiki.ros.org/tf/Errors%20explained
[WARN] [1789696269.465064791] []: TF_OLD_DATA ignoring data from the past for frame caster_bracket_left_link at time 9.235000 according to authority default_authority
Possible reasons are listed at http://wiki.ros.org/tf/Errors%20explained
[WARN] [1789696269.465092391] []: TF_OLD_DATA ignoring data from the past for frame caster_left_wheel_link at time 9.235000 according to authority default_authority
Possible reasons are listed at http://wiki.ros.org/tf/Errors%20explained
[WARN] [1789696269.465109235] []: TF_OLD_DATA ignoring data from the past for frame caster_bracket_right_link at time 9.235000 according to authority default_authority
Possible reasons are listed at http://wiki.ros.org/tf/Errors%20explained
[WARN] [1789696269.465124102] []: TF_OLD_DATA ignoring data from the past for frame caster_right_wheel_link at time 9.235000 according to authority default_authority
Possible reasons are listed at http://wiki.ros.org/tf/Errors%20explained
[WARN] [1789696269.465138288] []: TF_OLD_DATA ignoring data from the past for frame left_wheel_link at time 9.235000 according to authority default_authority
Possible reasons are listed at http://wiki.ros.org/tf/Errors%20explained
[WARN] [1789696269.465151180] []: TF_OLD_DATA ignoring data from the past for frame right_wheel_link at time 9.235000 according to authority default_authority
Possible reasons are listed at http://wiki.ros.org/tf/Errors%20explained
[WARN] [1789696269.492210460] []: TF_OLD_DATA ignoring data from the past for frame left_wheel_link at time 9.258000 according to authority default_authority
Possible reasons are listed at http://wiki.ros.org/tf/Errors%20explained
[WARN] [1789696269.492251667] []: TF_OLD_DATA ignoring data from the past for frame right_wheel_link at time 9.258000 according to authority default_authority
Possible reasons are listed at http://wiki.ros.org/tf/Errors%20explained
[WARN] [1789696269.526460455] []: TF_OLD_DATA ignoring data from the past for frame caster_bracket_left_link at time 9.295000 according to authority default_authority
Possible reasons are listed at http://wiki.ros.org/tf/Errors%20explained
[WARN] [1789696269.526487806] []: TF_OLD_DATA ignoring data from the past for frame caster_left_wheel_link at time 9.295000 according to authority default_authority
Possible reasons are listed at http://wiki.ros.org/tf/Errors%20explained
[WARN] [1789696269.526502892] []: TF_OLD_DATA ignoring data from the past for frame caster_bracket_right_link at time 9.295000 according to authority default_authority
Possible reasons are listed at http://wiki.ros.org/tf/Errors%20explained
[WARN] [1789696269.526532783] []: TF_OLD_DATA ignoring data from the past for frame caster_right_wheel_link at time 9.295000 according to authority default_authority
Possible reasons are listed at http://wiki.ros.org/tf/Errors%20explained
[WARN] [1789696269.526546724] []: TF_OLD_DATA ignoring data from the past for frame left_wheel_link at time 9.295000 according to authority default_authority
Possible reasons are listed at http://wiki.ros.org/tf/Errors%20explained
[WARN] [1789696269.526559329] []: TF_OLD_DATA ignoring data from the past for frame right_wheel_link at time 9.295000 according to authority default_authority
Possible reasons are listed at http://wiki.ros.org/tf/Errors%20explained
[WARN] [1789696269.528414971] []: TF_OLD_DATA ignoring data from the past for frame left_wheel_link at time 9.295000 according to authority default_authority
Possible reasons are listed at http://wiki.ros.org/tf/Errors%20explained
[WARN] [1789696269.528437561] []: TF_OLD_DATA ignoring data from the past for frame right_wheel_link at time 9.295000 according to authority default_authority
Possible reasons are listed at http://wiki.ros.org/tf/Errors%20explained
[WARN] [1789696269.605125252] []: TF_OLD_DATA ignoring data from the past for frame caster_bracket_left_link at time 9.327000 according to authority default_authority
Possible reasons are listed at http://wiki.ros.org/tf/Errors%20explained
[WARN] [1789696269.605167078] []: TF_OLD_DATA ignoring data from the past for frame caster_left_wheel_link at time 9.327000 according to authority default_authority
Possible reasons are listed at http://wiki.ros.org/tf/Errors%20explained
[WARN] [1789696269.605185524] []: TF_OLD_DATA ignoring data from the past for frame caster_bracket_right_link at time 9.327000 according to authority default_authority
Possible reasons are listed at http://wiki.ros.org/tf/Errors%20explained
[WARN] [1789696269.605201571] []: TF_OLD_DATA ignoring data from the past for frame caster_right_wheel_link at time 9.327000 according to authority default_authority
Possible reasons are listed at http://wiki.ros.org/tf/Errors%20explained
[WARN] [1789696269.605216496] []: TF_OLD_DATA ignoring data from the past for frame left_wheel_link at time 9.327000 according to authority default_authority
Possible reasons are listed at http://wiki.ros.org/tf/Errors%20explained
[WARN] [1789696269.605231096] []: TF_OLD_DATA ignoring data from the past for frame right_wheel_link at time 9.327000 according to authority default_authority
Possible reasons are listed at http://wiki.ros.org/tf/Errors%20explained
[WARN] [1789696269.610644220] []: TF_OLD_DATA ignoring data from the past for frame caster_bracket_left_link at time 9.331000 according to authority default_authority
Possible reasons are listed at http://wiki.ros.org/tf/Errors%20explained
[WARN] [1789696269.610669757] []: TF_OLD_DATA ignoring data from the past for frame caster_left_wheel_link at time 9.331000 according to authority default_authority
Possible reasons are listed at http://wiki.ros.org/tf/Errors%20explained
[WARN] [1789696269.610684653] []: TF_OLD_DATA ignoring data from the past for frame caster_bracket_right_link at time 9.331000 according to authority default_authority
Possible reasons are listed at http://wiki.ros.org/tf/Errors%20explained
[WARN] [1789696269.610698523] []: TF_OLD_DATA ignoring data from the past for frame caster_right_wheel_link at time 9.331000 according to authority default_authority
Possible reasons are listed at http://wiki.ros.org/tf/Errors%20explained
[WARN] [1789696269.610712045] []: TF_OLD_DATA ignoring data from the past for frame left_wheel_link at time 9.331000 according to authority default_authority
Possible reasons are listed at http://wiki.ros.org/tf/Errors%20explained
[WARN] [1789696269.610724370] []: TF_OLD_DATA ignoring data from the past for frame right_wheel_link at time 9.331000 according to authority default_authority
Possible reasons are listed at http://wiki.ros.org/tf/Errors%20explained
[WARN] [1789696269.617123241] []: TF_OLD_DATA ignoring data from the past for frame caster_bracket_left_link at time 9.349000 according to authority default_authority
Possible reasons are listed at http://wiki.ros.org/tf/Errors%20explained
[WARN] [1789696269.617148074] []: TF_OLD_DATA ignoring data from the past for frame caster_left_wheel_link at time 9.349000 according to authority default_authority
Possible reasons are listed at http://wiki.ros.org/tf/Errors%20explained
[WARN] [1789696269.617168597] []: TF_OLD_DATA ignoring data from the past for frame caster_bracket_right_link at time 9.349000 according to authority default_authority
Possible reasons are listed at http://wiki.ros.org/tf/Errors%20explained
[WARN] [1789696269.617183301] []: TF_OLD_DATA ignoring data from the past for frame caster_right_wheel_link at time 9.349000 according to authority default_authority
Possible reasons are listed at http://wiki.ros.org/tf/Errors%20explained
[WARN] [1789696269.617195125] []: TF_OLD_DATA ignoring data from the past for frame left_wheel_link at time 9.349000 according to authority default_authority
Possible reasons are listed at http://wiki.ros.org/tf/Errors%20explained
[WARN] [1789696269.617206666] []: TF_OLD_DATA ignoring data from the past for frame right_wheel_link at time 9.349000 according to authority default_authority
Possible reasons are listed at http://wiki.ros.org/tf/Errors%20explained
[WARN] [1789696269.623461814] []: TF_OLD_DATA ignoring data from the past for frame caster_bracket_left_link at time 9.365000 according to authority default_authority
Possible reasons are listed at http://wiki.ros.org/tf/Errors%20explained
[WARN] [1789696269.623486101] []: TF_OLD_DATA ignoring data from the past for frame caster_left_wheel_link at time 9.365000 according to authority default_authority
Possible reasons are listed at http://wiki.ros.org/tf/Errors%20explained
[WARN] [1789696269.623500571] []: TF_OLD_DATA ignoring data from the past for frame caster_bracket_right_link at time 9.365000 according to authority default_authority
Possible reasons are listed at http://wiki.ros.org/tf/Errors%20explained
[WARN] [1789696269.623514553] []: TF_OLD_DATA ignoring data from the past for frame caster_right_wheel_link at time 9.365000 according to authority default_authority
Possible reasons are listed at http://wiki.ros.org/tf/Errors%20explained
[WARN] [1789696269.623528153] []: TF_OLD_DATA ignoring data from the past for frame left_wheel_link at time 9.365000 according to authority default_authority
Possible reasons are listed at http://wiki.ros.org/tf/Errors%20explained
[WARN] [1789696269.623543876] []: TF_OLD_DATA ignoring data from the past for frame right_wheel_link at time 9.365000 according to authority default_authority
Possible reasons are listed at http://wiki.ros.org/tf/Errors%20explained
[WARN] [1789696269.629453957] []: TF_OLD_DATA ignoring data from the past for frame left_wheel_link at time 9.359000 according to authority default_authority
Possible reasons are listed at http://wiki.ros.org/tf/Errors%20explained
[WARN] [1789696269.629478908] []: TF_OLD_DATA ignoring data from the past for frame right_wheel_link at time 9.359000 according to authority default_authority
Possible reasons are listed at http://wiki.ros.org/tf/Errors%20explained
[WARN] [1789696269.641276227] []: TF_OLD_DATA ignoring data from the past for frame caster_bracket_left_link at time 9.382000 according to authority default_authority
Possible reasons are listed at http://wiki.ros.org/tf/Errors%20explained
[WARN] [1789696269.641309742] []: TF_OLD_DATA ignoring data from the past for frame caster_left_wheel_link at time 9.382000 according to authority default_authority
Possible reasons are listed at http://wiki.ros.org/tf/Errors%20explained
[WARN] [1789696269.641328966] []: TF_OLD_DATA ignoring data from the past for frame caster_bracket_right_link at time 9.382000 according to authority default_authority
Possible reasons are listed at http://wiki.ros.org/tf/Errors%20explained
[WARN] [1789696269.641346163] []: TF_OLD_DATA ignoring data from the past for frame caster_right_wheel_link at time 9.382000 according to authority default_authority
Possible reasons are listed at http://wiki.ros.org/tf/Errors%20explained
[WARN] [1789696269.641385725] []: TF_OLD_DATA ignoring data from the past for frame left_wheel_link at time 9.382000 according to authority default_authority
Possible reasons are listed at http://wiki.ros.org/tf/Errors%20explained
[WARN] [1789696269.641403288] []: TF_OLD_DATA ignoring data from the past for frame right_wheel_link at time 9.382000 according to authority default_authority
Possible reasons are listed at http://wiki.ros.org/tf/Errors%20explained
[WARN] [1789696269.645964134] []: TF_OLD_DATA ignoring data from the past for frame caster_bracket_left_link at time 9.391000 according to authority default_authority
Possible reasons are listed at http://wiki.ros.org/tf/Errors%20explained
[WARN] [1789696269.645993320] []: TF_OLD_DATA ignoring data from the past for frame caster_left_wheel_link at time 9.391000 according to authority default_authority
Possible reasons are listed at http://wiki.ros.org/tf/Errors%20explained
[WARN] [1789696269.646011596] []: TF_OLD_DATA ignoring data from the past for frame caster_bracket_right_link at time 9.391000 according to authority default_authority
Possible reasons are listed at http://wiki.ros.org/tf/Errors%20explained
[WARN] [1789696269.646028814] []: TF_OLD_DATA ignoring data from the past for frame caster_right_wheel_link at time 9.391000 according to authority default_authority
Possible reasons are listed at http://wiki.ros.org/tf/Errors%20explained
[WARN] [1789696269.646046232] []: TF_OLD_DATA ignoring data from the past for frame left_wheel_link at time 9.391000 according to authority default_authority
Possible reasons are listed at http://wiki.ros.org/tf/Errors%20explained
[WARN] [1789696269.646062633] []: TF_OLD_DATA ignoring data from the past for frame right_wheel_link at time 9.391000 according to authority default_authority
Possible reasons are listed at http://wiki.ros.org/tf/Errors%20explained
[WARN] [1789696269.649247471] []: TF_OLD_DATA ignoring data from the past for frame left_wheel_link at time 9.382000 according to authority default_authority
Possible reasons are listed at http://wiki.ros.org/tf/Errors%20explained
[WARN] [1789696269.649271795] []: TF_OLD_DATA ignoring data from the past for frame right_wheel_link at time 9.382000 according to authority default_authority
Possible reasons are listed at http://wiki.ros.org/tf/Errors%20explained
[WARN] [1789696269.650863569] []: TF_OLD_DATA ignoring data from the past for frame caster_bracket_left_link at time 9.397000 according to authority default_authority
Possible reasons are listed at http://wiki.ros.org/tf/Errors%20explained
[WARN] [1789696269.650883809] []: TF_OLD_DATA ignoring data from the past for frame caster_left_wheel_link at time 9.397000 according to authority default_authority
Possible reasons are listed at http://wiki.ros.org/tf/Errors%20explained
[WARN] [1789696269.650896807] []: TF_OLD_DATA ignoring data from the past for frame caster_bracket_right_link at time 9.397000 according to authority default_authority
Possible reasons are listed at http://wiki.ros.org/tf/Errors%20explained
[WARN] [1789696269.650909450] []: TF_OLD_DATA ignoring data from the past for frame caster_right_wheel_link at time 9.397000 according to authority default_authority
Possible reasons are listed at http://wiki.ros.org/tf/Errors%20explained
[WARN] [1789696269.650938263] []: TF_OLD_DATA ignoring data from the past for frame left_wheel_link at time 9.397000 according to authority default_authority
Possible reasons are listed at http://wiki.ros.org/tf/Errors%20explained
[WARN] [1789696269.650950375] []: TF_OLD_DATA ignoring data from the past for frame right_wheel_link at time 9.397000 according to authority default_authority
Possible reasons are listed at http://wiki.ros.org/tf/Errors%20explained
[WARN] [1789696269.656170815] []: TF_OLD_DATA ignoring data from the past for frame caster_bracket_left_link at time 9.411000 according to authority default_authority
Possible reasons are listed at http://wiki.ros.org/tf/Errors%20explained
[WARN] [1789696269.656214682] []: TF_OLD_DATA ignoring data from the past for frame caster_left_wheel_link at time 9.411000 according to authority default_authority
Possible reasons are listed at http://wiki.ros.org/tf/Errors%20explained
[WARN] [1789696269.656230662] []: TF_OLD_DATA ignoring data from the past for frame caster_bracket_right_link at time 9.411000 according to authority default_authority
Possible reasons are listed at http://wiki.ros.org/tf/Errors%20explained
[WARN] [1789696269.656244491] []: TF_OLD_DATA ignoring data from the past for frame caster_right_wheel_link at time 9.411000 according to authority default_authority
Possible reasons are listed at http://wiki.ros.org/tf/Errors%20explained
[WARN] [1789696269.656258351] []: TF_OLD_DATA ignoring data from the past for frame left_wheel_link at time 9.411000 according to authority default_authority
Possible reasons are listed at http://wiki.ros.org/tf/Errors%20explained
[WARN] [1789696269.656272235] []: TF_OLD_DATA ignoring data from the past for frame right_wheel_link at time 9.411000 according to authority default_authority
Possible reasons are listed at http://wiki.ros.org/tf/Errors%20explained
[WARN] [1789696269.658842386] []: TF_OLD_DATA ignoring data from the past for frame left_wheel_link at time 9.405000 according to authority default_authority
Possible reasons are listed at http://wiki.ros.org/tf/Errors%20explained
[WARN] [1789696269.658867942] []: TF_OLD_DATA ignoring data from the past for frame right_wheel_link at time 9.405000 according to authority default_authority
Possible reasons are listed at http://wiki.ros.org/tf/Errors%20explained
[WARN] [1789696269.663160106] []: TF_OLD_DATA ignoring data from the past for frame caster_bracket_left_link at time 9.427000 according to authority default_authority
Possible reasons are listed at http://wiki.ros.org/tf/Errors%20explained
[WARN] [1789696269.663183352] []: TF_OLD_DATA ignoring data from the past for frame caster_left_wheel_link at time 9.427000 according to authority default_authority
Possible reasons are listed at http://wiki.ros.org/tf/Errors%20explained
[WARN] [1789696269.663213918] []: TF_OLD_DATA ignoring data from the past for frame caster_bracket_right_link at time 9.427000 according to authority default_authority
Possible reasons are listed at http://wiki.ros.org/tf/Errors%20explained
[WARN] [1789696269.663226764] []: TF_OLD_DATA ignoring data from the past for frame caster_right_wheel_link at time 9.427000 according to authority default_authority
Possible reasons are listed at http://wiki.ros.org/tf/Errors%20explained
[WARN] [1789696269.663240048] []: TF_OLD_DATA ignoring data from the past for frame left_wheel_link at time 9.427000 according to authority default_authority
Possible reasons are listed at http://wiki.ros.org/tf/Errors%20explained
[WARN] [1789696269.663252937] []: TF_OLD_DATA ignoring data from the past for frame right_wheel_link at time 9.427000 according to authority default_authority
Possible reasons are listed at http://wiki.ros.org/tf/Errors%20explained
[WARN] [1789696269.668356790] []: TF_OLD_DATA ignoring data from the past for frame left_wheel_link at time 9.425000 according to authority default_authority
Possible reasons are listed at http://wiki.ros.org/tf/Errors%20explained
[WARN] [1789696269.668379993] []: TF_OLD_DATA ignoring data from the past for frame right_wheel_link at time 9.425000 according to authority default_authority
Possible reasons are listed at http://wiki.ros.org/tf/Errors%20explained
[WARN] [1789696269.669661239] []: TF_OLD_DATA ignoring data from the past for frame caster_bracket_left_link at time 9.439000 according to authority default_authority
Possible reasons are listed at http://wiki.ros.org/tf/Errors%20explained
[WARN] [1789696269.669681352] []: TF_OLD_DATA ignoring data from the past for frame caster_left_wheel_link at time 9.439000 according to authority default_authority
Possible reasons are listed at http://wiki.ros.org/tf/Errors%20explained
[WARN] [1789696269.669709936] []: TF_OLD_DATA ignoring data from the past for frame caster_bracket_right_link at time 9.439000 according to authority default_authority
Possible reasons are listed at http://wiki.ros.org/tf/Errors%20explained
[WARN] [1789696269.669723913] []: TF_OLD_DATA ignoring data from the past for frame caster_right_wheel_link at time 9.439000 according to authority default_authority
Possible reasons are listed at http://wiki.ros.org/tf/Errors%20explained
[WARN] [1789696269.669737525] []: TF_OLD_DATA ignoring data from the past for frame left_wheel_link at time 9.439000 according to authority default_authority
Possible reasons are listed at http://wiki.ros.org/tf/Errors%20explained
[WARN] [1789696269.669749564] []: TF_OLD_DATA ignoring data from the past for frame right_wheel_link at time 9.439000 according to authority default_authority
Possible reasons are listed at http://wiki.ros.org/tf/Errors%20explained
[WARN] [1789696269.670870662] []: TF_OLD_DATA ignoring data from the past for frame left_wheel_link at time 9.431000 according to authority default_authority
Possible reasons are listed at http://wiki.ros.org/tf/Errors%20explained
[WARN] [1789696269.670891224] []: TF_OLD_DATA ignoring data from the past for frame right_wheel_link at time 9.431000 according to authority default_authority
Possible reasons are listed at http://wiki.ros.org/tf/Errors%20explained
[WARN] [1789696269.672283586] []: TF_OLD_DATA ignoring data from the past for frame left_wheel_link at time 9.435000 according to authority default_authority
Possible reasons are listed at http://wiki.ros.org/tf/Errors%20explained
[WARN] [1789696269.672301769] []: TF_OLD_DATA ignoring data from the past for frame right_wheel_link at time 9.435000 according to authority default_authority
Possible reasons are listed at http://wiki.ros.org/tf/Errors%20explained
[WARN] [1789696269.677406575] []: TF_OLD_DATA ignoring data from the past for frame left_wheel_link at time 9.439000 according to authority default_authority
Possible reasons are listed at http://wiki.ros.org/tf/Errors%20explained
[WARN] [1789696269.677434125] []: TF_OLD_DATA ignoring data from the past for frame right_wheel_link at time 9.439000 according to authority default_authority
Possible reasons are listed at http://wiki.ros.org/tf/Errors%20explained
[WARN] [1789696269.687145698] []: TF_OLD_DATA ignoring data from the past for frame caster_bracket_left_link at time 9.457000 according to authority default_authority
Possible reasons are listed at http://wiki.ros.org/tf/Errors%20explained
[WARN] [1789696269.687180452] []: TF_OLD_DATA ignoring data from the past for frame caster_left_wheel_link at time 9.457000 according to authority default_authority
Possible reasons are listed at http://wiki.ros.org/tf/Errors%20explained
[WARN] [1789696269.687196729] []: TF_OLD_DATA ignoring data from the past for frame caster_bracket_right_link at time 9.457000 according to authority default_authority
Possible reasons are listed at http://wiki.ros.org/tf/Errors%20explained
[WARN] [1789696269.687211654] []: TF_OLD_DATA ignoring data from the past for frame caster_right_wheel_link at time 9.457000 according to authority default_authority
Possible reasons are listed at http://wiki.ros.org/tf/Errors%20explained
[WARN] [1789696269.687226097] []: TF_OLD_DATA ignoring data from the past for frame left_wheel_link at time 9.457000 according to authority default_authority
Possible reasons are listed at http://wiki.ros.org/tf/Errors%20explained
[WARN] [1789696269.687240690] []: TF_OLD_DATA ignoring data from the past for frame right_wheel_link at time 9.457000 according to authority default_authority
Possible reasons are listed at http://wiki.ros.org/tf/Errors%20explained
[WARN] [1789696269.695980745] []: TF_OLD_DATA ignoring data from the past for frame caster_bracket_left_link at time 9.465000 according to authority default_authority
Possible reasons are listed at http://wiki.ros.org/tf/Errors%20explained
[WARN] [1789696269.696007746] []: TF_OLD_DATA ignoring data from the past for frame caster_left_wheel_link at time 9.465000 according to authority default_authority
Possible reasons are listed at http://wiki.ros.org/tf/Errors%20explained
[WARN] [1789696269.696057848] []: TF_OLD_DATA ignoring data from the past for frame caster_bracket_right_link at time 9.465000 according to authority default_authority
Possible reasons are listed at http://wiki.ros.org/tf/Errors%20explained
[WARN] [1789696269.696101177] []: TF_OLD_DATA ignoring data from the past for frame caster_right_wheel_link at time 9.465000 according to authority default_authority
Possible reasons are listed at http://wiki.ros.org/tf/Errors%20explained
[WARN] [1789696269.696119163] []: TF_OLD_DATA ignoring data from the past for frame left_wheel_link at time 9.465000 according to authority default_authority
Possible reasons are listed at http://wiki.ros.org/tf/Errors%20explained
[WARN] [1789696269.696132824] []: TF_OLD_DATA ignoring data from the past for frame right_wheel_link at time 9.465000 according to authority default_authority
Possible reasons are listed at http://wiki.ros.org/tf/Errors%20explained
[WARN] [1789696269.967413250] []: TF_OLD_DATA ignoring data from the past for frame caster_bracket_left_link at time 9.500000 according to authority default_authority
Possible reasons are listed at http://wiki.ros.org/tf/Errors%20explained
[WARN] [1789696269.967444970] []: TF_OLD_DATA ignoring data from the past for frame caster_left_wheel_link at time 9.500000 according to authority default_authority
Possible reasons are listed at http://wiki.ros.org/tf/Errors%20explained
[WARN] [1789696269.967461365] []: TF_OLD_DATA ignoring data from the past for frame caster_bracket_right_link at time 9.500000 according to authority default_authority
Possible reasons are listed at http://wiki.ros.org/tf/Errors%20explained
[WARN] [1789696269.967475989] []: TF_OLD_DATA ignoring data from the past for frame caster_right_wheel_link at time 9.500000 according to authority default_authority
Possible reasons are listed at http://wiki.ros.org/tf/Errors%20explained
[WARN] [1789696269.967491138] []: TF_OLD_DATA ignoring data from the past for frame left_wheel_link at time 9.500000 according to authority default_authority
Possible reasons are listed at http://wiki.ros.org/tf/Errors%20explained
[WARN] [1789696269.967506357] []: TF_OLD_DATA ignoring data from the past for frame right_wheel_link at time 9.500000 according to authority default_authority
Possible reasons are listed at http://wiki.ros.org/tf/Errors%20explained
[WARN] [1789696269.979551799] []: TF_OLD_DATA ignoring data from the past for frame left_wheel_link at time 9.500000 according to authority default_authority
Possible reasons are listed at http://wiki.ros.org/tf/Errors%20explained
[WARN] [1789696269.979579991] []: TF_OLD_DATA ignoring data from the past for frame right_wheel_link at time 9.500000 according to authority default_authority
Possible reasons are listed at http://wiki.ros.org/tf/Errors%20explained
[WARN] [1789696269.981267159] []: TF_OLD_DATA ignoring data from the past for frame left_wheel_link at time 9.504000 according to authority default_authority
Possible reasons are listed at http://wiki.ros.org/tf/Errors%20explained
[WARN] [1789696269.981296622] []: TF_OLD_DATA ignoring data from the past for frame right_wheel_link at time 9.504000 according to authority default_authority
Possible reasons are listed at http://wiki.ros.org/tf/Errors%20explained
[WARN] [1789696269.983372546] []: TF_OLD_DATA ignoring data from the past for frame caster_bracket_left_link at time 9.520000 according to authority default_authority
Possible reasons are listed at http://wiki.ros.org/tf/Errors%20explained
[WARN] [1789696269.983400387] []: TF_OLD_DATA ignoring data from the past for frame caster_left_wheel_link at time 9.520000 according to authority default_authority
Possible reasons are listed at http://wiki.ros.org/tf/Errors%20explained
[WARN] [1789696269.983416962] []: TF_OLD_DATA ignoring data from the past for frame caster_bracket_right_link at time 9.520000 according to authority default_authority
Possible reasons are listed at http://wiki.ros.org/tf/Errors%20explained
[WARN] [1789696269.983451409] []: TF_OLD_DATA ignoring data from the past for frame caster_right_wheel_link at time 9.520000 according to authority default_authority
Possible reasons are listed at http://wiki.ros.org/tf/Errors%20explained
[WARN] [1789696269.983467031] []: TF_OLD_DATA ignoring data from the past for frame left_wheel_link at time 9.520000 according to authority default_authority
Possible reasons are listed at http://wiki.ros.org/tf/Errors%20explained
[WARN] [1789696269.983481489] []: TF_OLD_DATA ignoring data from the past for frame right_wheel_link at time 9.520000 according to authority default_authority
Possible reasons are listed at http://wiki.ros.org/tf/Errors%20explained
[WARN] [1789696270.096814236] []: TF_OLD_DATA ignoring data from the past for frame caster_bracket_left_link at time 9.548000 according to authority default_authority
Possible reasons are listed at http://wiki.ros.org/tf/Errors%20explained
[WARN] [1789696270.096844730] []: TF_OLD_DATA ignoring data from the past for frame caster_left_wheel_link at time 9.548000 according to authority default_authority
Possible reasons are listed at http://wiki.ros.org/tf/Errors%20explained
[WARN] [1789696270.096860863] []: TF_OLD_DATA ignoring data from the past for frame caster_bracket_right_link at time 9.548000 according to authority default_authority
Possible reasons are listed at http://wiki.ros.org/tf/Errors%20explained
[WARN] [1789696270.096876140] []: TF_OLD_DATA ignoring data from the past for frame caster_right_wheel_link at time 9.548000 according to authority default_authority
Possible reasons are listed at http://wiki.ros.org/tf/Errors%20explained
[WARN] [1789696270.096891737] []: TF_OLD_DATA ignoring data from the past for frame left_wheel_link at time 9.548000 according to authority default_authority
Possible reasons are listed at http://wiki.ros.org/tf/Errors%20explained
[WARN] [1789696270.096906578] []: TF_OLD_DATA ignoring data from the past for frame right_wheel_link at time 9.548000 according to authority default_authority
Possible reasons are listed at http://wiki.ros.org/tf/Errors%20explained
[WARN] [1789696270.270492362] []: TF_OLD_DATA ignoring data from the past for frame caster_bracket_left_link at time 9.674000 according to authority default_authority
Possible reasons are listed at http://wiki.ros.org/tf/Errors%20explained
[WARN] [1789696270.270523588] []: TF_OLD_DATA ignoring data from the past for frame caster_left_wheel_link at time 9.674000 according to authority default_authority
Possible reasons are listed at http://wiki.ros.org/tf/Errors%20explained
[WARN] [1789696270.270538622] []: TF_OLD_DATA ignoring data from the past for frame caster_bracket_right_link at time 9.674000 according to authority default_authority
Possible reasons are listed at http://wiki.ros.org/tf/Errors%20explained
[WARN] [1789696270.270552459] []: TF_OLD_DATA ignoring data from the past for frame caster_right_wheel_link at time 9.674000 according to authority default_authority
Possible reasons are listed at http://wiki.ros.org/tf/Errors%20explained
[WARN] [1789696270.270567804] []: TF_OLD_DATA ignoring data from the past for frame left_wheel_link at time 9.674000 according to authority default_authority
Possible reasons are listed at http://wiki.ros.org/tf/Errors%20explained
[WARN] [1789696270.270581668] []: TF_OLD_DATA ignoring data from the past for frame right_wheel_link at time 9.674000 according to authority default_authority
Possible reasons are listed at http://wiki.ros.org/tf/Errors%20explained
[WARN] [1789696270.288183559] []: TF_OLD_DATA ignoring data from the past for frame left_wheel_link at time 9.680000 according to authority default_authority
Possible reasons are listed at http://wiki.ros.org/tf/Errors%20explained
[WARN] [1789696270.288209536] []: TF_OLD_DATA ignoring data from the past for frame right_wheel_link at time 9.680000 according to authority default_authority
Possible reasons are listed at http://wiki.ros.org/tf/Errors%20explained
[WARN] [1789696270.297834455] []: TF_OLD_DATA ignoring data from the past for frame caster_bracket_left_link at time 9.704000 according to authority default_authority
Possible reasons are listed at http://wiki.ros.org/tf/Errors%20explained
[WARN] [1789696270.297871825] []: TF_OLD_DATA ignoring data from the past for frame caster_left_wheel_link at time 9.704000 according to authority default_authority
Possible reasons are listed at http://wiki.ros.org/tf/Errors%20explained
[WARN] [1789696270.297892819] []: TF_OLD_DATA ignoring data from the past for frame caster_bracket_right_link at time 9.704000 according to authority default_authority
Possible reasons are listed at http://wiki.ros.org/tf/Errors%20explained
[WARN] [1789696270.297913727] []: TF_OLD_DATA ignoring data from the past for frame caster_right_wheel_link at time 9.704000 according to authority default_authority
Possible reasons are listed at http://wiki.ros.org/tf/Errors%20explained
[WARN] [1789696270.297934118] []: TF_OLD_DATA ignoring data from the past for frame left_wheel_link at time 9.704000 according to authority default_authority
Possible reasons are listed at http://wiki.ros.org/tf/Errors%20explained
[WARN] [1789696270.297953783] []: TF_OLD_DATA ignoring data from the past for frame right_wheel_link at time 9.704000 according to authority default_authority
Possible reasons are listed at http://wiki.ros.org/tf/Errors%20explained
[WARN] [1789696270.299379236] [nino_rl_interface]: Gazebo accepted pause but /clock is still advancing; retry 1/3
[WARN] [1789696270.299731707] []: TF_OLD_DATA ignoring data from the past for frame left_wheel_link at time 9.689000 according to authority default_authority
Possible reasons are listed at http://wiki.ros.org/tf/Errors%20explained
[WARN] [1789696270.299755668] []: TF_OLD_DATA ignoring data from the past for frame right_wheel_link at time 9.689000 according to authority default_authority
Possible reasons are listed at http://wiki.ros.org/tf/Errors%20explained
[WARN] [1789696270.303570176] []: TF_OLD_DATA ignoring data from the past for frame caster_bracket_left_link at time 9.708000 according to authority default_authority
Possible reasons are listed at http://wiki.ros.org/tf/Errors%20explained
[WARN] [1789696270.303593222] []: TF_OLD_DATA ignoring data from the past for frame caster_left_wheel_link at time 9.708000 according to authority default_authority
Possible reasons are listed at http://wiki.ros.org/tf/Errors%20explained
[WARN] [1789696270.303608139] []: TF_OLD_DATA ignoring data from the past for frame caster_bracket_right_link at time 9.708000 according to authority default_authority
Possible reasons are listed at http://wiki.ros.org/tf/Errors%20explained
[WARN] [1789696270.303620636] []: TF_OLD_DATA ignoring data from the past for frame caster_right_wheel_link at time 9.708000 according to authority default_authority
Possible reasons are listed at http://wiki.ros.org/tf/Errors%20explained
[WARN] [1789696270.303632665] []: TF_OLD_DATA ignoring data from the past for frame left_wheel_link at time 9.708000 according to authority default_authority
Possible reasons are listed at http://wiki.ros.org/tf/Errors%20explained
[WARN] [1789696270.303645732] []: TF_OLD_DATA ignoring data from the past for frame right_wheel_link at time 9.708000 according to authority default_authority
Possible reasons are listed at http://wiki.ros.org/tf/Errors%20explained
[WARN] [1789696270.312097266] []: TF_OLD_DATA ignoring data from the past for frame caster_bracket_left_link at time 9.725000 according to authority default_authority
Possible reasons are listed at http://wiki.ros.org/tf/Errors%20explained
[WARN] [1789696270.312122144] []: TF_OLD_DATA ignoring data from the past for frame caster_left_wheel_link at time 9.725000 according to authority default_authority
Possible reasons are listed at http://wiki.ros.org/tf/Errors%20explained
[WARN] [1789696270.312135276] []: TF_OLD_DATA ignoring data from the past for frame caster_bracket_right_link at time 9.725000 according to authority default_authority
Possible reasons are listed at http://wiki.ros.org/tf/Errors%20explained
[WARN] [1789696270.312170297] []: TF_OLD_DATA ignoring data from the past for frame caster_right_wheel_link at time 9.725000 according to authority default_authority
Possible reasons are listed at http://wiki.ros.org/tf/Errors%20explained
[WARN] [1789696270.312182089] []: TF_OLD_DATA ignoring data from the past for frame left_wheel_link at time 9.725000 according to authority default_authority
Possible reasons are listed at http://wiki.ros.org/tf/Errors%20explained
[WARN] [1789696270.312193220] []: TF_OLD_DATA ignoring data from the past for frame right_wheel_link at time 9.725000 according to authority default_authority
Possible reasons are listed at http://wiki.ros.org/tf/Errors%20explained
[WARN] [1789696270.316116208] []: TF_OLD_DATA ignoring data from the past for frame caster_bracket_left_link at time 9.733000 according to authority default_authority
Possible reasons are listed at http://wiki.ros.org/tf/Errors%20explained
[WARN] [1789696270.316141847] []: TF_OLD_DATA ignoring data from the past for frame caster_left_wheel_link at time 9.733000 according to authority default_authority
Possible reasons are listed at http://wiki.ros.org/tf/Errors%20explained
[WARN] [1789696270.316164100] []: TF_OLD_DATA ignoring data from the past for frame caster_bracket_right_link at time 9.733000 according to authority default_authority
Possible reasons are listed at http://wiki.ros.org/tf/Errors%20explained
[WARN] [1789696270.316178008] []: TF_OLD_DATA ignoring data from the past for frame caster_right_wheel_link at time 9.733000 according to authority default_authority
Possible reasons are listed at http://wiki.ros.org/tf/Errors%20explained
[WARN] [1789696270.316190366] []: TF_OLD_DATA ignoring data from the past for frame left_wheel_link at time 9.733000 according to authority default_authority
Possible reasons are listed at http://wiki.ros.org/tf/Errors%20explained
[WARN] [1789696270.316202492] []: TF_OLD_DATA ignoring data from the past for frame right_wheel_link at time 9.733000 according to authority default_authority
Possible reasons are listed at http://wiki.ros.org/tf/Errors%20explained
[WARN] [1789696270.316862231] [nino_rl_interface]: Gazebo accepted pause but /clock is still advancing; retry 2/3
[WARN] [1789696270.327617080] []: TF_OLD_DATA ignoring data from the past for frame caster_bracket_left_link at time 9.779000 according to authority default_authority
Possible reasons are listed at http://wiki.ros.org/tf/Errors%20explained
[WARN] [1789696270.327638689] []: TF_OLD_DATA ignoring data from the past for frame caster_left_wheel_link at time 9.779000 according to authority default_authority
Possible reasons are listed at http://wiki.ros.org/tf/Errors%20explained
[WARN] [1789696270.327650935] []: TF_OLD_DATA ignoring data from the past for frame caster_bracket_right_link at time 9.779000 according to authority default_authority
Possible reasons are listed at http://wiki.ros.org/tf/Errors%20explained
[WARN] [1789696270.327662568] []: TF_OLD_DATA ignoring data from the past for frame caster_right_wheel_link at time 9.779000 according to authority default_authority
Possible reasons are listed at http://wiki.ros.org/tf/Errors%20explained
[WARN] [1789696270.327674349] []: TF_OLD_DATA ignoring data from the past for frame left_wheel_link at time 9.779000 according to authority default_authority
Possible reasons are listed at http://wiki.ros.org/tf/Errors%20explained
[WARN] [1789696270.327685278] []: TF_OLD_DATA ignoring data from the past for frame right_wheel_link at time 9.779000 according to authority default_authority
Possible reasons are listed at http://wiki.ros.org/tf/Errors%20explained
[WARN] [1789696270.330984453] []: TF_OLD_DATA ignoring data from the past for frame caster_bracket_left_link at time 9.781000 according to authority default_authority
Possible reasons are listed at http://wiki.ros.org/tf/Errors%20explained
[WARN] [1789696270.331006035] []: TF_OLD_DATA ignoring data from the past for frame caster_left_wheel_link at time 9.781000 according to authority default_authority
Possible reasons are listed at http://wiki.ros.org/tf/Errors%20explained
[WARN] [1789696270.331036536] []: TF_OLD_DATA ignoring data from the past for frame caster_bracket_right_link at time 9.781000 according to authority default_authority
Possible reasons are listed at http://wiki.ros.org/tf/Errors%20explained
[WARN] [1789696270.331049787] []: TF_OLD_DATA ignoring data from the past for frame caster_right_wheel_link at time 9.781000 according to authority default_authority
Possible reasons are listed at http://wiki.ros.org/tf/Errors%20explained
[WARN] [1789696270.331063564] []: TF_OLD_DATA ignoring data from the past for frame left_wheel_link at time 9.781000 according to authority default_authority
Possible reasons are listed at http://wiki.ros.org/tf/Errors%20explained
[WARN] [1789696270.331075685] []: TF_OLD_DATA ignoring data from the past for frame right_wheel_link at time 9.781000 according to authority default_authority
Possible reasons are listed at http://wiki.ros.org/tf/Errors%20explained
[WARN] [1789696270.332712013] [nino_rl_interface]: Gazebo accepted pause but /clock is still advancing; retry 3/3
[WARN] [1789696270.340847129] []: TF_OLD_DATA ignoring data from the past for frame caster_bracket_left_link at time 9.806000 according to authority default_authority
Possible reasons are listed at http://wiki.ros.org/tf/Errors%20explained
[WARN] [1789696270.340873963] []: TF_OLD_DATA ignoring data from the past for frame caster_left_wheel_link at time 9.806000 according to authority default_authority
Possible reasons are listed at http://wiki.ros.org/tf/Errors%20explained
[WARN] [1789696270.340888925] []: TF_OLD_DATA ignoring data from the past for frame caster_bracket_right_link at time 9.806000 according to authority default_authority
Possible reasons are listed at http://wiki.ros.org/tf/Errors%20explained
[WARN] [1789696270.340903188] []: TF_OLD_DATA ignoring data from the past for frame caster_right_wheel_link at time 9.806000 according to authority default_authority
Possible reasons are listed at http://wiki.ros.org/tf/Errors%20explained
[WARN] [1789696270.340917694] []: TF_OLD_DATA ignoring data from the past for frame left_wheel_link at time 9.806000 according to authority default_authority
Possible reasons are listed at http://wiki.ros.org/tf/Errors%20explained
[WARN] [1789696270.340930280] []: TF_OLD_DATA ignoring data from the past for frame right_wheel_link at time 9.806000 according to authority default_authority
Possible reasons are listed at http://wiki.ros.org/tf/Errors%20explained
[WARN] [1789696270.370634525] []: TF_OLD_DATA ignoring data from the past for frame caster_bracket_left_link at time 9.877000 according to authority default_authority
Possible reasons are listed at http://wiki.ros.org/tf/Errors%20explained
[WARN] [1789696270.370670597] []: TF_OLD_DATA ignoring data from the past for frame caster_left_wheel_link at time 9.877000 according to authority default_authority
Possible reasons are listed at http://wiki.ros.org/tf/Errors%20explained
[WARN] [1789696270.370694768] []: TF_OLD_DATA ignoring data from the past for frame caster_bracket_right_link at time 9.877000 according to authority default_authority
Possible reasons are listed at http://wiki.ros.org/tf/Errors%20explained
[WARN] [1789696270.370716077] []: TF_OLD_DATA ignoring data from the past for frame caster_right_wheel_link at time 9.877000 according to authority default_authority
Possible reasons are listed at http://wiki.ros.org/tf/Errors%20explained
[WARN] [1789696270.370737038] []: TF_OLD_DATA ignoring data from the past for frame left_wheel_link at time 9.877000 according to authority default_authority
Possible reasons are listed at http://wiki.ros.org/tf/Errors%20explained
[WARN] [1789696270.370757383] []: TF_OLD_DATA ignoring data from the past for frame right_wheel_link at time 9.877000 according to authority default_authority
Possible reasons are listed at http://wiki.ros.org/tf/Errors%20explained
[WARN] [1789696270.375521629] []: TF_OLD_DATA ignoring data from the past for frame left_wheel_link at time 9.877000 according to authority default_authority
Possible reasons are listed at http://wiki.ros.org/tf/Errors%20explained
[WARN] [1789696270.375566836] []: TF_OLD_DATA ignoring data from the past for frame right_wheel_link at time 9.877000 according to authority default_authority
Possible reasons are listed at http://wiki.ros.org/tf/Errors%20explained
[WARN] [1789696270.381666762] []: TF_OLD_DATA ignoring data from the past for frame caster_bracket_left_link at time 9.895000 according to authority default_authority
Possible reasons are listed at http://wiki.ros.org/tf/Errors%20explained
[WARN] [1789696270.381690109] []: TF_OLD_DATA ignoring data from the past for frame caster_left_wheel_link at time 9.895000 according to authority default_authority
Possible reasons are listed at http://wiki.ros.org/tf/Errors%20explained
[WARN] [1789696270.381704126] []: TF_OLD_DATA ignoring data from the past for frame caster_bracket_right_link at time 9.895000 according to authority default_authority
Possible reasons are listed at http://wiki.ros.org/tf/Errors%20explained
[WARN] [1789696270.381717992] []: TF_OLD_DATA ignoring data from the past for frame caster_right_wheel_link at time 9.895000 according to authority default_authority
Possible reasons are listed at http://wiki.ros.org/tf/Errors%20explained
[WARN] [1789696270.381730738] []: TF_OLD_DATA ignoring data from the past for frame left_wheel_link at time 9.895000 according to authority default_authority
Possible reasons are listed at http://wiki.ros.org/tf/Errors%20explained
[WARN] [1789696270.381744626] []: TF_OLD_DATA ignoring data from the past for frame right_wheel_link at time 9.895000 according to authority default_authority
Possible reasons are listed at http://wiki.ros.org/tf/Errors%20explained
[WARN] [1789696270.395519737] []: TF_OLD_DATA ignoring data from the past for frame caster_bracket_left_link at time 9.921000 according to authority default_authority
Possible reasons are listed at http://wiki.ros.org/tf/Errors%20explained
[WARN] [1789696270.395545748] []: TF_OLD_DATA ignoring data from the past for frame caster_left_wheel_link at time 9.921000 according to authority default_authority
Possible reasons are listed at http://wiki.ros.org/tf/Errors%20explained
[WARN] [1789696270.395559821] []: TF_OLD_DATA ignoring data from the past for frame caster_bracket_right_link at time 9.921000 according to authority default_authority
Possible reasons are listed at http://wiki.ros.org/tf/Errors%20explained
[WARN] [1789696270.395590722] []: TF_OLD_DATA ignoring data from the past for frame caster_right_wheel_link at time 9.921000 according to authority default_authority
Possible reasons are listed at http://wiki.ros.org/tf/Errors%20explained
[WARN] [1789696270.395604840] []: TF_OLD_DATA ignoring data from the past for frame left_wheel_link at time 9.921000 according to authority default_authority
Possible reasons are listed at http://wiki.ros.org/tf/Errors%20explained
[WARN] [1789696270.395619185] []: TF_OLD_DATA ignoring data from the past for frame right_wheel_link at time 9.921000 according to authority default_authority
Possible reasons are listed at http://wiki.ros.org/tf/Errors%20explained
[WARN] [1789696270.399351708] []: TF_OLD_DATA ignoring data from the past for frame left_wheel_link at time 9.912000 according to authority default_authority
Possible reasons are listed at http://wiki.ros.org/tf/Errors%20explained
[WARN] [1789696270.399373935] []: TF_OLD_DATA ignoring data from the past for frame right_wheel_link at time 9.912000 according to authority default_authority
Possible reasons are listed at http://wiki.ros.org/tf/Errors%20explained
[WARN] [1789696270.421358066] []: TF_OLD_DATA ignoring data from the past for frame caster_bracket_left_link at time 9.961000 according to authority default_authority
Possible reasons are listed at http://wiki.ros.org/tf/Errors%20explained
[WARN] [1789696270.421391030] []: TF_OLD_DATA ignoring data from the past for frame caster_left_wheel_link at time 9.961000 according to authority default_authority
Possible reasons are listed at http://wiki.ros.org/tf/Errors%20explained
[WARN] [1789696270.421447319] []: TF_OLD_DATA ignoring data from the past for frame caster_bracket_right_link at time 9.961000 according to authority default_authority
Possible reasons are listed at http://wiki.ros.org/tf/Errors%20explained
[WARN] [1789696270.421473578] []: TF_OLD_DATA ignoring data from the past for frame caster_right_wheel_link at time 9.961000 according to authority default_authority
Possible reasons are listed at http://wiki.ros.org/tf/Errors%20explained
[WARN] [1789696270.421497924] []: TF_OLD_DATA ignoring data from the past for frame left_wheel_link at time 9.961000 according to authority default_authority
Possible reasons are listed at http://wiki.ros.org/tf/Errors%20explained
[WARN] [1789696270.421522640] []: TF_OLD_DATA ignoring data from the past for frame right_wheel_link at time 9.961000 according to authority default_authority
Possible reasons are listed at http://wiki.ros.org/tf/Errors%20explained
Saved /home/tuanmac/ninorobot/rl_runs/20260918-081253-287582/nino_ppo_interrupted.zip; unfinished rollout is discarded on resume.
Traceback (most recent call last):
  File "/home/tuanmac/ninorobot/build/nino_rl/nino_rl/ros_interface.py", line 633, in set_world_paused
    self.wait_for_clock_quiescence(
  File "/home/tuanmac/ninorobot/build/nino_rl/nino_rl/ros_interface.py", line 447, in wait_for_clock_quiescence
    return wait_for_quiescent_timestamp(
           ^^^^^^^^^^^^^^^^^^^^^^^^^^^^^
  File "/home/tuanmac/ninorobot/build/nino_rl/nino_rl/timing.py", line 16, in wait_for_quiescent_timestamp
    raise RuntimeError("Timestamp moved backwards while draining callbacks")
RuntimeError: Timestamp moved backwards while draining callbacks

The above exception was the direct cause of the following exception:

Traceback (most recent call last):
  File "/home/tuanmac/ninorobot/install/nino_rl/lib/nino_rl/train", line 33, in <module>
    sys.exit(load_entry_point('nino-rl', 'console_scripts', 'train')())
             ^^^^^^^^^^^^^^^^^^^^^^^^^^^^^^^^^^^^^^^^^^^^^^^^^^^^^^^^^
  File "/home/tuanmac/ninorobot/build/nino_rl/nino_rl/train.py", line 205, in main
    model.learn(
  File "/home/tuanmac/ninorobot/.venv/lib/python3.12/site-packages/stable_baselines3/ppo/ppo.py", line 311, in learn
    return super().learn(
           ^^^^^^^^^^^^^^
  File "/home/tuanmac/ninorobot/.venv/lib/python3.12/site-packages/stable_baselines3/common/on_policy_algorithm.py", line 324, in learn
    continue_training = self.collect_rollouts(self.env, callback, self.rollout_buffer, n_rollout_steps=self.n_steps)
                        ^^^^^^^^^^^^^^^^^^^^^^^^^^^^^^^^^^^^^^^^^^^^^^^^^^^^^^^^^^^^^^^^^^^^^^^^^^^^^^^^^^^^^^^^^^^^
  File "/home/tuanmac/ninorobot/.venv/lib/python3.12/site-packages/stable_baselines3/common/on_policy_algorithm.py", line 218, in collect_rollouts
    new_obs, rewards, dones, infos = env.step(clipped_actions)
                                     ^^^^^^^^^^^^^^^^^^^^^^^^^
  File "/home/tuanmac/ninorobot/.venv/lib/python3.12/site-packages/stable_baselines3/common/vec_env/base_vec_env.py", line 222, in step
    return self.step_wait()
           ^^^^^^^^^^^^^^^^
  File "/home/tuanmac/ninorobot/.venv/lib/python3.12/site-packages/stable_baselines3/common/vec_env/dummy_vec_env.py", line 71, in step_wait
    obs, self.reset_infos[env_idx] = self.envs[env_idx].reset()
                                     ^^^^^^^^^^^^^^^^^^^^^^^^^^
  File "/home/tuanmac/ninorobot/.venv/lib/python3.12/site-packages/stable_baselines3/common/monitor.py", line 85, in reset
    return self.env.reset(**kwargs)
           ^^^^^^^^^^^^^^^^^^^^^^^^
  File "/home/tuanmac/ninorobot/build/nino_rl/nino_rl/ros_env.py", line 443, in reset
    self.ros.set_world_paused(
  File "/home/tuanmac/ninorobot/build/nino_rl/nino_rl/ros_interface.py", line 650, in set_world_paused
    raise RuntimeError(
RuntimeError: Could not establish Gazebo paused=True after 3 idempotent attempts
[ros2run]: Process exited with failure 1
CUDA ready: NVIDIA GeForce RTX 4080
Running mandatory 12-point straight-line RL preflight...
PASS: 1 robot spawned; sensor graph has one isolated clock
PASS: 2 both wheel joints rotate under bounded v2 residual torque
PASS: 3 IMU publishes finite orientation, gyro, and acceleration
PASS: 4 left/right joint states are valid
PASS: 5 wheel odometry is valid
PASS: 6 laser scan is valid
PASS: 7 odom TF tree to base, sensors, and wheels is valid
PASS: 8 direct straight command has a controller subscriber
PASS: 9 fixed straight start and goal are configured
PASS: 10 angular velocity is fixed to zero; Nav2 is not required
PASS: 11 direct straight reference is observable by RL
PASS: 12 RL residual and lockstep interfaces physically control the world
Wrapping the env in a DummyVecEnv.
Bắt đầu train trên cuda; kết quả: /home/tuanmac/ninorobot/rl_runs/20260918-124849-928588
Logging to /home/tuanmac/ninorobot/rl_runs/20260918-124849-928588/tensorboard/PPO_0
[WARN] [1789710559.062814523] [nino_rl_interface]: EPISODE END: success | t=15.40s | heading_err=2.2deg | lateral=0.61m | v=0.00m/s | reference_valid=True | lidar_min=1.58m | roll=-0.0deg | pitch=-0.0deg
[WARN] [1789710584.171438602] [nino_rl_interface]: EPISODE END: success | t=14.40s | heading_err=16.6deg | lateral=-0.79m | v=0.40m/s | reference_valid=True | lidar_min=0.87m | roll=0.0deg | pitch=-0.0deg
[WARN] [1789710608.896882540] [nino_rl_interface]: EPISODE END: success | t=18.10s | heading_err=-4.5deg | lateral=-0.09m | v=0.13m/s | reference_valid=True | lidar_min=1.62m | roll=-0.0deg | pitch=-0.0deg
[WARN] [1789710632.756311870] [nino_rl_interface]: EPISODE END: success | t=15.10s | heading_err=11.3deg | lateral=0.34m | v=0.20m/s | reference_valid=True | lidar_min=1.70m | roll=-0.0deg | pitch=-0.0deg
[WARN] [1789710660.531122580] [nino_rl_interface]: EPISODE END: success | t=17.00s | heading_err=34.1deg | lateral=0.12m | v=0.12m/s | reference_valid=True | lidar_min=1.39m | roll=-0.0deg | pitch=-0.0deg
[WARN] [1789710683.003915680] [nino_rl_interface]: EPISODE END: success | t=15.80s | heading_err=28.8deg | lateral=0.16m | v=0.16m/s | reference_valid=True | lidar_min=1.71m | roll=-0.0deg | pitch=-0.0deg
[WARN] [1789710705.596436862] [nino_rl_interface]: EPISODE END: success | t=15.40s | heading_err=14.6deg | lateral=-0.41m | v=0.20m/s | reference_valid=True | lidar_min=1.06m | roll=-0.0deg | pitch=-0.0deg
[WARN] [1789710730.884858425] [nino_rl_interface]: EPISODE END: success | t=15.50s | heading_err=-2.0deg | lateral=0.27m | v=0.19m/s | reference_valid=True | lidar_min=1.57m | roll=-0.0deg | pitch=-0.0deg
[WARN] [1789710754.682061470] [nino_rl_interface]: EPISODE END: success | t=16.80s | heading_err=-4.7deg | lateral=-0.04m | v=0.07m/s | reference_valid=True | lidar_min=1.36m | roll=0.0deg | pitch=-0.0deg
[WARN] [1789710779.452852556] [nino_rl_interface]: EPISODE END: success | t=15.40s | heading_err=8.6deg | lateral=0.18m | v=-0.01m/s | reference_valid=True | lidar_min=1.44m | roll=0.0deg | pitch=-0.0deg
[WARN] [1789710801.791265076] [nino_rl_interface]: EPISODE END: success | t=15.70s | heading_err=17.5deg | lateral=0.25m | v=0.05m/s | reference_valid=True | lidar_min=1.55m | roll=-0.0deg | pitch=-0.0deg
[WARN] [1789710822.651978094] [nino_rl_interface]: EPISODE END: success | t=15.40s | heading_err=24.8deg | lateral=0.13m | v=0.36m/s | reference_valid=True | lidar_min=1.88m | roll=0.0deg | pitch=-0.0deg
--------------------------------------------------
| episode/                           |           |
|    adaptive_terrain_features       | 5.5       |
|    endpoint_distance_m             | 0.283     |
|    final_progress_fraction         | 1         |
|    finished_within_target_time     | 0.0833    |
|    heading_rmse_deg                | 10.5      |
|    max_path_deviation_m            | 0.43      |
|    max_tilt_deg                    | 6.61      |
|    mean_abs_lateral_error_m        | 0.18      |
|    mean_imu_angular_xy_rad_s       | 0.0327    |
|    next_adaptive_terrain_features  | 6.5       |
|    path_p95_m                      | 0.411     |
|    path_rmse_m                     | 0.23      |
|    peak_vertical_acceleration_m_s2 | 12.4      |
|    rms_path_deviation_m            | 0.228     |
|    rms_vertical_acceleration_m_s2  | 1.13      |
|    rms_wheel_slip                  | 0.119     |
|    rms_wheel_torque_nm             | 0.409     |
|    success                         | 1         |
|    time_seconds                    | 15.8      |
|    wrong_direction_failure         | 0         |
| reward_terms/                      |           |
|    attitude                        | 0         |
|    body_rate                       | -0.00127  |
|    effort                          | -0.000267 |
|    goal_braking                    | -0.0164   |
|    heading                         | -2.26     |
|    impact                          | -0.00996  |
|    lateral                         | -13.7     |
|    progress                        | 0.41      |
|    residual_effort                 | -0.000613 |
|    saturation                      | 0         |
|    slip                            | -0.0314   |
|    smoothness                      | -0.00713  |
|    stall                           | 0         |
|    success_heading                 | -0.0665   |
|    success_position                | -0.0943   |
|    terminal                        | 0.586     |
|    time                            | -0.01     |
|    torque_rate                     | -0.000157 |
|    velocity                        | -0.00594  |
|    yaw_tracking                    | -0.0247   |
| rollout/                           |           |
|    ep_len_mean                     | 183       |
|    ep_rew_mean                     | -2.57e+03 |
| time/                              |           |
|    fps                             | 6         |
|    iterations                      | 1         |
|    time_elapsed                    | 304       |
|    total_timesteps                 | 78658     |
--------------------------------------------------
[WARN] [1789710861.147149248] [nino_rl_interface]: EPISODE END: success | t=15.90s | heading_err=-2.3deg | lateral=-0.27m | v=0.10m/s | reference_valid=True | lidar_min=1.29m | roll=0.0deg | pitch=-0.0deg
[WARN] [1789710887.354594354] [nino_rl_interface]: EPISODE END: success | t=16.30s | heading_err=23.8deg | lateral=0.16m | v=0.08m/s | reference_valid=True | lidar_min=1.69m | roll=0.0deg | pitch=-0.0deg
[WARN] [1789710909.241093243] [nino_rl_interface]: EPISODE END: success | t=14.70s | heading_err=-30.6deg | lateral=1.15m | v=0.32m/s | reference_valid=True | lidar_min=0.34m | roll=-0.0deg | pitch=0.0deg
[WARN] [1789710929.073483278] [nino_rl_interface]: EPISODE END: success | t=13.90s | heading_err=3.6deg | lateral=-0.72m | v=0.34m/s | reference_valid=True | lidar_min=1.05m | roll=0.0deg | pitch=-0.0deg
[WARN] [1789710953.795090439] [nino_rl_interface]: EPISODE END: success | t=18.40s | heading_err=7.0deg | lateral=0.15m | v=0.10m/s | reference_valid=True | lidar_min=1.47m | roll=0.0deg | pitch=-0.0deg
[WARN] [1789710976.955290569] [nino_rl_interface]: EPISODE END: success | t=15.10s | heading_err=20.0deg | lateral=-0.67m | v=0.30m/s | reference_valid=True | lidar_min=0.98m | roll=-0.0deg | pitch=-0.0deg
[WARN] [1789710995.763805671] [nino_rl_interface]: EPISODE END: success | t=14.70s | heading_err=1.5deg | lateral=-0.75m | v=0.42m/s | reference_valid=True | lidar_min=1.10m | roll=0.0deg | pitch=-0.0deg
[WARN] [1789711017.928266015] [nino_rl_interface]: EPISODE END: success | t=15.00s | heading_err=-15.0deg | lateral=-0.29m | v=0.22m/s | reference_valid=True | lidar_min=1.12m | roll=0.0deg | pitch=-0.0deg
[WARN] [1789711045.240037448] [nino_rl_interface]: EPISODE END: success | t=16.50s | heading_err=-1.5deg | lateral=-0.16m | v=0.12m/s | reference_valid=True | lidar_min=1.25m | roll=-0.0deg | pitch=-0.0deg
[WARN] [1789711067.699862727] [nino_rl_interface]: EPISODE END: success | t=15.10s | heading_err=-4.3deg | lateral=-0.33m | v=0.35m/s | reference_valid=True | lidar_min=1.51m | roll=-0.0deg | pitch=-0.0deg
[WARN] [1789711084.734697580] [nino_rl_interface]: EPISODE END: collision | t=10.90s | heading_err=31.1deg | lateral=-0.59m | v=0.07m/s | reference_valid=True | lidar_min=0.21m | roll=-0.0deg | pitch=-0.1deg
[WARN] [1789711104.184769173] [nino_rl_interface]: EPISODE END: success | t=16.60s | heading_err=-4.5deg | lateral=-0.28m | v=0.15m/s | reference_valid=True | lidar_min=1.43m | roll=0.0deg | pitch=-0.0deg
[WARN] [1789711129.261493958] [nino_rl_interface]: EPISODE END: success | t=17.50s | heading_err=5.0deg | lateral=-0.08m | v=0.06m/s | reference_valid=True | lidar_min=1.14m | roll=-0.0deg | pitch=-0.0deg
